USE cxc55311;

INSERT INTO User(UserName, FirstName, LastName, Email, ContactNumber, Password)
VALUES ('Nija_Tareva60', 'Nija', 'Tareva', 'NijaTareva40@hmail.ca', '514-133-9828', 'pavilion470'),
('Ninamarie_Dyann91', 'Ninamarie', 'Dyann', 'NinamarieDyann21@coldmail.com', '514-446-9012', 'mountain745'),
('Simeon_Jeremie25', 'Simeon', 'Jeremie', 'SimeonJeremie94@hmail.ca', '438-070-5008', 'sorrow569'),
('Seaton_Kristyann08', 'Seaton', 'Kristyann', 'SeatonKristyann23@hmail.ca', '450-786-1563', 'procedure720'),
('Rubina_Ark08', 'Rubina', 'Ark', 'RubinaArk08@coldmail.com', '450-982-1319', 'chipmunk648'),
('Breann_Jessicamarie79', 'Breann', 'Jessicamarie', 'BreannJessicamarie35@hmail.ca', '438-134-4745', 'weird335'),
('Derrian_Dessirae91', 'Derrian', 'Dessirae', 'DerrianDessirae81@hmail.ca', '514-391-1150', 'monotheism307'),
('Ardith_Reynolds04', 'Ardith', 'Reynolds', 'ArdithReynolds28@hmail.ca', '438-768-2296', 'son468'),
('Toriano_Andromeda14', 'Toriano', 'Andromeda', 'TorianoAndromeda31@hmail.ca', '514-036-6502', 'phenomenon533'),
('Kindall_Carroll37', 'Kindall', 'Carroll', 'KindallCarroll78@coldmail.com', '450-829-5086', 'mailing733'),
('Marke_Billie63', 'Marke', 'Billie', 'MarkeBillie24@coldmail.com', '450-755-2433', 'sale794'),
('Ciana_Kelleigh91', 'Ciana', 'Kelleigh', 'CianaKelleigh01@coldmail.com', '514-084-1068', 'efficacy431'),
('Darci_Denean61', 'Darci', 'Denean', 'DarciDenean98@hmail.ca', '438-780-6936', 'riding526'),
('Tory_Kindra24', 'Tory', 'Kindra', 'ToryKindra88@hmail.ca', '450-869-0183', 'variable638'),
('Oneida_Karmesha16', 'Oneida', 'Karmesha', 'OneidaKarmesha85@coldmail.com', '514-080-7405', 'baboon187'),
('Juvencio_Jerode97', 'Juvencio', 'Jerode', 'JuvencioJerode09@hmail.ca', '438-309-2457', 'statue920'),
('Shirah_Robynne72', 'Shirah', 'Robynne', 'ShirahRobynne70@coldmail.com', '514-133-9828', 'mini951'),
('Barkley_Jenefer52', 'Barkley', 'Jenefer', 'BarkleyJenefer85@hmail.ca', '450-215-8692', 'communion708'),
('Nachole_Yusuke97', 'Nachole', 'Yusuke', 'NacholeYusuke94@coldmail.com', '514-446-9012', 'kid399'),
('Deondrae_Tarique56', 'Deondrae', 'Tarique', 'DeondraeTarique73@coldmail.com', '514-898-6214', 'mRNA290'),
('Chimera_Jerald74', 'Chimera', 'Jerald', 'ChimeraJerald65@hmail.ca', '450-650-6556', 'species860'),
('Shenetra_Hadiyah20', 'Shenetra', 'Hadiyah', 'ShenetraHadiyah06@coldmail.com', '438-045-7517', 'confectionery955'),
('Valicia_Trecia23', 'Valicia', 'Trecia', 'ValiciaTrecia52@coldmail.com', '438-853-1632', 'native604'),
('Ruthanna_Katheryne61', 'Ruthanna', 'Katheryne', 'RuthannaKatheryne15@hmail.ca', '514-727-0314', 'toot455'),
('Sherrina_Sherissa77', 'Sherrina', 'Sherissa', 'SherrinaSherissa65@coldmail.com', '514-786-9336', 'mind439'),
('Shaterra_Antwon42', 'Shaterra', 'Antwon', 'ShaterraAntwon15@hmail.ca', '438-045-7517', 'profit538'),
('Shamella_Eddrick95', 'Shamella', 'Eddrick', 'ShamellaEddrick56@coldmail.com', '514-406-5576', 'proposition521'),
('Mickel_Jenae47', 'Mickel', 'Jenae', 'MickelJenae22@hmail.ca', '438-928-9596', 'oboe812'),
('Laquista_Catlyn55', 'Laquista', 'Catlyn', 'LaquistaCatlyn71@hmail.ca', '438-156-7926', 'craw644'),
('Ladd_Shekela35', 'Ladd', 'Shekela', 'LaddShekela54@coldmail.com', '438-842-1938', 'ruler518'),
('Shatara_Lapria05', 'Shatara', 'Lapria', 'ShataraLapria59@hmail.ca', '514-036-6502', 'concern252'),
('Teanna_Hoyt50', 'Teanna', 'Hoyt', 'TeannaHoyt80@coldmail.com', '514-033-1342', 'executor115'),
('Eliot_Calem33', 'Eliot', 'Calem', 'EliotCalem34@coldmail.com', '450-982-1319', 'carol388'),
('Dmario_Andray36', 'Dmario', 'Andray', 'DmarioAndray43@hmail.ca', '450-932-4804', 'brake018'),
('Lynard_Patrece01', 'Lynard', 'Patrece', 'LynardPatrece91@hmail.ca', '450-982-1319', 'strategy094'),
('Akela_Aaran81', 'Akela', 'Aaran', 'AkelaAaran54@hmail.ca', '514-295-0538', 'populist690'),
('Jimy_Jerame98', 'Jimy', 'Jerame', 'JimyJerame01@coldmail.com', '438-300-8511', 'birdhouse566'),
('Angell_Lakshmi24', 'Angell', 'Lakshmi', 'AngellLakshmi80@hmail.ca', '514-327-6213', 'shame200'),
('Zalmen_Ennifer94', 'Zalmen', 'Ennifer', 'ZalmenEnnifer99@coldmail.com', '450-087-9191', 'inventory846'),
('Cimarron_Lagina73', 'Cimarron', 'Lagina', 'CimarronLagina77@coldmail.com', '438-070-5008', 'tenement455'),
('Tarra_Oralia08', 'Tarra', 'Oralia', 'TarraOralia32@hmail.ca', '514-080-7405', 'grammar133'),
('Erinne_Joanne19', 'Erinne', 'Joanne', 'ErinneJoanne91@coldmail.com', '514-084-1068', 'counter-force890'),
('Dontaye_Metta24', 'Dontaye', 'Metta', 'DontayeMetta11@coldmail.com', '438-075-7434', 'rainmaker277'),
('Juanjose_Roslynn58', 'Juanjose', 'Roslynn', 'JuanjoseRoslynn16@coldmail.com', '450-659-6165', 'vinyl626'),
('Colbi_Lakiya13', 'Colbi', 'Lakiya', 'ColbiLakiya31@coldmail.com', '438-045-7517', 'thaw640'),
('Breland_Jerramie04', 'Breland', 'Jerramie', 'BrelandJerramie38@coldmail.com', '514-538-5742', 'bait201'),
('Shela_Jahmal73', 'Shela', 'Jahmal', 'ShelaJahmal12@hmail.ca', '450-932-4804', 'curriculum600'),
('Shalise_Charlton22', 'Shalise', 'Charlton', 'ShaliseCharlton30@coldmail.com', '438-798-9078', 'ham014'),
('Vanassa_Marcee94', 'Vanassa', 'Marcee', 'VanassaMarcee51@hmail.ca', '514-290-4510', 'salt479'),
('Stalin_Ysenia84', 'Stalin', 'Ysenia', 'StalinYsenia75@coldmail.com', '514-300-1180', 'accountant385'),

INSERT INTO Employer(UserName, EmployerName, Category, Balance)
VALUES ('Nija_Tareva60', 'Acme Brick Company', 'gold', '268.55'),
('Ninamarie_Dyann91', 'Netobill', 'gold', '169.52'),
('Simeon_Jeremie25', 'Midway Games', 'gold', '216.56'),
('Seaton_Kristyann08', 'Memorex', 'gold', '228.72'),
('Rubina_Ark08', 'Marshall Pottery', 'gold', '247.97'),
('Breann_Jessicamarie79', 'Shirokiya', 'prime', '182.83'),
('Derrian_Dessirae91', 'Integra Wealth Planners', 'prime', '-41.94'),
('Ardith_Reynolds04', 'Amtrak (National Railroad Passenger Corporation)', 'prime', '213.21'),
('Toriano_Andromeda14', 'Total Network Development', 'prime', '171.5'),
('Kindall_Carroll37', 'Access Asia', 'prime', '145.84'),

INSERT INTO Applicant(UserName, Category, Balance)
VALUES ('Marke_Billie63', 'prime', '282.96'),
('Ciana_Kelleigh91', 'basic', '10.33'),
('Darci_Denean61', 'prime', '288.98'),
('Tory_Kindra24', 'prime', '147.25'),
('Oneida_Karmesha16', 'basic', '21.5'),
('Juvencio_Jerode97', 'gold', '64.65'),
('Shirah_Robynne72', 'basic', '-83.21'),
('Barkley_Jenefer52', 'prime', '210.27'),
('Nachole_Yusuke97', 'basic', '291.12'),
('Deondrae_Tarique56', 'gold', '145.5'),
('Chimera_Jerald74', 'basic', '38.33'),
('Shenetra_Hadiyah20', 'prime', '95.42'),
('Valicia_Trecia23', 'basic', '284.71'),
('Ruthanna_Katheryne61', 'gold', '-58.65'),
('Sherrina_Sherissa77', 'prime', '43.21'),
('Shaterra_Antwon42', 'prime', '73.03'),
('Shamella_Eddrick95', 'prime', '28.78'),
('Mickel_Jenae47', 'basic', '-96.86'),
('Laquista_Catlyn55', 'basic', '56.49'),
('Ladd_Shekela35', 'prime', '16.81'),
('Shatara_Lapria05', 'gold', '111.32'),
('Teanna_Hoyt50', 'basic', '97.87'),
('Eliot_Calem33', 'prime', '246.61'),
('Dmario_Andray36', 'basic', '50.36'),
('Lynard_Patrece01', 'prime', '-59.62'),
('Akela_Aaran81', 'gold', '191.06'),
('Jimy_Jerame98', 'gold', '151.6'),
('Angell_Lakshmi24', 'prime', '165.32'),
('Zalmen_Ennifer94', 'prime', '174.58'),
('Cimarron_Lagina73', 'prime', '284.87'),

INSERT INTO Admin(UserName)
VALUES ('Tarra_Oralia08'),
('Erinne_Joanne19'),
('Dontaye_Metta24'),
('Juanjose_Roslynn58'),
('Colbi_Lakiya13'),
('Breland_Jerramie04'),
('Shela_Jahmal73'),
('Shalise_Charlton22'),
('Vanassa_Marcee94'),
('Stalin_Ysenia84'),

INSERT INTO Job(JobID, EmployerUserName, Title, DatePosted, Description, Category, JobStatus, EmpNeeded)
VALUES ('4675', 'Toriano_Andromeda14', 'Learning Center Coordinator', '2020-10-14', 'Looking for dazzled person. 1 years experience.',  'Transportation, Distribution and Logistics', '0', '1'),
('3474', 'Rubina_Ark08', 'Biomaterials Engineer', '2020-4-22', 'Looking for confident person. 5 years experience.',  'Government and Public Administration', '1', '3'),
('4257', 'Breann_Jessicamarie79', 'Mechanical Systems Designer', '2020-5-25', 'Looking for advanced person. 1 years experience.',  'Human Services', '0', '1'),
('1102', 'Derrian_Dessirae91', 'Digital Marketing Program Manager', '2020-5-19', 'Looking for wise person. 1 years experience.',  'Hospitality and Tourism', '1', '4'),
('4090', 'Simeon_Jeremie25', 'Tube Room Cashier', '2020-10-7', 'Looking for merit person. 2 years experience.',  'Government and Public Administration', '1', '5'),
('3340', 'Simeon_Jeremie25', 'Frame Straightener', '2020-8-27', 'Looking for important person. 5 years experience.',  'Hospitality and Tourism', '0', '3'),
('4900', 'Simeon_Jeremie25', 'Logistics Officer', '2020-8-14', 'Looking for nicest person. 3 years experience.',  'Business Management and Administration', '0', '5'),
('5918', 'Toriano_Andromeda14', 'Box Lining Machine Feeder', '2020-9-23', 'Looking for supports person. 2 years experience.',  'Science, Technology, Engineering, and Mathematics', '0', '2'),
('3768', 'Toriano_Andromeda14', 'Shellfish Dredge Operator', '2020-7-22', 'Looking for insightful person. 5 years experience.',  'Information Technology', '1', '3'),
('3579', 'Rubina_Ark08', 'Trimmer Sawyer', '2020-4-21', 'Looking for restful person. 4 years experience.',  'Manufacturing', '0', '5'),
('1900', 'Ninamarie_Dyann91', 'Sweatband-Cutting-Machine Operator', '2020-8-11', 'Looking for hero person. 2 years experience.',  'Government and Public Administration', '1', '2'),
('4168', 'Derrian_Dessirae91', 'Director Employment', '2020-6-19', 'Looking for harmonize person. 5 years experience.',  'Architecture and Construction', '1', '4'),
('3756', 'Nija_Tareva60', 'Credit Collection Specialist', '2020-1-25', 'Looking for insightful person. 1 years experience.',  'Law, Public Safety, Corrections and Security', '0', '1'),
('1253', 'Toriano_Andromeda14', 'Artist, Scientific', '2020-7-14', 'Looking for sparkling person. 5 years experience.',  'Architecture and Construction', '0', '4'),
('3746', 'Toriano_Andromeda14', 'Waterfront Director', '2020-9-3', 'Looking for humble person. 2 years experience.',  'Education and Training', '1', '2'),
('1968', 'Toriano_Andromeda14', 'Steeping-Press Operator', '2020-2-16', 'Looking for gladness person. 1 years experience.',  'Science, Technology, Engineering, and Mathematics', '0', '2'),
('1771', 'Ninamarie_Dyann91', 'Linotype Mechanic', '2020-8-5', 'Looking for spirited person. 4 years experience.',  'Health Science', '0', '5'),
('3922', 'Kindall_Carroll37', 'Vice President, Business Development', '2020-8-14', 'Looking for preferes person. 3 years experience.',  'Education and Training', '0', '5'),
('1517', 'Ninamarie_Dyann91', 'Capacitor-Pack-Press Operator', '2020-2-8', 'Looking for humane person. 4 years experience.',  'Science, Technology, Engineering, and Mathematics', '1', '5'),
('4838', 'Breann_Jessicamarie79', 'Fruit Coordinator', '2020-12-28', 'Looking for handsome person. 4 years experience.',  'Human Services', '1', '2'),
('1046', 'Rubina_Ark08', 'Diffuser Operator', '2020-12-20', 'Looking for heaven person. 2 years experience.',  'Business Management and Administration', '1', '5'),
('3369', 'Seaton_Kristyann08', 'Senior Health Physics Technician', '2020-6-7', 'Looking for smoothes person. 4 years experience.',  'Law, Public Safety, Corrections and Security', '1', '4'),
('5394', 'Kindall_Carroll37', 'Wet Inspector, Optical Glass', '2020-7-4', 'Looking for warm person. 2 years experience.',  'Finance', '0', '5'),
('4698', 'Ninamarie_Dyann91', 'Hoisting Laborer', '2020-7-23', 'Looking for illumine person. 2 years experience.',  'Information Technology', '0', '5'),
('5640', 'Rubina_Ark08', 'Registry NP', '2020-12-13', 'Looking for suffices person. 1 years experience.',  'Hospitality and Tourism', '1', '1'),
('5375', 'Toriano_Andromeda14', 'Technical Solutions Consultant', '2020-2-9', 'Looking for grace person. 4 years experience.',  'Manufacturing', '1', '3'),
('1970', 'Breann_Jessicamarie79', 'Dish Washer', '2020-6-9', 'Looking for slick person. 2 years experience.',  'Architecture and Construction', '1', '2'),
('5325', 'Breann_Jessicamarie79', 'Billet Examiner', '2020-4-12', 'Looking for enlighten person. 2 years experience.',  'Agriculture and Natural Resources', '1', '3'),
('5549', 'Ninamarie_Dyann91', 'Brand Marketing Intern', '2020-2-15', 'Looking for tickle person. 4 years experience.',  'Hospitality and Tourism', '1', '2'),
('2365', 'Rubina_Ark08', 'Rental Counter Clerk', '2020-4-2', 'Looking for gainful person. 3 years experience.',  'Marketing, Sales and Service', '0', '2'),
('2555', 'Breann_Jessicamarie79', 'Ocean Export Coordinator', '2020-7-19', 'Looking for god-given person. 3 years experience.',  'Health Science', '0', '4'),
('3113', 'Ninamarie_Dyann91', 'Print Binding and Finishing Worker', '2020-6-13', 'Looking for glimmer person. 5 years experience.',  'Science, Technology, Engineering, and Mathematics', '0', '2'),
('4101', 'Ardith_Reynolds04', 'Speech-language Pathology Assistant', '2020-9-20', 'Looking for relish person. 1 years experience.',  'Education and Training', '0', '1'),
('5661', 'Derrian_Dessirae91', 'Social Media Campaign Manager', '2020-10-10', 'Looking for fortunate person. 1 years experience.',  'Government and Public Administration', '0', '5'),
('2580', 'Rubina_Ark08', 'Contracts Paralegal', '2020-4-4', 'Looking for excels person. 4 years experience.',  'Science, Technology, Engineering, and Mathematics', '0', '3'),
('2160', 'Breann_Jessicamarie79', 'Low-Emission Automobile Designer', '2020-5-15', 'Looking for undisputed person. 4 years experience.',  'Education and Training', '0', '5'),
('4171', 'Ardith_Reynolds04', 'Weather Analyst', '2020-11-17', 'Looking for revives person. 5 years experience.',  'Arts, Audio/Video, and Communications', '0', '1'),
('4405', 'Nija_Tareva60', 'Strategy Manager', '2020-3-18', 'Looking for boom person. 1 years experience.',  'Transportation, Distribution and Logistics', '1', '5'),
('1989', 'Derrian_Dessirae91', 'Paper Processing Machine Helper', '2020-12-5', 'Looking for proactive person. 5 years experience.',  'Marketing, Sales and Service', '0', '4'),
('3260', 'Ninamarie_Dyann91', 'Customizer', '2020-6-20', 'Looking for proven person. 1 years experience.',  'Hospitality and Tourism', '1', '5'),
('4646', 'Kindall_Carroll37', 'Tierce Filler', '2020-7-8', 'Looking for ebullience person. 1 years experience.',  'Agriculture and Natural Resources', '1', '4'),
('5924', 'Ardith_Reynolds04', 'Lot Worker', '2020-1-9', 'Looking for frugal person. 5 years experience.',  'Architecture and Construction', '0', '5'),
('5592', 'Seaton_Kristyann08', 'Plumber Apprentice', '2020-4-19', 'Looking for extoll person. 1 years experience.',  'Agriculture and Natural Resources', '0', '3'),
('2296', 'Kindall_Carroll37', 'Kaiawhina Kura Kaupapa Maori', '2020-3-1', 'Looking for soundness person. 2 years experience.',  'Transportation, Distribution and Logistics', '0', '4'),
('1852', 'Seaton_Kristyann08', 'Raschel-Knitting-Machine Operator', '2020-8-8', 'Looking for innovation person. 1 years experience.',  'Architecture and Construction', '1', '5'),
('3185', 'Derrian_Dessirae91', 'Clay Stain Mixer', '2020-11-22', 'Looking for solid person. 5 years experience.',  'Architecture and Construction', '0', '3'),
('1370', 'Rubina_Ark08', 'Drying Tunnel Operator', '2020-5-15', 'Looking for sleek person. 4 years experience.',  'Agriculture and Natural Resources', '1', '5'),
('4522', 'Nija_Tareva60', 'Impregnator Operator', '2020-3-2', 'Looking for lush person. 1 years experience.',  'Arts, Audio/Video, and Communications', '0', '5'),
('4785', 'Nija_Tareva60', 'Marketing Development Specialist', '2020-1-3', 'Looking for providence person. 5 years experience.',  'Hospitality and Tourism', '1', '3'),
('3571', 'Seaton_Kristyann08', 'Machine Quilt Stuffer', '2020-12-16', 'Looking for winner person. 5 years experience.',  'Architecture and Construction', '1', '3'),

INSERT INTO CreditCardInfo(CCNumber, ExpireDate, CCBNumber, IsDefault, Auto_Manual)
VALUES ('3918623897053398', '2021-2-14', '540', '1', '1'),
('1549448982071147', '2022-3-12', '597', '1', '1'),
('2774925081608724', '2021-11-20', '744', '0', '0'),
('1542826193548044', '2021-10-13', '190', '0', '0'),
('5592084795432281', '2022-7-21', '734', '0', '0'),
('2196079000345743', '2022-2-18', '455', '0', '0'),
('2320553570557005', '2021-6-16', '148', '0', '0'),
('7783293391862723', '2022-8-26', '241', '0', '0'),
('7469315017190797', '2021-1-17', '143', '0', '0'),
('7654509484423935', '2022-1-3', '384', '0', '0'),
('4563496388372200', '2022-8-17', '898', '0', '0'),
('0172848272200937', '2022-5-22', '852', '0', '0'),
('1828554308744504', '2022-8-15', '051', '0', '0'),
('8778462770354889', '2021-8-19', '864', '0', '0'),
('9167452368455102', '2022-1-25', '480', '0', '0'),
('6283729608009298', '2022-3-4', '386', '0', '0'),
('4593035541529098', '2021-10-19', '978', '0', '0'),
('8490793740271718', '2021-10-9', '230', '1', '1'),
('4447964823378795', '2022-11-21', '840', '0', '0'),
('9361581064934415', '2022-9-14', '892', '0', '0'),
('1421843827818323', '2021-8-19', '352', '0', '0'),
('1488221478514946', '2021-3-25', '353', '0', '0'),
('7502272571132429', '2022-5-26', '876', '0', '0'),
('5771602534737702', '2021-1-12', '879', '0', '0'),
('1344394885114342', '2021-3-2', '211', '1', '1'),
('6388341318177131', '2022-8-23', '650', '0', '0'),
('1980473703777339', '2022-11-1', '783', '1', '1'),
('2285072680448642', '2021-6-17', '414', '0', '0'),
('5977723831145875', '2021-3-8', '938', '0', '0'),
('8194781064410648', '2022-4-1', '531', '0', '0'),
('2453243973090802', '2022-1-22', '954', '1', '1'),
('3838697636174876', '2022-3-13', '872', '0', '0'),
('0335376384961919', '2021-5-6', '021', '0', '0'),
('0267704799646583', '2022-8-9', '015', '0', '0'),
('1380831313109645', '2022-1-17', '847', '0', '0'),
('8652343621336237', '2021-2-9', '350', '0', '0'),
('2408602917287228', '2021-11-6', '013', '0', '0'),
('5966390467146892', '2021-9-7', '872', '0', '0'),
('2636026809875306', '2022-6-28', '955', '1', '1'),
('9184004726541258', '2022-3-8', '737', '0', '0'),
('3982466344899605', '2021-3-26', '418', '0', '0'),
('5183502846040389', '2021-2-27', '452', '0', '0'),
('4842557990981066', '2021-1-6', '759', '0', '0'),
('6770413447685795', '2021-1-18', '141', '0', '0'),
('7848314162630404', '2022-7-17', '583', '0', '0'),
('7025231698023701', '2021-9-12', '238', '0', '0'),
('3348226821997944', '2022-4-3', '762', '1', '1'),
('4211515303447012', '2022-11-23', '520', '0', '0'),
('4839223363928434', '2022-6-24', '783', '1', '1'),
('4844900464648486', '2021-2-24', '373', '0', '0'),
('1958126403673251', '2022-3-11', '417', '0', '0'),
('1357924865567271', '2022-9-17', '557', '1', '1'),
('0963828586517555', '2021-2-16', '161', '1', '1'),
('5752319879521070', '2021-1-7', '421', '1', '1'),
('1957612755203940', '2021-1-12', '221', '0', '0'),
('0238459149664041', '2022-9-28', '266', '0', '0'),
('2949341106656828', '2022-7-10', '505', '1', '1'),
('5760208795298265', '2021-4-6', '344', '0', '0'),
('5744878317244605', '2021-8-27', '270', '0', '0'),
('6601057686539481', '2021-6-25', '819', '0', '0'),
('9148404065882619', '2021-5-27', '626', '0', '0'),
('2744395451302607', '2021-1-25', '413', '0', '0'),
('3954093851346186', '2022-2-10', '209', '0', '0'),
('0289873729963032', '2021-8-7', '062', '1', '1'),
('4778767581111800', '2022-10-14', '364', '0', '0'),
('0436022117861321', '2022-8-13', '484', '1', '1'),
('7083864731851796', '2022-11-22', '075', '1', '1'),
('7317073245752456', '2022-4-25', '916', '1', '1'),
('0982394102659089', '2022-5-26', '816', '0', '0'),
('2556803996016911', '2022-7-26', '207', '0', '0'),
('7187173269752981', '2021-5-3', '667', '0', '0'),
('8248653457433435', '2021-9-4', '731', '1', '1'),
('6977892554595611', '2022-7-16', '491', '0', '0'),
('4662209592157446', '2022-3-12', '372', '0', '0'),
('7831762558129285', '2022-10-12', '287', '0', '0'),
('0158665542325067', '2021-6-17', '210', '0', '0'),
('4106248685932096', '2021-4-21', '579', '0', '0'),
('3441766128849377', '2021-8-21', '887', '1', '1'),
('4644187570950206', '2022-5-8', '925', '0', '0'),
('2633632559388488', '2022-10-10', '968', '0', '0'),
('6198249752880623', '2022-1-26', '898', '0', '0'),
('6578924264742492', '2022-9-20', '741', '0', '0'),
('5589674582331975', '2021-1-5', '073', '0', '0'),
('8598366089191010', '2022-8-8', '325', '0', '0'),
('6302374313943264', '2022-1-13', '622', '0', '0'),
('5392175838539613', '2021-1-8', '414', '0', '0'),
('0577923200707189', '2022-6-14', '209', '1', '1'),
('5434077183520557', '2022-1-11', '794', '0', '0'),
('3338259242334192', '2022-3-25', '608', '0', '0'),
('5783127748238873', '2021-4-26', '198', '0', '0'),
('3388308785834253', '2022-8-5', '863', '0', '0'),
('5906278906062199', '2022-2-16', '120', '0', '0'),
('6779781901517271', '2021-1-16', '304', '0', '0'),
('5405690133693235', '2021-1-26', '654', '1', '1'),
('0771263655043945', '2021-5-25', '216', '0', '0'),

INSERT INTO PADInfo(AccountNumber, InstituteNumber, BranchNumber, IsDefault, Auto_Manual)
VALUES ('4578917', '301', '53455', '0', '0'),
('0034963', '311', '89637', '0', '0'),
('4481333', '548', '98772', '0', '0'),
('1955629', '829', '46121', '0', '0'),
('5995629', '551', '58993', '0', '0'),
('6161004', '604', '22749', '0', '0'),
('7270816', '322', '45832', '1', '1'),
('6163953', '809', '84924', '0', '0'),
('0426117', '606', '22080', '0', '0'),
('0671724', '840', '56999', '1', '1'),
('5602654', '342', '63754', '0', '0'),
('5605636', '551', '83575', '0', '0'),
('0210804', '177', '75718', '1', '1'),
('3847944', '270', '59225', '0', '0'),
('8137781', '265', '63776', '0', '0'),
('2759173', '604', '17031', '1', '1'),
('8963863', '314', '96862', '0', '0'),
('1961946', '548', '88508', '0', '0'),
('9952932', '332', '50932', '1', '1'),
('6152225', '294', '48836', '0', '0'),
('2105311', '314', '39866', '0', '0'),
('8414655', '308', '62619', '0', '0'),
('2019663', '865', '45842', '1', '1'),
('8495611', '355', '13729', '0', '0'),
('6808669', '292', '18638', '0', '0'),
('5520004', '844', '85378', '0', '0'),
('2780688', '330', '30862', '0', '0'),
('1341447', '338', '89959', '0', '0'),
('4028472', '001', '51660', '0', '0'),
('7533440', '322', '13931', '0', '0'),
('0423119', '314', '35660', '0', '0'),
('6587817', '509', '34794', '0', '0'),
('2342756', '339', '13631', '1', '1'),
('5592843', '899', '83494', '0', '0'),
('2471211', '001', '78523', '0', '0'),
('1213868', '803', '14933', '0', '0'),
('4487686', '809', '48240', '0', '0'),
('2824326', '294', '26479', '0', '0'),
('2720193', '275', '83629', '1', '1'),
('4708795', '815', '30360', '0', '0'),
('0905194', '623', '62726', '0', '0'),
('1397925', '597', '52830', '1', '1'),
('6695190', '828', '97326', '1', '1'),
('2324479', '323', '94262', '0', '0'),
('9731779', '853', '83869', '0', '0'),
('9222193', '003', '57019', '1', '1'),
('9801183', '321', '55434', '0', '0'),
('5268349', '830', '52330', '0', '0'),
('2503386', '618', '33455', '0', '0'),
('4741123', '361', '20904', '0', '0'),
('7724468', '899', '22492', '0', '0'),
('2718150', '294', '76766', '0', '0'),
('3294001', '807', '15983', '0', '0'),
('6625577', '809', '53530', '0', '0'),
('8520549', '265', '82997', '0', '0'),
('1620889', '294', '97893', '0', '0'),
('1186514', '309', '73080', '0', '0'),
('7889573', '345', '28305', '0', '0'),
('2390722', '625', '17769', '0', '0'),
('1306290', '357', '57980', '0', '0'),
('1406415', '333', '84416', '0', '0'),
('3825944', '548', '86452', '0', '0'),
('2218458', '626', '82506', '1', '1'),
('4220639', '853', '73470', '0', '0'),
('5103546', '829', '68401', '0', '0'),
('2352265', '807', '80890', '0', '0'),
('8609925', '242', '95481', '0', '0'),
('8024761', '314', '20499', '0', '0'),
('2343625', '604', '49035', '0', '0'),
('2502836', '829', '46849', '0', '0'),
('4836455', '315', '50304', '0', '0'),
('2779825', '250', '57966', '0', '0'),
('9028334', '839', '99319', '0', '0'),
('1928689', '003', '37270', '0', '0'),
('4526676', '338', '52489', '1', '1'),
('3223271', '809', '78134', '0', '0'),
('6818520', '002', '69464', '0', '0'),
('8811631', '808', '94945', '0', '0'),
('2251746', '590', '20011', '0', '0'),
('4784729', '333', '11829', '1', '1'),
('5103677', '568', '54436', '1', '1'),
('5938659', '340', '34676', '0', '0'),
('0920080', '620', '45231', '0', '0'),
('0204645', '242', '18378', '0', '0'),
('6217256', '343', '31704', '0', '0'),
('9720405', '250', '16698', '0', '0'),
('1131469', '339', '13063', '0', '0'),
('9088358', '322', '88852', '1', '1'),
('5515719', '604', '96051', '0', '0'),
('6174934', '604', '77321', '1', '1'),
('3028379', '344', '61994', '0', '0'),
('7325305', '853', '39138', '0', '0'),
('4217600', '260', '40451', '0', '0'),
('2989721', '308', '36764', '1', '1'),
('0948372', '361', '40272', '1', '1'),
('7261668', '010', '39621', '0', '0'),
('5650103', '625', '36602', '0', '0'),
('8914819', '361', '14820', '0', '0'),

INSERT INTO Application(ApplicantUserName, JobID, ApplicationStatus, ApplicationDate)
VALUES ('Angell_Lakshmi24', '4675', 'hired', '2020-10-14'),
('Akela_Aaran81', '4675', 'sent', '2020-7-24'),
('Valicia_Trecia23', '4675', 'denied', '2020-3-4'),
('Deondrae_Tarique56', '4675', 'denied', '2020-1-2'),
('Ladd_Shekela35', '4675', 'sent', '2020-6-27'),
('Zalmen_Ennifer94', '4675', 'review', '2020-1-20'),
('Ciana_Kelleigh91', '4675', 'review', '2020-5-7'),
('Shenetra_Hadiyah20', '4675', 'accepted', '2020-6-20'),
('Teanna_Hoyt50', '4675', 'sent', '2020-7-28'),
('Marke_Billie63', '4675', 'accepted', '2020-3-19'),
('Shatara_Lapria05', '4675', 'hired', '2020-8-20'),
('Sherrina_Sherissa77', '4675', 'accepted', '2020-1-10'),
('Angell_Lakshmi24', '3474', 'hired', '2020-10-14'),
('Akela_Aaran81', '3474', 'sent', '2020-7-24'),
('Valicia_Trecia23', '3474', 'denied', '2020-3-4'),
('Deondrae_Tarique56', '3474', 'denied', '2020-1-2'),
('Ladd_Shekela35', '3474', 'sent', '2020-6-27'),
('Zalmen_Ennifer94', '3474', 'review', '2020-1-20'),
('Ciana_Kelleigh91', '3474', 'review', '2020-5-7'),
('Shenetra_Hadiyah20', '3474', 'accepted', '2020-6-20'),
('Teanna_Hoyt50', '3474', 'sent', '2020-7-28'),
('Marke_Billie63', '3474', 'accepted', '2020-3-19'),
('Shatara_Lapria05', '3474', 'hired', '2020-8-20'),
('Sherrina_Sherissa77', '3474', 'accepted', '2020-1-10'),
('Angell_Lakshmi24', '4257', 'hired', '2020-10-14'),
('Akela_Aaran81', '4257', 'sent', '2020-7-24'),
('Valicia_Trecia23', '4257', 'denied', '2020-3-4'),
('Deondrae_Tarique56', '4257', 'denied', '2020-1-2'),
('Ladd_Shekela35', '4257', 'sent', '2020-6-27'),
('Zalmen_Ennifer94', '4257', 'review', '2020-1-20'),
('Ciana_Kelleigh91', '4257', 'review', '2020-5-7'),
('Shenetra_Hadiyah20', '4257', 'accepted', '2020-6-20'),
('Teanna_Hoyt50', '4257', 'sent', '2020-7-28'),
('Marke_Billie63', '4257', 'accepted', '2020-3-19'),
('Shatara_Lapria05', '4257', 'hired', '2020-8-20'),
('Sherrina_Sherissa77', '4257', 'accepted', '2020-1-10'),
('Angell_Lakshmi24', '1102', 'hired', '2020-10-14'),
('Akela_Aaran81', '1102', 'sent', '2020-7-24'),
('Valicia_Trecia23', '1102', 'denied', '2020-3-4'),
('Deondrae_Tarique56', '1102', 'denied', '2020-1-2'),
('Ladd_Shekela35', '1102', 'sent', '2020-6-27'),
('Zalmen_Ennifer94', '1102', 'review', '2020-1-20'),
('Ciana_Kelleigh91', '1102', 'review', '2020-5-7'),
('Shenetra_Hadiyah20', '1102', 'accepted', '2020-6-20'),
('Teanna_Hoyt50', '1102', 'sent', '2020-7-28'),
('Marke_Billie63', '1102', 'accepted', '2020-3-19'),
('Shatara_Lapria05', '1102', 'hired', '2020-8-20'),
('Sherrina_Sherissa77', '1102', 'accepted', '2020-1-10'),
('Angell_Lakshmi24', '4090', 'hired', '2020-10-14'),
('Akela_Aaran81', '4090', 'sent', '2020-7-24'),
('Valicia_Trecia23', '4090', 'denied', '2020-3-4'),
('Deondrae_Tarique56', '4090', 'denied', '2020-1-2'),
('Ladd_Shekela35', '4090', 'sent', '2020-6-27'),
('Zalmen_Ennifer94', '4090', 'review', '2020-1-20'),
('Ciana_Kelleigh91', '4090', 'review', '2020-5-7'),
('Shenetra_Hadiyah20', '4090', 'accepted', '2020-6-20'),
('Teanna_Hoyt50', '4090', 'sent', '2020-7-28'),
('Marke_Billie63', '4090', 'accepted', '2020-3-19'),
('Shatara_Lapria05', '4090', 'hired', '2020-8-20'),
('Sherrina_Sherissa77', '4090', 'accepted', '2020-1-10'),
('Angell_Lakshmi24', '3340', 'hired', '2020-10-14'),
('Akela_Aaran81', '3340', 'sent', '2020-7-24'),
('Valicia_Trecia23', '3340', 'denied', '2020-3-4'),
('Deondrae_Tarique56', '3340', 'denied', '2020-1-2'),
('Ladd_Shekela35', '3340', 'sent', '2020-6-27'),
('Zalmen_Ennifer94', '3340', 'review', '2020-1-20'),
('Ciana_Kelleigh91', '3340', 'review', '2020-5-7'),
('Shenetra_Hadiyah20', '3340', 'accepted', '2020-6-20'),
('Teanna_Hoyt50', '3340', 'sent', '2020-7-28'),
('Marke_Billie63', '3340', 'accepted', '2020-3-19'),
('Shatara_Lapria05', '3340', 'hired', '2020-8-20'),
('Sherrina_Sherissa77', '3340', 'accepted', '2020-1-10'),
('Angell_Lakshmi24', '4900', 'hired', '2020-10-14'),
('Akela_Aaran81', '4900', 'sent', '2020-7-24'),
('Valicia_Trecia23', '4900', 'denied', '2020-3-4'),
('Deondrae_Tarique56', '4900', 'denied', '2020-1-2'),
('Ladd_Shekela35', '4900', 'sent', '2020-6-27'),
('Zalmen_Ennifer94', '4900', 'review', '2020-1-20'),
('Ciana_Kelleigh91', '4900', 'review', '2020-5-7'),
('Shenetra_Hadiyah20', '4900', 'accepted', '2020-6-20'),
('Teanna_Hoyt50', '4900', 'sent', '2020-7-28'),
('Marke_Billie63', '4900', 'accepted', '2020-3-19'),
('Shatara_Lapria05', '4900', 'hired', '2020-8-20'),
('Sherrina_Sherissa77', '4900', 'accepted', '2020-1-10'),
('Angell_Lakshmi24', '5918', 'hired', '2020-10-14'),
('Akela_Aaran81', '5918', 'sent', '2020-7-24'),
('Valicia_Trecia23', '5918', 'denied', '2020-3-4'),
('Deondrae_Tarique56', '5918', 'denied', '2020-1-2'),
('Ladd_Shekela35', '5918', 'sent', '2020-6-27'),
('Zalmen_Ennifer94', '5918', 'review', '2020-1-20'),
('Ciana_Kelleigh91', '5918', 'review', '2020-5-7'),
('Shenetra_Hadiyah20', '5918', 'accepted', '2020-6-20'),
('Teanna_Hoyt50', '5918', 'sent', '2020-7-28'),
('Marke_Billie63', '5918', 'accepted', '2020-3-19'),
('Shatara_Lapria05', '5918', 'hired', '2020-8-20'),
('Sherrina_Sherissa77', '5918', 'accepted', '2020-1-10'),
('Angell_Lakshmi24', '3768', 'hired', '2020-10-14'),
('Akela_Aaran81', '3768', 'sent', '2020-7-24'),
('Valicia_Trecia23', '3768', 'denied', '2020-3-4'),
('Deondrae_Tarique56', '3768', 'denied', '2020-1-2'),
('Ladd_Shekela35', '3768', 'sent', '2020-6-27'),
('Zalmen_Ennifer94', '3768', 'review', '2020-1-20'),
('Ciana_Kelleigh91', '3768', 'review', '2020-5-7'),
('Shenetra_Hadiyah20', '3768', 'accepted', '2020-6-20'),
('Teanna_Hoyt50', '3768', 'sent', '2020-7-28'),
('Marke_Billie63', '3768', 'accepted', '2020-3-19'),
('Shatara_Lapria05', '3768', 'hired', '2020-8-20'),
('Sherrina_Sherissa77', '3768', 'accepted', '2020-1-10'),
('Angell_Lakshmi24', '3579', 'hired', '2020-10-14'),
('Akela_Aaran81', '3579', 'sent', '2020-7-24'),
('Valicia_Trecia23', '3579', 'denied', '2020-3-4'),
('Deondrae_Tarique56', '3579', 'denied', '2020-1-2'),
('Ladd_Shekela35', '3579', 'sent', '2020-6-27'),
('Zalmen_Ennifer94', '3579', 'review', '2020-1-20'),
('Ciana_Kelleigh91', '3579', 'review', '2020-5-7'),
('Shenetra_Hadiyah20', '3579', 'accepted', '2020-6-20'),
('Teanna_Hoyt50', '3579', 'sent', '2020-7-28'),
('Marke_Billie63', '3579', 'accepted', '2020-3-19'),
('Shatara_Lapria05', '3579', 'hired', '2020-8-20'),
('Sherrina_Sherissa77', '3579', 'accepted', '2020-1-10'),
('Angell_Lakshmi24', '1900', 'hired', '2020-10-14'),
('Akela_Aaran81', '1900', 'sent', '2020-7-24'),
('Valicia_Trecia23', '1900', 'denied', '2020-3-4'),
('Deondrae_Tarique56', '1900', 'denied', '2020-1-2'),
('Ladd_Shekela35', '1900', 'sent', '2020-6-27'),
('Zalmen_Ennifer94', '1900', 'review', '2020-1-20'),
('Ciana_Kelleigh91', '1900', 'review', '2020-5-7'),
('Shenetra_Hadiyah20', '1900', 'accepted', '2020-6-20'),
('Teanna_Hoyt50', '1900', 'sent', '2020-7-28'),
('Marke_Billie63', '1900', 'accepted', '2020-3-19'),
('Shatara_Lapria05', '1900', 'hired', '2020-8-20'),
('Sherrina_Sherissa77', '1900', 'accepted', '2020-1-10'),
('Angell_Lakshmi24', '4168', 'hired', '2020-10-14'),
('Akela_Aaran81', '4168', 'sent', '2020-7-24'),
('Valicia_Trecia23', '4168', 'denied', '2020-3-4'),
('Deondrae_Tarique56', '4168', 'denied', '2020-1-2'),
('Ladd_Shekela35', '4168', 'sent', '2020-6-27'),
('Zalmen_Ennifer94', '4168', 'review', '2020-1-20'),
('Ciana_Kelleigh91', '4168', 'review', '2020-5-7'),
('Shenetra_Hadiyah20', '4168', 'accepted', '2020-6-20'),
('Teanna_Hoyt50', '4168', 'sent', '2020-7-28'),
('Marke_Billie63', '4168', 'accepted', '2020-3-19'),
('Shatara_Lapria05', '4168', 'hired', '2020-8-20'),
('Sherrina_Sherissa77', '4168', 'accepted', '2020-1-10'),
('Shaterra_Antwon42', '3756', 'denied', '2020-9-18'),
('Cimarron_Lagina73', '3756', 'denied', '2020-9-10'),
('Ciana_Kelleigh91', '3756', 'hired', '2020-12-11'),
('Valicia_Trecia23', '3756', 'review', '2020-10-23'),
('Oneida_Karmesha16', '3756', 'accepted', '2020-5-16'),
('Ruthanna_Katheryne61', '3756', 'review', '2020-6-12'),
('Lynard_Patrece01', '3756', 'hired', '2020-7-25'),
('Sherrina_Sherissa77', '3756', 'review', '2020-2-19'),
('Shirah_Robynne72', '3756', 'hired', '2020-8-20'),
('Barkley_Jenefer52', '3756', 'accepted', '2020-10-25'),
('Darci_Denean61', '3756', 'review', '2020-8-3'),
('Zalmen_Ennifer94', '3756', 'review', '2020-8-25'),
('Marke_Billie63', '3756', 'sent', '2020-8-22'),
('Tory_Kindra24', '3756', 'accepted', '2020-10-12'),
('Teanna_Hoyt50', '3756', 'review', '2020-1-17'),
('Shatara_Lapria05', '3756', 'accepted', '2020-10-14'),
('Nachole_Yusuke97', '3756', 'accepted', '2020-5-14'),
('Eliot_Calem33', '3756', 'hired', '2020-5-1'),
('Chimera_Jerald74', '3756', 'hired', '2020-6-15'),
('Dmario_Andray36', '3756', 'review', '2020-8-1'),
('Angell_Lakshmi24', '3756', 'denied', '2020-3-6'),
('Mickel_Jenae47', '3756', 'accepted', '2020-2-6'),
('Shenetra_Hadiyah20', '3756', 'accepted', '2020-1-10'),
('Deondrae_Tarique56', '3756', 'denied', '2020-8-16'),
('Ladd_Shekela35', '3756', 'review', '2020-6-18'),
('Jimy_Jerame98', '3756', 'review', '2020-9-9'),
('Shamella_Eddrick95', '3756', 'denied', '2020-3-29'),
('Laquista_Catlyn55', '3756', 'denied', '2020-6-24'),
('Shaterra_Antwon42', '1253', 'denied', '2020-9-18'),
('Cimarron_Lagina73', '1253', 'denied', '2020-9-10'),
('Ciana_Kelleigh91', '1253', 'hired', '2020-12-11'),
('Valicia_Trecia23', '1253', 'review', '2020-10-23'),
('Oneida_Karmesha16', '1253', 'accepted', '2020-5-16'),
('Ruthanna_Katheryne61', '1253', 'review', '2020-6-12'),
('Lynard_Patrece01', '1253', 'hired', '2020-7-25'),
('Sherrina_Sherissa77', '1253', 'review', '2020-2-19'),
('Shirah_Robynne72', '1253', 'hired', '2020-8-20'),
('Barkley_Jenefer52', '1253', 'accepted', '2020-10-25'),
('Darci_Denean61', '1253', 'review', '2020-8-3'),
('Zalmen_Ennifer94', '1253', 'review', '2020-8-25'),
('Marke_Billie63', '1253', 'sent', '2020-8-22'),
('Tory_Kindra24', '1253', 'accepted', '2020-10-12'),
('Teanna_Hoyt50', '1253', 'review', '2020-1-17'),
('Shatara_Lapria05', '1253', 'accepted', '2020-10-14'),
('Nachole_Yusuke97', '1253', 'accepted', '2020-5-14'),
('Eliot_Calem33', '1253', 'hired', '2020-5-1'),
('Chimera_Jerald74', '1253', 'hired', '2020-6-15'),
('Dmario_Andray36', '1253', 'review', '2020-8-1'),
('Angell_Lakshmi24', '1253', 'denied', '2020-3-6'),
('Mickel_Jenae47', '1253', 'accepted', '2020-2-6'),
('Shenetra_Hadiyah20', '1253', 'accepted', '2020-1-10'),
('Deondrae_Tarique56', '1253', 'denied', '2020-8-16'),
('Ladd_Shekela35', '1253', 'review', '2020-6-18'),
('Jimy_Jerame98', '1253', 'review', '2020-9-9'),
('Shamella_Eddrick95', '1253', 'denied', '2020-3-29'),
('Laquista_Catlyn55', '1253', 'denied', '2020-6-24'),
('Shaterra_Antwon42', '3746', 'denied', '2020-9-18'),
('Cimarron_Lagina73', '3746', 'denied', '2020-9-10'),
('Ciana_Kelleigh91', '3746', 'hired', '2020-12-11'),
('Valicia_Trecia23', '3746', 'review', '2020-10-23'),
('Oneida_Karmesha16', '3746', 'accepted', '2020-5-16'),
('Ruthanna_Katheryne61', '3746', 'review', '2020-6-12'),
('Lynard_Patrece01', '3746', 'hired', '2020-7-25'),
('Sherrina_Sherissa77', '3746', 'review', '2020-2-19'),
('Shirah_Robynne72', '3746', 'hired', '2020-8-20'),
('Barkley_Jenefer52', '3746', 'accepted', '2020-10-25'),
('Darci_Denean61', '3746', 'review', '2020-8-3'),
('Zalmen_Ennifer94', '3746', 'review', '2020-8-25'),
('Marke_Billie63', '3746', 'sent', '2020-8-22'),
('Tory_Kindra24', '3746', 'accepted', '2020-10-12'),
('Teanna_Hoyt50', '3746', 'review', '2020-1-17'),
('Shatara_Lapria05', '3746', 'accepted', '2020-10-14'),
('Nachole_Yusuke97', '3746', 'accepted', '2020-5-14'),
('Eliot_Calem33', '3746', 'hired', '2020-5-1'),
('Chimera_Jerald74', '3746', 'hired', '2020-6-15'),
('Dmario_Andray36', '3746', 'review', '2020-8-1'),
('Angell_Lakshmi24', '3746', 'denied', '2020-3-6'),
('Mickel_Jenae47', '3746', 'accepted', '2020-2-6'),
('Shenetra_Hadiyah20', '3746', 'accepted', '2020-1-10'),
('Deondrae_Tarique56', '3746', 'denied', '2020-8-16'),
('Ladd_Shekela35', '3746', 'review', '2020-6-18'),
('Jimy_Jerame98', '3746', 'review', '2020-9-9'),
('Shamella_Eddrick95', '3746', 'denied', '2020-3-29'),
('Laquista_Catlyn55', '3746', 'denied', '2020-6-24'),
('Shaterra_Antwon42', '1968', 'denied', '2020-9-18'),
('Cimarron_Lagina73', '1968', 'denied', '2020-9-10'),
('Ciana_Kelleigh91', '1968', 'hired', '2020-12-11'),
('Valicia_Trecia23', '1968', 'review', '2020-10-23'),
('Oneida_Karmesha16', '1968', 'accepted', '2020-5-16'),
('Ruthanna_Katheryne61', '1968', 'review', '2020-6-12'),
('Lynard_Patrece01', '1968', 'hired', '2020-7-25'),
('Sherrina_Sherissa77', '1968', 'review', '2020-2-19'),
('Shirah_Robynne72', '1968', 'hired', '2020-8-20'),
('Barkley_Jenefer52', '1968', 'accepted', '2020-10-25'),
('Darci_Denean61', '1968', 'review', '2020-8-3'),
('Zalmen_Ennifer94', '1968', 'review', '2020-8-25'),
('Marke_Billie63', '1968', 'sent', '2020-8-22'),
('Tory_Kindra24', '1968', 'accepted', '2020-10-12'),
('Teanna_Hoyt50', '1968', 'review', '2020-1-17'),
('Shatara_Lapria05', '1968', 'accepted', '2020-10-14'),
('Nachole_Yusuke97', '1968', 'accepted', '2020-5-14'),
('Eliot_Calem33', '1968', 'hired', '2020-5-1'),
('Chimera_Jerald74', '1968', 'hired', '2020-6-15'),
('Dmario_Andray36', '1968', 'review', '2020-8-1'),
('Angell_Lakshmi24', '1968', 'denied', '2020-3-6'),
('Mickel_Jenae47', '1968', 'accepted', '2020-2-6'),
('Shenetra_Hadiyah20', '1968', 'accepted', '2020-1-10'),
('Deondrae_Tarique56', '1968', 'denied', '2020-8-16'),
('Ladd_Shekela35', '1968', 'review', '2020-6-18'),
('Jimy_Jerame98', '1968', 'review', '2020-9-9'),
('Shamella_Eddrick95', '1968', 'denied', '2020-3-29'),
('Laquista_Catlyn55', '1968', 'denied', '2020-6-24'),
('Shaterra_Antwon42', '1771', 'denied', '2020-9-18'),
('Cimarron_Lagina73', '1771', 'denied', '2020-9-10'),
('Ciana_Kelleigh91', '1771', 'hired', '2020-12-11'),
('Valicia_Trecia23', '1771', 'review', '2020-10-23'),
('Oneida_Karmesha16', '1771', 'accepted', '2020-5-16'),
('Ruthanna_Katheryne61', '1771', 'review', '2020-6-12'),
('Lynard_Patrece01', '1771', 'hired', '2020-7-25'),
('Sherrina_Sherissa77', '1771', 'review', '2020-2-19'),
('Shirah_Robynne72', '1771', 'hired', '2020-8-20'),
('Barkley_Jenefer52', '1771', 'accepted', '2020-10-25'),
('Darci_Denean61', '1771', 'review', '2020-8-3'),
('Zalmen_Ennifer94', '1771', 'review', '2020-8-25'),
('Marke_Billie63', '1771', 'sent', '2020-8-22'),
('Tory_Kindra24', '1771', 'accepted', '2020-10-12'),
('Teanna_Hoyt50', '1771', 'review', '2020-1-17'),
('Shatara_Lapria05', '1771', 'accepted', '2020-10-14'),
('Nachole_Yusuke97', '1771', 'accepted', '2020-5-14'),
('Eliot_Calem33', '1771', 'hired', '2020-5-1'),
('Chimera_Jerald74', '1771', 'hired', '2020-6-15'),
('Dmario_Andray36', '1771', 'review', '2020-8-1'),
('Angell_Lakshmi24', '1771', 'denied', '2020-3-6'),
('Mickel_Jenae47', '1771', 'accepted', '2020-2-6'),
('Shenetra_Hadiyah20', '1771', 'accepted', '2020-1-10'),
('Deondrae_Tarique56', '1771', 'denied', '2020-8-16'),
('Ladd_Shekela35', '1771', 'review', '2020-6-18'),
('Jimy_Jerame98', '1771', 'review', '2020-9-9'),
('Shamella_Eddrick95', '1771', 'denied', '2020-3-29'),
('Laquista_Catlyn55', '1771', 'denied', '2020-6-24'),
('Shaterra_Antwon42', '3922', 'denied', '2020-9-18'),
('Cimarron_Lagina73', '3922', 'denied', '2020-9-10'),
('Ciana_Kelleigh91', '3922', 'hired', '2020-12-11'),
('Valicia_Trecia23', '3922', 'review', '2020-10-23'),
('Oneida_Karmesha16', '3922', 'accepted', '2020-5-16'),
('Ruthanna_Katheryne61', '3922', 'review', '2020-6-12'),
('Lynard_Patrece01', '3922', 'hired', '2020-7-25'),
('Sherrina_Sherissa77', '3922', 'review', '2020-2-19'),
('Shirah_Robynne72', '3922', 'hired', '2020-8-20'),
('Barkley_Jenefer52', '3922', 'accepted', '2020-10-25'),
('Darci_Denean61', '3922', 'review', '2020-8-3'),
('Zalmen_Ennifer94', '3922', 'review', '2020-8-25'),
('Marke_Billie63', '3922', 'sent', '2020-8-22'),
('Tory_Kindra24', '3922', 'accepted', '2020-10-12'),
('Teanna_Hoyt50', '3922', 'review', '2020-1-17'),
('Shatara_Lapria05', '3922', 'accepted', '2020-10-14'),
('Nachole_Yusuke97', '3922', 'accepted', '2020-5-14'),
('Eliot_Calem33', '3922', 'hired', '2020-5-1'),
('Chimera_Jerald74', '3922', 'hired', '2020-6-15'),
('Dmario_Andray36', '3922', 'review', '2020-8-1'),
('Angell_Lakshmi24', '3922', 'denied', '2020-3-6'),
('Mickel_Jenae47', '3922', 'accepted', '2020-2-6'),
('Shenetra_Hadiyah20', '3922', 'accepted', '2020-1-10'),
('Deondrae_Tarique56', '3922', 'denied', '2020-8-16'),
('Ladd_Shekela35', '3922', 'review', '2020-6-18'),
('Jimy_Jerame98', '3922', 'review', '2020-9-9'),
('Shamella_Eddrick95', '3922', 'denied', '2020-3-29'),
('Laquista_Catlyn55', '3922', 'denied', '2020-6-24'),
('Shaterra_Antwon42', '1517', 'denied', '2020-9-18'),
('Cimarron_Lagina73', '1517', 'denied', '2020-9-10'),
('Ciana_Kelleigh91', '1517', 'hired', '2020-12-11'),
('Valicia_Trecia23', '1517', 'review', '2020-10-23'),
('Oneida_Karmesha16', '1517', 'accepted', '2020-5-16'),
('Ruthanna_Katheryne61', '1517', 'review', '2020-6-12'),
('Lynard_Patrece01', '1517', 'hired', '2020-7-25'),
('Sherrina_Sherissa77', '1517', 'review', '2020-2-19'),
('Shirah_Robynne72', '1517', 'hired', '2020-8-20'),
('Barkley_Jenefer52', '1517', 'accepted', '2020-10-25'),
('Darci_Denean61', '1517', 'review', '2020-8-3'),
('Zalmen_Ennifer94', '1517', 'review', '2020-8-25'),
('Marke_Billie63', '1517', 'sent', '2020-8-22'),
('Tory_Kindra24', '1517', 'accepted', '2020-10-12'),
('Teanna_Hoyt50', '1517', 'review', '2020-1-17'),
('Shatara_Lapria05', '1517', 'accepted', '2020-10-14'),
('Nachole_Yusuke97', '1517', 'accepted', '2020-5-14'),
('Eliot_Calem33', '1517', 'hired', '2020-5-1'),
('Chimera_Jerald74', '1517', 'hired', '2020-6-15'),
('Dmario_Andray36', '1517', 'review', '2020-8-1'),
('Angell_Lakshmi24', '1517', 'denied', '2020-3-6'),
('Mickel_Jenae47', '1517', 'accepted', '2020-2-6'),
('Shenetra_Hadiyah20', '1517', 'accepted', '2020-1-10'),
('Deondrae_Tarique56', '1517', 'denied', '2020-8-16'),
('Ladd_Shekela35', '1517', 'review', '2020-6-18'),
('Jimy_Jerame98', '1517', 'review', '2020-9-9'),
('Shamella_Eddrick95', '1517', 'denied', '2020-3-29'),
('Laquista_Catlyn55', '1517', 'denied', '2020-6-24'),
('Shaterra_Antwon42', '4838', 'denied', '2020-9-18'),
('Cimarron_Lagina73', '4838', 'denied', '2020-9-10'),
('Ciana_Kelleigh91', '4838', 'hired', '2020-12-11'),
('Valicia_Trecia23', '4838', 'review', '2020-10-23'),
('Oneida_Karmesha16', '4838', 'accepted', '2020-5-16'),
('Ruthanna_Katheryne61', '4838', 'review', '2020-6-12'),
('Lynard_Patrece01', '4838', 'hired', '2020-7-25'),
('Sherrina_Sherissa77', '4838', 'review', '2020-2-19'),
('Shirah_Robynne72', '4838', 'hired', '2020-8-20'),
('Barkley_Jenefer52', '4838', 'accepted', '2020-10-25'),
('Darci_Denean61', '4838', 'review', '2020-8-3'),
('Zalmen_Ennifer94', '4838', 'review', '2020-8-25'),
('Marke_Billie63', '4838', 'sent', '2020-8-22'),
('Tory_Kindra24', '4838', 'accepted', '2020-10-12'),
('Teanna_Hoyt50', '4838', 'review', '2020-1-17'),
('Shatara_Lapria05', '4838', 'accepted', '2020-10-14'),
('Nachole_Yusuke97', '4838', 'accepted', '2020-5-14'),
('Eliot_Calem33', '4838', 'hired', '2020-5-1'),
('Chimera_Jerald74', '4838', 'hired', '2020-6-15'),
('Dmario_Andray36', '4838', 'review', '2020-8-1'),
('Angell_Lakshmi24', '4838', 'denied', '2020-3-6'),
('Mickel_Jenae47', '4838', 'accepted', '2020-2-6'),
('Shenetra_Hadiyah20', '4838', 'accepted', '2020-1-10'),
('Deondrae_Tarique56', '4838', 'denied', '2020-8-16'),
('Ladd_Shekela35', '4838', 'review', '2020-6-18'),
('Jimy_Jerame98', '4838', 'review', '2020-9-9'),
('Shamella_Eddrick95', '4838', 'denied', '2020-3-29'),
('Laquista_Catlyn55', '4838', 'denied', '2020-6-24'),
('Shaterra_Antwon42', '1046', 'denied', '2020-9-18'),
('Cimarron_Lagina73', '1046', 'denied', '2020-9-10'),
('Ciana_Kelleigh91', '1046', 'hired', '2020-12-11'),
('Valicia_Trecia23', '1046', 'review', '2020-10-23'),
('Oneida_Karmesha16', '1046', 'accepted', '2020-5-16'),
('Ruthanna_Katheryne61', '1046', 'review', '2020-6-12'),
('Lynard_Patrece01', '1046', 'hired', '2020-7-25'),
('Sherrina_Sherissa77', '1046', 'review', '2020-2-19'),
('Shirah_Robynne72', '1046', 'hired', '2020-8-20'),
('Barkley_Jenefer52', '1046', 'accepted', '2020-10-25'),
('Darci_Denean61', '1046', 'review', '2020-8-3'),
('Zalmen_Ennifer94', '1046', 'review', '2020-8-25'),
('Marke_Billie63', '1046', 'sent', '2020-8-22'),
('Tory_Kindra24', '1046', 'accepted', '2020-10-12'),
('Teanna_Hoyt50', '1046', 'review', '2020-1-17'),
('Shatara_Lapria05', '1046', 'accepted', '2020-10-14'),
('Nachole_Yusuke97', '1046', 'accepted', '2020-5-14'),
('Eliot_Calem33', '1046', 'hired', '2020-5-1'),
('Chimera_Jerald74', '1046', 'hired', '2020-6-15'),
('Dmario_Andray36', '1046', 'review', '2020-8-1'),
('Angell_Lakshmi24', '1046', 'denied', '2020-3-6'),
('Mickel_Jenae47', '1046', 'accepted', '2020-2-6'),
('Shenetra_Hadiyah20', '1046', 'accepted', '2020-1-10'),
('Deondrae_Tarique56', '1046', 'denied', '2020-8-16'),
('Ladd_Shekela35', '1046', 'review', '2020-6-18'),
('Jimy_Jerame98', '1046', 'review', '2020-9-9'),
('Shamella_Eddrick95', '1046', 'denied', '2020-3-29'),
('Laquista_Catlyn55', '1046', 'denied', '2020-6-24'),
('Shaterra_Antwon42', '3369', 'denied', '2020-9-18'),
('Cimarron_Lagina73', '3369', 'denied', '2020-9-10'),
('Ciana_Kelleigh91', '3369', 'hired', '2020-12-11'),
('Valicia_Trecia23', '3369', 'review', '2020-10-23'),
('Oneida_Karmesha16', '3369', 'accepted', '2020-5-16'),
('Ruthanna_Katheryne61', '3369', 'review', '2020-6-12'),
('Lynard_Patrece01', '3369', 'hired', '2020-7-25'),
('Sherrina_Sherissa77', '3369', 'review', '2020-2-19'),
('Shirah_Robynne72', '3369', 'hired', '2020-8-20'),
('Barkley_Jenefer52', '3369', 'accepted', '2020-10-25'),
('Darci_Denean61', '3369', 'review', '2020-8-3'),
('Zalmen_Ennifer94', '3369', 'review', '2020-8-25'),
('Marke_Billie63', '3369', 'sent', '2020-8-22'),
('Tory_Kindra24', '3369', 'accepted', '2020-10-12'),
('Teanna_Hoyt50', '3369', 'review', '2020-1-17'),
('Shatara_Lapria05', '3369', 'accepted', '2020-10-14'),
('Nachole_Yusuke97', '3369', 'accepted', '2020-5-14'),
('Eliot_Calem33', '3369', 'hired', '2020-5-1'),
('Chimera_Jerald74', '3369', 'hired', '2020-6-15'),
('Dmario_Andray36', '3369', 'review', '2020-8-1'),
('Angell_Lakshmi24', '3369', 'denied', '2020-3-6'),
('Mickel_Jenae47', '3369', 'accepted', '2020-2-6'),
('Shenetra_Hadiyah20', '3369', 'accepted', '2020-1-10'),
('Deondrae_Tarique56', '3369', 'denied', '2020-8-16'),
('Ladd_Shekela35', '3369', 'review', '2020-6-18'),
('Jimy_Jerame98', '3369', 'review', '2020-9-9'),
('Shamella_Eddrick95', '3369', 'denied', '2020-3-29'),
('Laquista_Catlyn55', '3369', 'denied', '2020-6-24'),
('Shaterra_Antwon42', '5394', 'denied', '2020-9-18'),
('Cimarron_Lagina73', '5394', 'denied', '2020-9-10'),
('Ciana_Kelleigh91', '5394', 'hired', '2020-12-11'),
('Valicia_Trecia23', '5394', 'review', '2020-10-23'),
('Oneida_Karmesha16', '5394', 'accepted', '2020-5-16'),
('Ruthanna_Katheryne61', '5394', 'review', '2020-6-12'),
('Lynard_Patrece01', '5394', 'hired', '2020-7-25'),
('Sherrina_Sherissa77', '5394', 'review', '2020-2-19'),
('Shirah_Robynne72', '5394', 'hired', '2020-8-20'),
('Barkley_Jenefer52', '5394', 'accepted', '2020-10-25'),
('Darci_Denean61', '5394', 'review', '2020-8-3'),
('Zalmen_Ennifer94', '5394', 'review', '2020-8-25'),
('Marke_Billie63', '5394', 'sent', '2020-8-22'),
('Tory_Kindra24', '5394', 'accepted', '2020-10-12'),
('Teanna_Hoyt50', '5394', 'review', '2020-1-17'),
('Shatara_Lapria05', '5394', 'accepted', '2020-10-14'),
('Nachole_Yusuke97', '5394', 'accepted', '2020-5-14'),
('Eliot_Calem33', '5394', 'hired', '2020-5-1'),
('Chimera_Jerald74', '5394', 'hired', '2020-6-15'),
('Dmario_Andray36', '5394', 'review', '2020-8-1'),
('Angell_Lakshmi24', '5394', 'denied', '2020-3-6'),
('Mickel_Jenae47', '5394', 'accepted', '2020-2-6'),
('Shenetra_Hadiyah20', '5394', 'accepted', '2020-1-10'),
('Deondrae_Tarique56', '5394', 'denied', '2020-8-16'),
('Ladd_Shekela35', '5394', 'review', '2020-6-18'),
('Jimy_Jerame98', '5394', 'review', '2020-9-9'),
('Shamella_Eddrick95', '5394', 'denied', '2020-3-29'),
('Laquista_Catlyn55', '5394', 'denied', '2020-6-24'),
('Shaterra_Antwon42', '4698', 'denied', '2020-9-18'),
('Cimarron_Lagina73', '4698', 'denied', '2020-9-10'),
('Ciana_Kelleigh91', '4698', 'hired', '2020-12-11'),
('Valicia_Trecia23', '4698', 'review', '2020-10-23'),
('Oneida_Karmesha16', '4698', 'accepted', '2020-5-16'),
('Ruthanna_Katheryne61', '4698', 'review', '2020-6-12'),
('Lynard_Patrece01', '4698', 'hired', '2020-7-25'),
('Sherrina_Sherissa77', '4698', 'review', '2020-2-19'),
('Shirah_Robynne72', '4698', 'hired', '2020-8-20'),
('Barkley_Jenefer52', '4698', 'accepted', '2020-10-25'),
('Darci_Denean61', '4698', 'review', '2020-8-3'),
('Zalmen_Ennifer94', '4698', 'review', '2020-8-25'),
('Marke_Billie63', '4698', 'sent', '2020-8-22'),
('Tory_Kindra24', '4698', 'accepted', '2020-10-12'),
('Teanna_Hoyt50', '4698', 'review', '2020-1-17'),
('Shatara_Lapria05', '4698', 'accepted', '2020-10-14'),
('Nachole_Yusuke97', '4698', 'accepted', '2020-5-14'),
('Eliot_Calem33', '4698', 'hired', '2020-5-1'),
('Chimera_Jerald74', '4698', 'hired', '2020-6-15'),
('Dmario_Andray36', '4698', 'review', '2020-8-1'),
('Angell_Lakshmi24', '4698', 'denied', '2020-3-6'),
('Mickel_Jenae47', '4698', 'accepted', '2020-2-6'),
('Shenetra_Hadiyah20', '4698', 'accepted', '2020-1-10'),
('Deondrae_Tarique56', '4698', 'denied', '2020-8-16'),
('Ladd_Shekela35', '4698', 'review', '2020-6-18'),
('Jimy_Jerame98', '4698', 'review', '2020-9-9'),
('Shamella_Eddrick95', '4698', 'denied', '2020-3-29'),
('Laquista_Catlyn55', '4698', 'denied', '2020-6-24'),
('Shaterra_Antwon42', '5640', 'denied', '2020-9-18'),
('Cimarron_Lagina73', '5640', 'denied', '2020-9-10'),
('Ciana_Kelleigh91', '5640', 'hired', '2020-12-11'),
('Valicia_Trecia23', '5640', 'review', '2020-10-23'),
('Oneida_Karmesha16', '5640', 'accepted', '2020-5-16'),
('Ruthanna_Katheryne61', '5640', 'review', '2020-6-12'),
('Lynard_Patrece01', '5640', 'hired', '2020-7-25'),
('Sherrina_Sherissa77', '5640', 'review', '2020-2-19'),
('Shirah_Robynne72', '5640', 'hired', '2020-8-20'),
('Barkley_Jenefer52', '5640', 'accepted', '2020-10-25'),
('Darci_Denean61', '5640', 'review', '2020-8-3'),
('Zalmen_Ennifer94', '5640', 'review', '2020-8-25'),
('Marke_Billie63', '5640', 'sent', '2020-8-22'),
('Tory_Kindra24', '5640', 'accepted', '2020-10-12'),
('Teanna_Hoyt50', '5640', 'review', '2020-1-17'),
('Shatara_Lapria05', '5640', 'accepted', '2020-10-14'),
('Nachole_Yusuke97', '5640', 'accepted', '2020-5-14'),
('Eliot_Calem33', '5640', 'hired', '2020-5-1'),
('Chimera_Jerald74', '5640', 'hired', '2020-6-15'),
('Dmario_Andray36', '5640', 'review', '2020-8-1'),
('Angell_Lakshmi24', '5640', 'denied', '2020-3-6'),
('Mickel_Jenae47', '5640', 'accepted', '2020-2-6'),
('Shenetra_Hadiyah20', '5640', 'accepted', '2020-1-10'),
('Deondrae_Tarique56', '5640', 'denied', '2020-8-16'),
('Ladd_Shekela35', '5640', 'review', '2020-6-18'),
('Jimy_Jerame98', '5640', 'review', '2020-9-9'),
('Shamella_Eddrick95', '5640', 'denied', '2020-3-29'),
('Laquista_Catlyn55', '5640', 'denied', '2020-6-24'),
('Shaterra_Antwon42', '5375', 'denied', '2020-9-18'),
('Cimarron_Lagina73', '5375', 'denied', '2020-9-10'),
('Ciana_Kelleigh91', '5375', 'hired', '2020-12-11'),
('Valicia_Trecia23', '5375', 'review', '2020-10-23'),
('Oneida_Karmesha16', '5375', 'accepted', '2020-5-16'),
('Ruthanna_Katheryne61', '5375', 'review', '2020-6-12'),
('Lynard_Patrece01', '5375', 'hired', '2020-7-25'),
('Sherrina_Sherissa77', '5375', 'review', '2020-2-19'),
('Shirah_Robynne72', '5375', 'hired', '2020-8-20'),
('Barkley_Jenefer52', '5375', 'accepted', '2020-10-25'),
('Darci_Denean61', '5375', 'review', '2020-8-3'),
('Zalmen_Ennifer94', '5375', 'review', '2020-8-25'),
('Marke_Billie63', '5375', 'sent', '2020-8-22'),
('Tory_Kindra24', '5375', 'accepted', '2020-10-12'),
('Teanna_Hoyt50', '5375', 'review', '2020-1-17'),
('Shatara_Lapria05', '5375', 'accepted', '2020-10-14'),
('Nachole_Yusuke97', '5375', 'accepted', '2020-5-14'),
('Eliot_Calem33', '5375', 'hired', '2020-5-1'),
('Chimera_Jerald74', '5375', 'hired', '2020-6-15'),
('Dmario_Andray36', '5375', 'review', '2020-8-1'),
('Angell_Lakshmi24', '5375', 'denied', '2020-3-6'),
('Mickel_Jenae47', '5375', 'accepted', '2020-2-6'),
('Shenetra_Hadiyah20', '5375', 'accepted', '2020-1-10'),
('Deondrae_Tarique56', '5375', 'denied', '2020-8-16'),
('Ladd_Shekela35', '5375', 'review', '2020-6-18'),
('Jimy_Jerame98', '5375', 'review', '2020-9-9'),
('Shamella_Eddrick95', '5375', 'denied', '2020-3-29'),
('Laquista_Catlyn55', '5375', 'denied', '2020-6-24'),
('Shaterra_Antwon42', '1970', 'denied', '2020-9-18'),
('Cimarron_Lagina73', '1970', 'denied', '2020-9-10'),
('Ciana_Kelleigh91', '1970', 'hired', '2020-12-11'),
('Valicia_Trecia23', '1970', 'review', '2020-10-23'),
('Oneida_Karmesha16', '1970', 'accepted', '2020-5-16'),
('Ruthanna_Katheryne61', '1970', 'review', '2020-6-12'),
('Lynard_Patrece01', '1970', 'hired', '2020-7-25'),
('Sherrina_Sherissa77', '1970', 'review', '2020-2-19'),
('Shirah_Robynne72', '1970', 'hired', '2020-8-20'),
('Barkley_Jenefer52', '1970', 'accepted', '2020-10-25'),
('Darci_Denean61', '1970', 'review', '2020-8-3'),
('Zalmen_Ennifer94', '1970', 'review', '2020-8-25'),
('Marke_Billie63', '1970', 'sent', '2020-8-22'),
('Tory_Kindra24', '1970', 'accepted', '2020-10-12'),
('Teanna_Hoyt50', '1970', 'review', '2020-1-17'),
('Shatara_Lapria05', '1970', 'accepted', '2020-10-14'),
('Nachole_Yusuke97', '1970', 'accepted', '2020-5-14'),
('Eliot_Calem33', '1970', 'hired', '2020-5-1'),
('Chimera_Jerald74', '1970', 'hired', '2020-6-15'),
('Dmario_Andray36', '1970', 'review', '2020-8-1'),
('Angell_Lakshmi24', '1970', 'denied', '2020-3-6'),
('Mickel_Jenae47', '1970', 'accepted', '2020-2-6'),
('Shenetra_Hadiyah20', '1970', 'accepted', '2020-1-10'),
('Deondrae_Tarique56', '1970', 'denied', '2020-8-16'),
('Ladd_Shekela35', '1970', 'review', '2020-6-18'),
('Jimy_Jerame98', '1970', 'review', '2020-9-9'),
('Shamella_Eddrick95', '1970', 'denied', '2020-3-29'),
('Laquista_Catlyn55', '1970', 'denied', '2020-6-24'),
('Shaterra_Antwon42', '5325', 'denied', '2020-9-18'),
('Cimarron_Lagina73', '5325', 'denied', '2020-9-10'),
('Ciana_Kelleigh91', '5325', 'hired', '2020-12-11'),
('Valicia_Trecia23', '5325', 'review', '2020-10-23'),
('Oneida_Karmesha16', '5325', 'accepted', '2020-5-16'),
('Ruthanna_Katheryne61', '5325', 'review', '2020-6-12'),
('Lynard_Patrece01', '5325', 'hired', '2020-7-25'),
('Sherrina_Sherissa77', '5325', 'review', '2020-2-19'),
('Shirah_Robynne72', '5325', 'hired', '2020-8-20'),
('Barkley_Jenefer52', '5325', 'accepted', '2020-10-25'),
('Darci_Denean61', '5325', 'review', '2020-8-3'),
('Zalmen_Ennifer94', '5325', 'review', '2020-8-25'),
('Marke_Billie63', '5325', 'sent', '2020-8-22'),
('Tory_Kindra24', '5325', 'accepted', '2020-10-12'),
('Teanna_Hoyt50', '5325', 'review', '2020-1-17'),
('Shatara_Lapria05', '5325', 'accepted', '2020-10-14'),
('Nachole_Yusuke97', '5325', 'accepted', '2020-5-14'),
('Eliot_Calem33', '5325', 'hired', '2020-5-1'),
('Chimera_Jerald74', '5325', 'hired', '2020-6-15'),
('Dmario_Andray36', '5325', 'review', '2020-8-1'),
('Angell_Lakshmi24', '5325', 'denied', '2020-3-6'),
('Mickel_Jenae47', '5325', 'accepted', '2020-2-6'),
('Shenetra_Hadiyah20', '5325', 'accepted', '2020-1-10'),
('Deondrae_Tarique56', '5325', 'denied', '2020-8-16'),
('Ladd_Shekela35', '5325', 'review', '2020-6-18'),
('Jimy_Jerame98', '5325', 'review', '2020-9-9'),
('Shamella_Eddrick95', '5325', 'denied', '2020-3-29'),
('Laquista_Catlyn55', '5325', 'denied', '2020-6-24'),

INSERT INTO EmployerCC(EmployerUserName, CCNumber)
VALUES ('Nija_Tareva60', '3918623897053398'),
('Ninamarie_Dyann91', '1549448982071147'),
('Ninamarie_Dyann91', '2774925081608724'),
('Ninamarie_Dyann91', '1542826193548044'),
('Ninamarie_Dyann91', '5592084795432281'),
('Simeon_Jeremie25', '2196079000345743'),
('Simeon_Jeremie25', '2320553570557005'),
('Simeon_Jeremie25', '7783293391862723'),
('Simeon_Jeremie25', '7469315017190797'),
('Seaton_Kristyann08', '7654509484423935'),
('Seaton_Kristyann08', '4563496388372200'),
('Seaton_Kristyann08', '0172848272200937'),
('Seaton_Kristyann08', '1828554308744504'),
('Rubina_Ark08', '8778462770354889'),
('Rubina_Ark08', '9167452368455102'),
('Breann_Jessicamarie79', '6283729608009298'),
('Breann_Jessicamarie79', '4593035541529098'),
('Derrian_Dessirae91', '8490793740271718'),
('Derrian_Dessirae91', '4447964823378795'),
('Derrian_Dessirae91', '9361581064934415'),
('Ardith_Reynolds04', '1421843827818323'),
('Ardith_Reynolds04', '1488221478514946'),
('Ardith_Reynolds04', '7502272571132429'),
('Toriano_Andromeda14', '5771602534737702'),
('Kindall_Carroll37', '1344394885114342'),
('Kindall_Carroll37', '6388341318177131'),

INSERT INTO EmployerPAD(EmployerUserName, AccountNumber)
VALUES ('Nija_Tareva60', '4578917'),
('Nija_Tareva60', '0034963'),
('Nija_Tareva60', '4481333'),
('Ninamarie_Dyann91', '1955629'),
('Ninamarie_Dyann91', '5995629'),
('Ninamarie_Dyann91', '6161004'),
('Simeon_Jeremie25', '7270816'),
('Simeon_Jeremie25', '6163953'),
('Simeon_Jeremie25', '0426117'),
('Seaton_Kristyann08', '0671724'),
('Seaton_Kristyann08', '5602654'),
('Seaton_Kristyann08', '5605636'),
('Rubina_Ark08', '0210804'),
('Rubina_Ark08', '3847944'),
('Rubina_Ark08', '8137781'),
('Breann_Jessicamarie79', '2759173'),
('Derrian_Dessirae91', '8963863'),
('Derrian_Dessirae91', '1961946'),
('Ardith_Reynolds04', '9952932'),
('Ardith_Reynolds04', '6152225'),
('Ardith_Reynolds04', '2105311'),
('Ardith_Reynolds04', '8414655'),
('Toriano_Andromeda14', '2019663'),
('Toriano_Andromeda14', '8495611'),
('Toriano_Andromeda14', '6808669'),
('Toriano_Andromeda14', '5520004'),
('Kindall_Carroll37', '2780688'),

INSERT INTO ApplicantCC(ApplicantUserName, CCNumber)
VALUES ('Marke_Billie63', '1980473703777339'),
('Marke_Billie63', '2285072680448642'),
('Marke_Billie63', '5977723831145875'),
('Marke_Billie63', '8194781064410648'),
('Ciana_Kelleigh91', '2453243973090802'),
('Ciana_Kelleigh91', '3838697636174876'),
('Ciana_Kelleigh91', '0335376384961919'),
('Ciana_Kelleigh91', '0267704799646583'),
('Darci_Denean61', '1380831313109645'),
('Darci_Denean61', '8652343621336237'),
('Darci_Denean61', '2408602917287228'),
('Darci_Denean61', '5966390467146892'),
('Tory_Kindra24', '2636026809875306'),
('Tory_Kindra24', '9184004726541258'),
('Tory_Kindra24', '3982466344899605'),
('Oneida_Karmesha16', '5183502846040389'),
('Juvencio_Jerode97', '4842557990981066'),
('Shirah_Robynne72', '6770413447685795'),
('Shirah_Robynne72', '7848314162630404'),
('Shirah_Robynne72', '7025231698023701'),
('Barkley_Jenefer52', '3348226821997944'),
('Nachole_Yusuke97', '4211515303447012'),
('Deondrae_Tarique56', '4839223363928434'),
('Deondrae_Tarique56', '4844900464648486'),
('Deondrae_Tarique56', '1958126403673251'),
('Chimera_Jerald74', '1357924865567271'),
('Shenetra_Hadiyah20', '0963828586517555'),
('Valicia_Trecia23', '5752319879521070'),
('Valicia_Trecia23', '1957612755203940'),
('Valicia_Trecia23', '0238459149664041'),
('Ruthanna_Katheryne61', '2949341106656828'),
('Ruthanna_Katheryne61', '5760208795298265'),
('Ruthanna_Katheryne61', '5744878317244605'),
('Sherrina_Sherissa77', '6601057686539481'),
('Sherrina_Sherissa77', '9148404065882619'),
('Sherrina_Sherissa77', '2744395451302607'),
('Sherrina_Sherissa77', '3954093851346186'),
('Shaterra_Antwon42', '0289873729963032'),
('Shaterra_Antwon42', '4778767581111800'),
('Shamella_Eddrick95', '0436022117861321'),
('Mickel_Jenae47', '7083864731851796'),
('Laquista_Catlyn55', '7317073245752456'),
('Laquista_Catlyn55', '0982394102659089'),
('Ladd_Shekela35', '2556803996016911'),
('Ladd_Shekela35', '7187173269752981'),
('Shatara_Lapria05', '8248653457433435'),
('Shatara_Lapria05', '6977892554595611'),
('Shatara_Lapria05', '4662209592157446'),
('Teanna_Hoyt50', '7831762558129285'),
('Eliot_Calem33', '0158665542325067'),
('Eliot_Calem33', '4106248685932096'),
('Dmario_Andray36', '3441766128849377'),
('Dmario_Andray36', '4644187570950206'),
('Dmario_Andray36', '2633632559388488'),
('Lynard_Patrece01', '6198249752880623'),
('Lynard_Patrece01', '6578924264742492'),
('Lynard_Patrece01', '5589674582331975'),
('Lynard_Patrece01', '8598366089191010'),
('Akela_Aaran81', '6302374313943264'),
('Akela_Aaran81', '5392175838539613'),
('Jimy_Jerame98', '0577923200707189'),
('Jimy_Jerame98', '5434077183520557'),
('Angell_Lakshmi24', '3338259242334192'),
('Zalmen_Ennifer94', '5783127748238873'),
('Zalmen_Ennifer94', '3388308785834253'),
('Zalmen_Ennifer94', '5906278906062199'),
('Zalmen_Ennifer94', '6779781901517271'),
('Cimarron_Lagina73', '5405690133693235'),
('Cimarron_Lagina73', '0771263655043945'),

INSERT INTO ApplicantPAD(ApplicantUserName, AccountNumber)
VALUES ('Marke_Billie63', '1341447'),
('Marke_Billie63', '4028472'),
('Marke_Billie63', '7533440'),
('Marke_Billie63', '0423119'),
('Ciana_Kelleigh91', '6587817'),
('Darci_Denean61', '2342756'),
('Darci_Denean61', '5592843'),
('Darci_Denean61', '2471211'),
('Tory_Kindra24', '1213868'),
('Tory_Kindra24', '4487686'),
('Tory_Kindra24', '2824326'),
('Oneida_Karmesha16', '2720193'),
('Oneida_Karmesha16', '4708795'),
('Oneida_Karmesha16', '0905194'),
('Juvencio_Jerode97', '1397925'),
('Shirah_Robynne72', '6695190'),
('Shirah_Robynne72', '2324479'),
('Barkley_Jenefer52', '9731779'),
('Nachole_Yusuke97', '9222193'),
('Nachole_Yusuke97', '9801183'),
('Deondrae_Tarique56', '5268349'),
('Deondrae_Tarique56', '2503386'),
('Deondrae_Tarique56', '4741123'),
('Chimera_Jerald74', '7724468'),
('Chimera_Jerald74', '2718150'),
('Chimera_Jerald74', '3294001'),
('Chimera_Jerald74', '6625577'),
('Shenetra_Hadiyah20', '8520549'),
('Valicia_Trecia23', '1620889'),
('Valicia_Trecia23', '1186514'),
('Valicia_Trecia23', '7889573'),
('Ruthanna_Katheryne61', '2390722'),
('Ruthanna_Katheryne61', '1306290'),
('Ruthanna_Katheryne61', '1406415'),
('Ruthanna_Katheryne61', '3825944'),
('Sherrina_Sherissa77', '2218458'),
('Sherrina_Sherissa77', '4220639'),
('Sherrina_Sherissa77', '5103546'),
('Shaterra_Antwon42', '2352265'),
('Shaterra_Antwon42', '8609925'),
('Shamella_Eddrick95', '8024761'),
('Shamella_Eddrick95', '2343625'),
('Shamella_Eddrick95', '2502836'),
('Shamella_Eddrick95', '4836455'),
('Mickel_Jenae47', '2779825'),
('Laquista_Catlyn55', '9028334'),
('Laquista_Catlyn55', '1928689'),
('Ladd_Shekela35', '4526676'),
('Ladd_Shekela35', '3223271'),
('Shatara_Lapria05', '6818520'),
('Shatara_Lapria05', '8811631'),
('Shatara_Lapria05', '2251746'),
('Teanna_Hoyt50', '4784729'),
('Eliot_Calem33', '5103677'),
('Eliot_Calem33', '5938659'),
('Eliot_Calem33', '0920080'),
('Eliot_Calem33', '0204645'),
('Dmario_Andray36', '6217256'),
('Dmario_Andray36', '9720405'),
('Dmario_Andray36', '1131469'),
('Lynard_Patrece01', '9088358'),
('Lynard_Patrece01', '5515719'),
('Akela_Aaran81', '6174934'),
('Akela_Aaran81', '3028379'),
('Akela_Aaran81', '7325305'),
('Jimy_Jerame98', '4217600'),
('Angell_Lakshmi24', '2989721'),
('Zalmen_Ennifer94', '0948372'),
('Zalmen_Ennifer94', '7261668'),
('Zalmen_Ennifer94', '5650103'),
('Cimarron_Lagina73', '8914819'),
