USE cxc55311;

DELETE FROM User;
INSERT INTO User(UserName, FirstName, LastName, Email, ContactNumber, Password)
VALUES ('Quana_Saleena56', 'Quana', 'Saleena', 'QuanaSaleena32@coldmail.com', '450-949-0349', 'estate742'),
('Rubens_Elaine84', 'Rubens', 'Elaine', 'RubensElaine26@coldmail.com', '514-434-2414', 'fry698'),
('Doanld_Adi95', 'Doanld', 'Adi', 'DoanldAdi66@coldmail.com', '514-010-6273', 'metabolite163'),
('Ashleyanne_Florian09', 'Ashleyanne', 'Florian', 'AshleyanneFlorian70@hmail.ca', '438-387-5331', 'waiver721'),
('Sabina_Veronika10', 'Sabina', 'Veronika', 'SabinaVeronika78@hmail.ca', '514-124-1409', 'rear357'),
('Becky_Shamela72', 'Becky', 'Shamela', 'BeckyShamela45@coldmail.com', '450-648-6293', 'opposition092'),
('Sabreena_Nidia91', 'Sabreena', 'Nidia', 'SabreenaNidia91@hmail.ca', '450-524-5687', 'iris378'),
('Melissia_Tam65', 'Melissia', 'Tam', 'MelissiaTam22@hmail.ca', '438-529-8215', 'pendulum521'),
('Tanya_Jenisha69', 'Tanya', 'Jenisha', 'TanyaJenisha44@coldmail.com', '438-811-1167', 'vault293'),
('Brigit_Natividad73', 'Brigit', 'Natividad', 'BrigitNatividad31@coldmail.com', '438-616-4126', 'committee526'),
('Ariele_Terrial42', 'Ariele', 'Terrial', 'ArieleTerrial39@coldmail.com', '450-333-1759', 'modernist163'),
('Latashia_Domminic81', 'Latashia', 'Domminic', 'LatashiaDomminic49@hmail.ca', '450-246-6261', 'butcher939'),
('Gia_Jerardo44', 'Gia', 'Jerardo', 'GiaJerardo45@coldmail.com', '514-662-2030', 'cassock333'),
('Asaf_Kaytie53', 'Asaf', 'Kaytie', 'AsafKaytie09@coldmail.com', '438-402-1719', 'surprise628'),
('Sheva_Jennyfer82', 'Sheva', 'Jennyfer', 'ShevaJennyfer36@coldmail.com', '450-747-7094', 'quicksand002'),
('Vannessa_Delois47', 'Vannessa', 'Delois', 'VannessaDelois14@coldmail.com', '514-773-6395', 'decision-making374'),
('Cristle_Nicloe50', 'Cristle', 'Nicloe', 'CristleNicloe55@hmail.ca', '514-899-1797', 'precedence295'),
('Jarron_Raschelle08', 'Jarron', 'Raschelle', 'JarronRaschelle76@coldmail.com', '450-164-1883', 'capon698'),
('Iyanna_Kaydi59', 'Iyanna', 'Kaydi', 'IyannaKaydi73@hmail.ca', '514-769-4811', 'obstacle298'),
('Aditya_Keyonna65', 'Aditya', 'Keyonna', 'AdityaKeyonna41@hmail.ca', '450-103-0339', 'guilty818'),
('Rosalina_Lucero99', 'Rosalina', 'Lucero', 'RosalinaLucero71@hmail.ca', '438-553-8797', 'mill490'),
('Liv_Isha29', 'Liv', 'Isha', 'LivIsha95@hmail.ca', '450-424-3683', 'yard378'),
('Angelisa_Ladanna86', 'Angelisa', 'Ladanna', 'AngelisaLadanna71@coldmail.com', '514-532-3240', 'fatigues088'),
('Jumana_Cameo46', 'Jumana', 'Cameo', 'JumanaCameo44@hmail.ca', '438-903-0494', 'frown570'),
('Tyrece_Peter33', 'Tyrece', 'Peter', 'TyrecePeter58@hmail.ca', '514-210-8418', 'fillet851'),
('Shantella_Ladon49', 'Shantella', 'Ladon', 'ShantellaLadon70@coldmail.com', '514-346-8739', 'crust040'),
('Dontee_Cathern30', 'Dontee', 'Cathern', 'DonteeCathern58@coldmail.com', '450-623-1457', 'speech555'),
('Pooja_Aldric78', 'Pooja', 'Aldric', 'PoojaAldric76@hmail.ca', '438-267-8545', 'mister291'),
('Mitul_Samie56', 'Mitul', 'Samie', 'MitulSamie92@hmail.ca', '514-002-9659', 'cria338'),
('Emillie_Nery98', 'Emillie', 'Nery', 'EmillieNery69@coldmail.com', '514-042-7015', 'overweight224'),
('Trista_Shalandra88', 'Trista', 'Shalandra', 'TristaShalandra18@hmail.ca', '514-994-3380', 'step-daughter422'),
('Morgen_Alsion95', 'Morgen', 'Alsion', 'MorgenAlsion52@coldmail.com', '514-127-8997', 'den507'),
('Davide_Lindamarie79', 'Davide', 'Lindamarie', 'DavideLindamarie33@coldmail.com', '514-333-2203', 'pickle052'),
('Timtohy_Mehran01', 'Timtohy', 'Mehran', 'TimtohyMehran83@coldmail.com', '450-633-3112', 'midwife423'),
('Venisha_Anabell20', 'Venisha', 'Anabell', 'VenishaAnabell38@hmail.ca', '450-288-7292', 'replica354'),
('Bunny_Garcelle00', 'Bunny', 'Garcelle', 'BunnyGarcelle59@hmail.ca', '514-180-3567', 'spice765'),
('Krishonda_Averie04', 'Krishonda', 'Averie', 'KrishondaAverie85@coldmail.com', '514-542-2568', 'underpass035'),
('Asael_Talayah87', 'Asael', 'Talayah', 'AsaelTalayah55@coldmail.com', '450-005-6494', 'lipid725'),
('Corwin_Kendl12', 'Corwin', 'Kendl', 'CorwinKendl72@hmail.ca', '514-014-2290', 'stacking382'),
('Zeshan_Randee49', 'Zeshan', 'Randee', 'ZeshanRandee14@hmail.ca', '514-142-9713', 'regret592'),
('Ladarious_Halley12', 'Ladarious', 'Halley', 'LadariousHalley88@coldmail.com', '450-714-2751', 'lumber911'),
('Lauretta_Rustin40', 'Lauretta', 'Rustin', 'LaurettaRustin55@coldmail.com', '514-333-2203', 'proceedings225'),
('Jontae_Shavonda82', 'Jontae', 'Shavonda', 'JontaeShavonda23@coldmail.com', '450-424-3683', 'quince355'),
('Develle_Khira31', 'Develle', 'Khira', 'DevelleKhira88@hmail.ca', '438-035-6566', 'congregation261'),
('Kieth_Rashad83', 'Kieth', 'Rashad', 'KiethRashad00@hmail.ca', '514-124-1409', 'pliers398'),
('Bethel_Sherika54', 'Bethel', 'Sherika', 'BethelSherika28@hmail.ca', '438-085-4657', 'fee798'),
('Shyam_Dakotah60', 'Shyam', 'Dakotah', 'ShyamDakotah42@coldmail.com', '450-980-0494', 'competitor072'),
('Otha_Antonios24', 'Otha', 'Antonios', 'OthaAntonios01@coldmail.com', '514-121-8991', 'step-uncle387'),
('Quanah_Levell21', 'Quanah', 'Levell', 'QuanahLevell99@coldmail.com', '514-310-4826', 'liner408'),
('Joshual_Chavon60', 'Joshual', 'Chavon', 'JoshualChavon50@coldmail.com', '438-192-0674', 'squatter003'),
('Taraann_Myiesha87', 'Taraann', 'Myiesha', 'TaraannMyiesha90@coldmail.com', '450-300-2264', 'baseboard508'),
('Sasan_Taryn68', 'Sasan', 'Taryn', 'SasanTaryn98@coldmail.com', '450-594-7610', 'foreigner673'),
('Traveon_Kamron29', 'Traveon', 'Kamron', 'TraveonKamron49@coldmail.com', '438-192-0674', 'sash625'),
('Giovana_Ilene55', 'Giovana', 'Ilene', 'GiovanaIlene83@coldmail.com', '514-804-8009', 'pill895'),
('Deonte_Viet06', 'Deonte', 'Viet', 'DeonteViet91@coldmail.com', '438-441-1780', 'sanction671'),
('Stasia_Leonel58', 'Stasia', 'Leonel', 'StasiaLeonel21@hmail.ca', '514-333-2203', 'graduate978'),
('Shaquilla_Lakshmi55', 'Shaquilla', 'Lakshmi', 'ShaquillaLakshmi76@coldmail.com', '450-714-2751', 'leek554'),
('Ray_Taunya16', 'Ray', 'Taunya', 'RayTaunya23@coldmail.com', '514-566-7035', 'mileage163'),
('Frimet_Dalvin07', 'Frimet', 'Dalvin', 'FrimetDalvin99@hmail.ca', '450-164-1883', 'snowboarding090'),
('Siara_Tina49', 'Siara', 'Tina', 'SiaraTina04@coldmail.com', '514-805-5578', 'tomorrow887'),
('Jolena_Muriel46', 'Jolena', 'Muriel', 'JolenaMuriel40@coldmail.com', '438-271-8639', 'appliance300'),
('Reid_Marquesha95', 'Reid', 'Marquesha', 'ReidMarquesha28@coldmail.com', '438-330-2483', 'codling908'),
('Jermy_Filip64', 'Jermy', 'Filip', 'JermyFilip66@coldmail.com', '450-089-8430', 'patriot217'),
('Katura_Natacha39', 'Katura', 'Natacha', 'KaturaNatacha16@hmail.ca', '514-427-1234', 'dulcimer807'),
('Coleton_Margret28', 'Coleton', 'Margret', 'ColetonMargret73@coldmail.com', '450-005-6494', 'entry777'),
('Fatin_Kania40', 'Fatin', 'Kania', 'FatinKania54@coldmail.com', '450-437-4112', 'humidity572'),
('Kerek_Tifani33', 'Kerek', 'Tifani', 'KerekTifani05@hmail.ca', '450-689-2545', 'prevalence303'),
('Kinley_Ennifer39', 'Kinley', 'Ennifer', 'KinleyEnnifer48@hmail.ca', '438-444-3098', 'treatment089'),
('Gullermo_Fredy71', 'Gullermo', 'Fredy', 'GullermoFredy77@hmail.ca', '438-083-3168', 'ethics228'),
('Sharea_Jatara91', 'Sharea', 'Jatara', 'ShareaJatara76@hmail.ca', '438-275-5534', 'clover948'),
('Jaya_Daymond14', 'Jaya', 'Daymond', 'JayaDaymond23@coldmail.com', '450-664-5687', 'quote169'),
('Tashika_Hamilton75', 'Tashika', 'Hamilton', 'TashikaHamilton14@coldmail.com', '438-623-5509', 'total987'),
('Daena_Azalia24', 'Daena', 'Azalia', 'DaenaAzalia85@hmail.ca', '438-387-5331', 'crib490'),
('Jahan_Estaban29', 'Jahan', 'Estaban', 'JahanEstaban44@hmail.ca', '450-839-4569', 'elevation215'),
('Gil_Davonne72', 'Gil', 'Davonne', 'GilDavonne63@coldmail.com', '514-021-0964', 'glockenspiel458'),
('Brittay_Amilcar24', 'Brittay', 'Amilcar', 'BrittayAmilcar81@hmail.ca', '514-739-7497', 'interferometer118'),
('Acacia_Dynasty67', 'Acacia', 'Dynasty', 'AcaciaDynasty03@coldmail.com', '514-935-0229', 'sleuth044'),
('Eleesha_Lysandra96', 'Eleesha', 'Lysandra', 'EleeshaLysandra12@hmail.ca', '450-949-0349', 'intellect911'),
('Andice_Alysia53', 'Andice', 'Alysia', 'AndiceAlysia90@hmail.ca', '450-254-5835', 'candidate716'),
('Corin_Darroll12', 'Corin', 'Darroll', 'CorinDarroll37@hmail.ca', '450-210-4007', 'farm095'),
('Atlee_Torre34', 'Atlee', 'Torre', 'AtleeTorre83@coldmail.com', '514-769-4811', 'explorer674'),
('Lacye_Bill91', 'Lacye', 'Bill', 'LacyeBill28@hmail.ca', '514-294-9098', 'disease225'),
('Chriselda_Mathan61', 'Chriselda', 'Mathan', 'ChriseldaMathan72@hmail.ca', '450-648-6293', 'graduation897'),
('Diamon_Lenamarie59', 'Diamon', 'Lenamarie', 'DiamonLenamarie72@hmail.ca', '450-210-4007', 'maniac864'),
('Towana_Sauel81', 'Towana', 'Sauel', 'TowanaSauel23@hmail.ca', '438-508-3357', 'dome510'),
('Katrina_Latrica09', 'Katrina', 'Latrica', 'KatrinaLatrica69@coldmail.com', '450-683-0009', 'sweatshirt851'),
('Kohl_Laquida60', 'Kohl', 'Laquida', 'KohlLaquida74@coldmail.com', '514-651-7888', 'recorder396'),
('Jenipher_Janeese14', 'Jenipher', 'Janeese', 'JenipherJaneese87@coldmail.com', '450-136-0021', 'chick988'),
('Darean_Casidy25', 'Darean', 'Casidy', 'DareanCasidy38@coldmail.com', '514-065-1326', 'hazel112'),
('Kammi_Mathieu87', 'Kammi', 'Mathieu', 'KammiMathieu75@coldmail.com', '438-161-9620', 'finer709'),
('Lorrena_Danyell30', 'Lorrena', 'Danyell', 'LorrenaDanyell00@coldmail.com', '450-891-7843', 'bathtub508'),
('Marquist_Demitri55', 'Marquist', 'Demitri', 'MarquistDemitri01@hmail.ca', '438-537-6110', 'toe823'),
('Larah_Neil53', 'Larah', 'Neil', 'LarahNeil14@coldmail.com', '514-804-8009', 'rum787'),
('Daid_Daniell02', 'Daid', 'Daniell', 'DaidDaniell03@hmail.ca', '450-204-0569', 'bagel211'),
('Terrin_Lakeish60', 'Terrin', 'Lakeish', 'TerrinLakeish80@hmail.ca', '450-150-4702', 'whack517'),
('Rhea_Lorraine73', 'Rhea', 'Lorraine', 'RheaLorraine60@hmail.ca', '514-736-8671', 'enrollment712'),
('Jalal_Tyechia99', 'Jalal', 'Tyechia', 'JalalTyechia23@coldmail.com', '514-024-0738', 'exposure791'),
('Darbie_Davien55', 'Darbie', 'Davien', 'DarbieDavien26@coldmail.com', '450-270-4288', 'conspiracy451'),
('Dawnelle_Tamilia80', 'Dawnelle', 'Tamilia', 'DawnelleTamilia95@hmail.ca', '438-823-9408', 'ecosystem221'),
('Waseem_Vanna96', 'Waseem', 'Vanna', 'WaseemVanna86@coldmail.com', '438-947-3673', 'consulate651'),
('Sarika_Kyree64', 'Sarika', 'Kyree', 'SarikaKyree69@coldmail.com', '514-219-6620', 'neologism119'),
('Kevan_Malaina75', 'Kevan', 'Malaina', 'KevanMalaina82@coldmail.com', '438-627-6600', 'buckle105'),
('Hobie_Creighton54', 'Hobie', 'Creighton', 'HobieCreighton41@coldmail.com', '514-705-0412', 'transition563'),
('Farrah_Leyla76', 'Farrah', 'Leyla', 'FarrahLeyla12@coldmail.com', '438-411-9292', 'flag867'),
('Nikkolas_Shaterra28', 'Nikkolas', 'Shaterra', 'NikkolasShaterra88@hmail.ca', '438-117-5793', 'pursuit530'),
('Rickelle_Joleigh50', 'Rickelle', 'Joleigh', 'RickelleJoleigh99@coldmail.com', '450-665-7132', 'broiler856'),
('Duron_Keoshia90', 'Duron', 'Keoshia', 'DuronKeoshia19@hmail.ca', '450-360-8696', 'scanner612'),
('Tamesha_Mathhew31', 'Tamesha', 'Mathhew', 'TameshaMathhew79@coldmail.com', '450-440-0839', 'ceramic592'),
('Sharnette_Sharnette46', 'Sharnette', 'Sharnette', 'SharnetteSharnette15@coldmail.com', '450-664-5687', 'iceberg486'),
('Rafeal_Shatonna35', 'Rafeal', 'Shatonna', 'RafealShatonna63@coldmail.com', '438-714-4698', 'language309'),
('Jalayne_Donell69', 'Jalayne', 'Donell', 'JalayneDonell99@coldmail.com', '450-222-5580', 'supervision727'),
('Duwayne_Kiona14', 'Duwayne', 'Kiona', 'DuwayneKiona79@hmail.ca', '438-815-0659', 'celery631'),
('Chantay_Chalice16', 'Chantay', 'Chalice', 'ChantayChalice07@coldmail.com', '438-161-9620', 'skyline164'),
('Yeni_Elina21', 'Yeni', 'Elina', 'YeniElina34@hmail.ca', '438-536-5170', 'paw440'),
('Neila_Elisabetta86', 'Neila', 'Elisabetta', 'NeilaElisabetta82@coldmail.com', '438-811-1167', 'cupcake610'),
('Teaira_Renier18', 'Teaira', 'Renier', 'TeairaRenier52@coldmail.com', '450-121-3496', 'commitment918'),
('Rochel_Cheron32', 'Rochel', 'Cheron', 'RochelCheron34@coldmail.com', '514-042-7015', 'business618'),
('Petra_Charlee12', 'Petra', 'Charlee', 'PetraCharlee41@hmail.ca', '450-151-4726', 'jade673'),
('Vana_Kaj56', 'Vana', 'Kaj', 'VanaKaj39@coldmail.com', '514-661-7825', 'mosque740'),
('Nikolai_Shelonda30', 'Nikolai', 'Shelonda', 'NikolaiShelonda20@hmail.ca', '514-949-2012', 'nerve898'),
('Caralee_Kennard98', 'Caralee', 'Kennard', 'CaraleeKennard62@hmail.ca', '438-947-3673', 'catacomb903'),
('Ginelle_Valerie07', 'Ginelle', 'Valerie', 'GinelleValerie22@coldmail.com', '450-179-6032', 'flare738'),
('Taylore_Shakeitha12', 'Taylore', 'Shakeitha', 'TayloreShakeitha32@hmail.ca', '514-661-7825', 'ballet932'),
('Kimia_Kenrick69', 'Kimia', 'Kenrick', 'KimiaKenrick59@coldmail.com', '514-933-8335', 'prophet269'),
('Raffinee_Chinwe97', 'Raffinee', 'Chinwe', 'RaffineeChinwe89@coldmail.com', '438-901-1509', 'restructuring571'),
('Tarica_Rohan24', 'Tarica', 'Rohan', 'TaricaRohan97@coldmail.com', '450-623-1457', 'chicory997'),
('Rock_Shiketa04', 'Rock', 'Shiketa', 'RockShiketa95@hmail.ca', '514-218-6124', 'final591'),
('Aleia_Renay72', 'Aleia', 'Renay', 'AleiaRenay87@hmail.ca', '438-823-9408', 'injunction045'),
('Damara_Laquite68', 'Damara', 'Laquite', 'DamaraLaquite71@hmail.ca', '438-919-8265', 'fix056'),
('Osamah_Wlliam06', 'Osamah', 'Wlliam', 'OsamahWlliam16@hmail.ca', '450-309-5007', 'piss052'),
('Jessy_Kaleah69', 'Jessy', 'Kaleah', 'JessyKaleah51@hmail.ca', '438-673-9140', 'fiesta474'),
('Bud_Garylee83', 'Bud', 'Garylee', 'BudGarylee01@coldmail.com', '514-218-6124', 'brother-in-law191'),
('Georgianna_Aurelia86', 'Georgianna', 'Aurelia', 'GeorgiannaAurelia08@hmail.ca', '514-862-3808', 'motor952'),
('Correen_Rebekha91', 'Correen', 'Rebekha', 'CorreenRebekha97@coldmail.com', '450-922-1488', 'sword585'),
('Afton_Florine15', 'Afton', 'Florine', 'AftonFlorine72@hmail.ca', '438-563-6393', 'witch-hunt756'),
('Tarence_Marizol17', 'Tarence', 'Marizol', 'TarenceMarizol76@hmail.ca', '450-016-0665', 'chocolate545'),
('Talin_Tarynn82', 'Talin', 'Tarynn', 'TalinTarynn40@hmail.ca', '438-117-5793', 'fear491'),
('Carlis_Nhia80', 'Carlis', 'Nhia', 'CarlisNhia30@hmail.ca', '438-016-3811', 'bias451'),
('Kimberely_Deontray77', 'Kimberely', 'Deontray', 'KimberelyDeontray96@hmail.ca', '514-804-8009', 'millennium330'),
('Kevis_Matthias05', 'Kevis', 'Matthias', 'KevisMatthias81@hmail.ca', '514-630-8786', 'frost475'),
('Sharise_Idrees73', 'Sharise', 'Idrees', 'ShariseIdrees77@coldmail.com', '514-354-4909', 'jaw175'),
('Davia_Shaindel05', 'Davia', 'Shaindel', 'DaviaShaindel47@hmail.ca', '450-089-8430', 'loft962'),
('Gwen_Jilliann99', 'Gwen', 'Jilliann', 'GwenJilliann47@hmail.ca', '514-296-6421', 'affiliate372'),
('Tyshia_Cristopher68', 'Tyshia', 'Cristopher', 'TyshiaCristopher75@coldmail.com', '450-360-8696', 'feature322'),
('Hyman_Carter98', 'Hyman', 'Carter', 'HymanCarter49@hmail.ca', '514-131-4408', 'food872'),
('Leaha_Shadee91', 'Leaha', 'Shadee', 'LeahaShadee35@coldmail.com', '450-776-0264', 'bosom042'),
('Tyishia_Donovin42', 'Tyishia', 'Donovin', 'TyishiaDonovin77@hmail.ca', '438-673-9140', 'heart-throb413'),
('Akil_Tal26', 'Akil', 'Tal', 'AkilTal13@hmail.ca', '450-149-6934', 'sky412'),
('Elesha_Juliana73', 'Elesha', 'Juliana', 'EleshaJuliana94@coldmail.com', '514-346-8739', 'invoice733'),
('Keilah_Akim04', 'Keilah', 'Akim', 'KeilahAkim11@coldmail.com', '438-508-3357', 'decision758'),
('Dallas_Lyndsay98', 'Dallas', 'Lyndsay', 'DallasLyndsay47@coldmail.com', '514-662-2030', 'pillbox932'),
('Janiel_Chino22', 'Janiel', 'Chino', 'JanielChino26@coldmail.com', '450-923-8828', 'kingfish701'),
('Xeng_Delio47', 'Xeng', 'Delio', 'XengDelio79@hmail.ca', '438-338-5311', 'illness202'),
('Arlana_Autry94', 'Arlana', 'Autry', 'ArlanaAutry48@hmail.ca', '450-017-8128', 'modeling284'),
('Rhoderick_Kendle47', 'Rhoderick', 'Kendle', 'RhoderickKendle66@hmail.ca', '514-972-0280', 'ginseng144'),
('Demian_Eldra56', 'Demian', 'Eldra', 'DemianEldra36@hmail.ca', '450-360-8696', 'stress545'),
('Catiria_Matasha20', 'Catiria', 'Matasha', 'CatiriaMatasha73@coldmail.com', '450-594-7610', 'appearance748'),
('Tambria_Kesia96', 'Tambria', 'Kesia', 'TambriaKesia26@coldmail.com', '450-143-2143', 'stacking158'),
('Meisha_Josey61', 'Meisha', 'Josey', 'MeishaJosey17@coldmail.com', '514-485-6670', 'leading175'),
('Marina_Markell50', 'Marina', 'Markell', 'MarinaMarkell33@hmail.ca', '450-977-5479', 'simvastatin756');

DELETE FROM Employer;
INSERT INTO Employer(UserName, EmployerName, Category, Balance)
VALUES ('Quana_Saleena56', 'Cut Rite Lawn Care', 'prime', '227.18'),
('Rubens_Elaine84', 'FedEx', 'prime', '57.3'),
('Doanld_Adi95', 'Jimmy Johns', 'gold', '-51.34'),
('Ashleyanne_Florian09', 'McCormick & Company', 'gold', '5.35'),
('Sabina_Veronika10', 'Alladins Lamp', 'prime', '0.36'),
('Becky_Shamela72', 'Total Network Development', 'prime', '287.93'),
('Sabreena_Nidia91', 'Apollo Group', 'gold', '74.13'),
('Melissia_Tam65', 'Lowes', 'prime', '4.67'),
('Tanya_Jenisha69', 'Elizabeth Arden', 'gold', '128.58'),
('Brigit_Natividad73', 'Datacorp', 'gold', '111.93'),
('Ariele_Terrial42', 'Safeco Corporation', 'prime', '167.04'),
('Latashia_Domminic81', 'Spherion', 'prime', '-45.0'),
('Gia_Jerardo44', 'Netaid', 'gold', '-69.64'),
('Asaf_Kaytie53', 'Gibson Guitar Corporation', 'prime', '211.71'),
('Sheva_Jennyfer82', 'Martin Marietta Materials', 'prime', '-28.09'),
('Vannessa_Delois47', 'Polaroid Corporation', 'prime', '63.35'),
('Cristle_Nicloe50', 'Jones Soda Co.', 'prime', '1.09'),
('Jarron_Raschelle08', 'Avaya', 'gold', '230.0'),
('Iyanna_Kaydi59', 'Bed Bath & Beyond', 'gold', '239.63'),
('Aditya_Keyonna65', 'Omni Tech', 'prime', '-8.77'),
('Rosalina_Lucero99', 'Silicon Image', 'gold', '-76.77'),
('Liv_Isha29', 'Planet Profit', 'gold', '-76.07'),
('Angelisa_Ladanna86', 'Fireball', 'gold', '-96.53'),
('Jumana_Cameo46', 'Corpbay', 'prime', '31.37'),
('Tyrece_Peter33', 'Marantz', 'gold', '277.3'),
('Shantella_Ladon49', 'Vantec', 'gold', '-59.66'),
('Dontee_Cathern30', 'SkyWest Airlines', 'prime', '235.23'),
('Pooja_Aldric78', 'Boise Cascade', 'prime', '-32.74'),
('Mitul_Samie56', 'Capital One', 'gold', '-52.95'),
('Emillie_Nery98', 'Danaher', 'prime', '-77.81'),
('Trista_Shalandra88', 'Macroserve', 'gold', '151.24'),
('Morgen_Alsion95', 'Master Builder Design Services', 'gold', '-40.15'),
('Davide_Lindamarie79', 'R. R. Donnelley & Sons', 'prime', '251.93'),
('Timtohy_Mehran01', 'Westat', 'prime', '51.03'),
('Venisha_Anabell20', 'Mikrotechnic', 'gold', '232.19'),
('Bunny_Garcelle00', 'First Choice Garden Maintenance', 'prime', '231.15'),
('Krishonda_Averie04', 'World of Fun', 'prime', '130.07'),
('Asael_Talayah87', 'Xray Eye & Vision Clinics', 'prime', '203.32'),
('Corwin_Kendl12', 'Arkeia Software', 'prime', '103.64'),
('Zeshan_Randee49', 'Publix', 'gold', '288.45'),
('Ladarious_Halley12', 'Pizza Hut', 'gold', '14.86'),
('Lauretta_Rustin40', 'The Flying Bear', 'prime', '39.17'),
('Jontae_Shavonda82', 'NBC Universal', 'gold', '251.97'),
('Develle_Khira31', 'Eden Lawn Service', 'gold', '167.64'),
('Kieth_Rashad83', 'Applied Industrial Technologies', 'gold', '-95.54'),
('Bethel_Sherika54', 'Amerigroup', 'gold', '-6.54'),
('Shyam_Dakotah60', 'Universal Design Partners', 'prime', '103.66'),
('Otha_Antonios24', 'facebook', 'prime', '284.12'),
('Quanah_Levell21', 'FileMaker Inc., formerly Claris Corp.', 'gold', '165.17'),
('Joshual_Chavon60', 'Whataburger', 'gold', '211.88');

DELETE FROM Applicant;
INSERT INTO Applicant(UserName, Category, Balance)
VALUES ('Taraann_Myiesha87', 'gold', '182.66'),
('Sasan_Taryn68', 'prime', '279.27'),
('Traveon_Kamron29', 'prime', '64.67'),
('Giovana_Ilene55', 'gold', '114.42'),
('Deonte_Viet06', 'gold', '-25.42'),
('Stasia_Leonel58', 'prime', '104.62'),
('Shaquilla_Lakshmi55', 'basic', '50.65'),
('Ray_Taunya16', 'gold', '-12.27'),
('Frimet_Dalvin07', 'prime', '172.19'),
('Siara_Tina49', 'gold', '-94.14'),
('Jolena_Muriel46', 'basic', '98.81'),
('Reid_Marquesha95', 'gold', '295.94'),
('Jermy_Filip64', 'basic', '-71.47'),
('Katura_Natacha39', 'prime', '166.11'),
('Coleton_Margret28', 'basic', '181.76'),
('Fatin_Kania40', 'prime', '165.44'),
('Kerek_Tifani33', 'prime', '90.37'),
('Kinley_Ennifer39', 'basic', '-4.63'),
('Gullermo_Fredy71', 'gold', '176.59'),
('Sharea_Jatara91', 'prime', '216.25'),
('Jaya_Daymond14', 'gold', '162.23'),
('Tashika_Hamilton75', 'prime', '154.34'),
('Daena_Azalia24', 'prime', '-96.17'),
('Jahan_Estaban29', 'basic', '251.64'),
('Gil_Davonne72', 'prime', '-39.13'),
('Brittay_Amilcar24', 'prime', '98.94'),
('Acacia_Dynasty67', 'prime', '-70.23'),
('Eleesha_Lysandra96', 'prime', '119.91'),
('Andice_Alysia53', 'prime', '208.94'),
('Corin_Darroll12', 'prime', '227.66'),
('Atlee_Torre34', 'basic', '-62.32'),
('Lacye_Bill91', 'gold', '54.46'),
('Chriselda_Mathan61', 'gold', '274.92'),
('Diamon_Lenamarie59', 'gold', '-82.27'),
('Towana_Sauel81', 'gold', '-69.85'),
('Katrina_Latrica09', 'gold', '220.96'),
('Kohl_Laquida60', 'gold', '207.05'),
('Jenipher_Janeese14', 'basic', '55.09'),
('Darean_Casidy25', 'prime', '245.2'),
('Kammi_Mathieu87', 'basic', '2.69'),
('Lorrena_Danyell30', 'prime', '295.47'),
('Marquist_Demitri55', 'basic', '10.47'),
('Larah_Neil53', 'basic', '74.84'),
('Daid_Daniell02', 'basic', '191.79'),
('Terrin_Lakeish60', 'prime', '227.67'),
('Rhea_Lorraine73', 'prime', '186.94'),
('Jalal_Tyechia99', 'prime', '110.01'),
('Darbie_Davien55', 'gold', '-20.41'),
('Dawnelle_Tamilia80', 'gold', '288.85'),
('Waseem_Vanna96', 'prime', '141.37'),
('Sarika_Kyree64', 'basic', '107.02'),
('Kevan_Malaina75', 'basic', '241.42'),
('Hobie_Creighton54', 'basic', '-17.7'),
('Farrah_Leyla76', 'basic', '94.05'),
('Nikkolas_Shaterra28', 'gold', '33.83'),
('Rickelle_Joleigh50', 'prime', '160.09'),
('Duron_Keoshia90', 'gold', '175.95'),
('Tamesha_Mathhew31', 'basic', '154.24'),
('Sharnette_Sharnette46', 'prime', '-15.05'),
('Rafeal_Shatonna35', 'basic', '103.95'),
('Jalayne_Donell69', 'prime', '-48.95'),
('Duwayne_Kiona14', 'gold', '-24.9'),
('Chantay_Chalice16', 'prime', '241.31'),
('Yeni_Elina21', 'gold', '-21.01'),
('Neila_Elisabetta86', 'prime', '245.26'),
('Teaira_Renier18', 'gold', '83.13'),
('Rochel_Cheron32', 'prime', '238.6'),
('Petra_Charlee12', 'gold', '-52.87'),
('Vana_Kaj56', 'basic', '111.13'),
('Nikolai_Shelonda30', 'gold', '52.37'),
('Caralee_Kennard98', 'gold', '142.88'),
('Ginelle_Valerie07', 'gold', '-42.35'),
('Taylore_Shakeitha12', 'basic', '32.52'),
('Kimia_Kenrick69', 'gold', '236.06'),
('Raffinee_Chinwe97', 'gold', '-23.58'),
('Tarica_Rohan24', 'basic', '162.94'),
('Rock_Shiketa04', 'basic', '-98.74'),
('Aleia_Renay72', 'prime', '144.0'),
('Damara_Laquite68', 'basic', '-62.26'),
('Osamah_Wlliam06', 'gold', '-1.94'),
('Jessy_Kaleah69', 'gold', '22.6'),
('Bud_Garylee83', 'gold', '239.46'),
('Georgianna_Aurelia86', 'gold', '180.5'),
('Correen_Rebekha91', 'gold', '274.24'),
('Afton_Florine15', 'basic', '49.91'),
('Tarence_Marizol17', 'prime', '-81.56'),
('Talin_Tarynn82', 'prime', '68.84'),
('Carlis_Nhia80', 'prime', '168.18'),
('Kimberely_Deontray77', 'gold', '282.67'),
('Kevis_Matthias05', 'prime', '16.66'),
('Sharise_Idrees73', 'basic', '250.3'),
('Davia_Shaindel05', 'basic', '23.48'),
('Gwen_Jilliann99', 'basic', '261.62'),
('Tyshia_Cristopher68', 'prime', '75.17'),
('Hyman_Carter98', 'prime', '184.81'),
('Leaha_Shadee91', 'basic', '50.05'),
('Tyishia_Donovin42', 'gold', '98.8'),
('Akil_Tal26', 'basic', '156.65'),
('Elesha_Juliana73', 'gold', '294.38'),
('Keilah_Akim04', 'basic', '-59.12');

DELETE FROM Admin;
INSERT INTO Admin(UserName)
VALUES ('Dallas_Lyndsay98'),
('Janiel_Chino22'),
('Xeng_Delio47'),
('Arlana_Autry94'),
('Rhoderick_Kendle47'),
('Demian_Eldra56'),
('Catiria_Matasha20'),
('Tambria_Kesia96'),
('Meisha_Josey61'),
('Marina_Markell50');

DELETE FROM Job;
INSERT INTO Job(JobID, EmployerUserName, Title, DatePosted, Description, Category, JobStatus, EmpNeeded)
VALUES ('2522', 'Gia_Jerardo44', 'College Football Coach', '2020-11-21', 'Looking for famed person. 3 years experience.',  'Science, Technology, Engineering, and Mathematics', '0', '2'),
('3636', 'Asaf_Kaytie53', 'Pipe Jeeper', '2020-9-10', 'Looking for erudite person. 2 years experience.',  'Architecture and Construction', '0', '2'),
('1073', 'Jontae_Shavonda82', 'Shared Services Representative', '2020-9-17', 'Looking for proving person. 5 years experience.',  'Human Services', '1', '2'),
('2141', 'Shyam_Dakotah60', 'Hot Dog Vendor', '2020-4-24', 'Looking for polished person. 4 years experience.',  'Government and Public Administration', '1', '3'),
('1463', 'Sabreena_Nidia91', 'Ripsawyer', '2020-8-1', 'Looking for easiness person. 3 years experience.',  'Government and Public Administration', '0', '3'),
('4277', 'Ladarious_Halley12', 'Broommaking Supervisor', '2020-6-21', 'Looking for hearten person. 5 years experience.',  'Finance', '1', '2'),
('1475', 'Ladarious_Halley12', 'Rubber-Goods Tester', '2020-1-13', 'Looking for principled person. 4 years experience.',  'Business Management and Administration', '1', '5'),
('4018', 'Zeshan_Randee49', 'Equity Sales Assistant', '2020-7-26', 'Looking for beckoning person. 5 years experience.',  'Education and Training', '0', '3'),
('3824', 'Sheva_Jennyfer82', 'Air Pollution Analyst', '2020-7-19', 'Looking for greatest person. 2 years experience.',  'Education and Training', '1', '3'),
('1674', 'Iyanna_Kaydi59', 'Transcription Manager', '2020-1-7', 'Looking for ardor person. 5 years experience.',  'Arts, Audio/Video, and Communications', '1', '5'),
('1401', 'Emillie_Nery98', 'Carton Wrapper', '2020-1-13', 'Looking for admire person. 4 years experience.',  'Agriculture and Natural Resources', '0', '5'),
('2372', 'Emillie_Nery98', 'Patternmaker, All-Around', '2020-7-11', 'Looking for peaceful person. 5 years experience.',  'Education and Training', '1', '4'),
('1759', 'Develle_Khira31', 'Liturgical Music Director', '2020-8-8', 'Looking for acclaimed person. 2 years experience.',  'Manufacturing', '1', '4'),
('1711', 'Jumana_Cameo46', 'Marine Engineer CPVEC', '2020-10-4', 'Looking for hale person. 5 years experience.',  'Business Management and Administration', '1', '2'),
('3263', 'Ladarious_Halley12', 'Prevention Specialist', '2020-2-6', 'Looking for reward person. 2 years experience.',  'Marketing, Sales and Service', '0', '2'),
('3496', 'Ariele_Terrial42', 'Military Pay Technician', '2020-12-23', 'Looking for courteous person. 1 years experience.',  'Human Services', '1', '1'),
('1758', 'Corwin_Kendl12', 'Medical Technologist', '2020-10-7', 'Looking for glow person. 1 years experience.',  'Manufacturing', '1', '5'),
('4122', 'Joshual_Chavon60', 'Rental Sales Associate', '2020-12-28', 'Looking for bolster person. 3 years experience.',  'Health Science', '0', '5'),
('5155', 'Dontee_Cathern30', 'Chain-Mortiser Operator', '2020-7-2', 'Looking for improves person. 5 years experience.',  'Hospitality and Tourism', '1', '4'),
('5066', 'Bethel_Sherika54', 'Warehouse Supervisor', '2020-2-19', 'Looking for standout person. 5 years experience.',  'Human Services', '1', '4'),
('1457', 'Rubens_Elaine84', 'Tester Operator', '2020-1-15', 'Looking for uphold person. 4 years experience.',  'Law, Public Safety, Corrections and Security', '0', '1'),
('2780', 'Dontee_Cathern30', 'Conductor/Brakeman', '2020-11-4', 'Looking for enraptured person. 2 years experience.',  'Human Services', '1', '2'),
('5490', 'Angelisa_Ladanna86', 'Wharf Attendant', '2020-11-6', 'Looking for sweetheart person. 1 years experience.',  'Law, Public Safety, Corrections and Security', '1', '2'),
('4845', 'Rubens_Elaine84', 'Electrical-Logging Engineer', '2020-2-25', 'Looking for crisper person. 5 years experience.',  'Architecture and Construction', '0', '2'),
('4897', 'Jontae_Shavonda82', 'Core-Composer Feeder', '2020-12-12', 'Looking for protective person. 5 years experience.',  'Education and Training', '1', '2'),
('2628', 'Ladarious_Halley12', 'Hose Tester', '2020-1-27', 'Looking for refunded person. 1 years experience.',  'Government and Public Administration', '0', '1'),
('4825', 'Quanah_Levell21', 'Activities Attendant', '2020-10-5', 'Looking for talent person. 2 years experience.',  'Hospitality and Tourism', '1', '5'),
('3026', 'Krishonda_Averie04', 'IT Infrastructure Engineer', '2020-12-12', 'Looking for honor person. 5 years experience.',  'Hospitality and Tourism', '1', '2'),
('5973', 'Ashleyanne_Florian09', 'Service Line Coordinator', '2020-3-25', 'Looking for admiring person. 1 years experience.',  'Marketing, Sales and Service', '1', '1'),
('4803', 'Bunny_Garcelle00', 'Transportation Analyst', '2020-7-14', 'Looking for handsome person. 5 years experience.',  'Information Technology', '1', '1'),
('1964', 'Angelisa_Ladanna86', 'Professional Shopper', '2020-1-26', 'Looking for fairness person. 3 years experience.',  'Government and Public Administration', '1', '3'),
('4752', 'Tyrece_Peter33', 'Disability Examiner', '2020-5-1', 'Looking for dextrous person. 5 years experience.',  'Health Science', '1', '1'),
('3690', 'Tyrece_Peter33', 'White Sugar Supervisor', '2020-3-9', 'Looking for ftw person. 3 years experience.',  'Health Science', '1', '2'),
('3452', 'Jontae_Shavonda82', 'Toxicology Teacher', '2020-5-15', 'Looking for invincible person. 2 years experience.',  'Finance', '1', '4'),
('2320', 'Jarron_Raschelle08', 'Radiation Therapist', '2020-11-18', 'Looking for comforting person. 2 years experience.',  'Hospitality and Tourism', '0', '4'),
('4357', 'Angelisa_Ladanna86', 'Plastic-Joint Maker', '2020-9-12', 'Looking for poeticize person. 1 years experience.',  'Government and Public Administration', '0', '3'),
('2543', 'Zeshan_Randee49', 'Pull Tab Dealer', '2020-12-6', 'Looking for chaste person. 5 years experience.',  'Law, Public Safety, Corrections and Security', '0', '4'),
('4084', 'Cristle_Nicloe50', 'Platinum and Palladium Kettle Tender', '2020-8-1', 'Looking for freshest person. 1 years experience.',  'Agriculture and Natural Resources', '0', '2'),
('2096', 'Emillie_Nery98', 'Clerical Order Filler', '2020-10-22', 'Looking for enrichment person. 4 years experience.',  'Law, Public Safety, Corrections and Security', '0', '1'),
('2794', 'Gia_Jerardo44', 'Nail Technician Teacher', '2020-6-12', 'Looking for succes person. 4 years experience.',  'Agriculture and Natural Resources', '1', '2'),
('1815', 'Quana_Saleena56', 'Process Development Chemist', '2020-12-3', 'Looking for heartening person. 1 years experience.',  'Health Science', '0', '5'),
('2030', 'Iyanna_Kaydi59', 'Hospice Volunteer Coordinator', '2020-7-24', 'Looking for civilize person. 4 years experience.',  'Science, Technology, Engineering, and Mathematics', '0', '5'),
('4677', 'Mitul_Samie56', 'Casino Slot Supervisor', '2020-10-27', 'Looking for recommend person. 4 years experience.',  'Arts, Audio/Video, and Communications', '1', '5'),
('4425', 'Melissia_Tam65', 'Crew Attendant', '2020-5-15', 'Looking for works person. 5 years experience.',  'Architecture and Construction', '0', '2'),
('5176', 'Sabina_Veronika10', 'Chief Scientist', '2020-3-1', 'Looking for luckiest person. 5 years experience.',  'Manufacturing', '1', '1'),
('4755', 'Tanya_Jenisha69', 'Security Officer Supervisor', '2020-4-9', 'Looking for gladness person. 1 years experience.',  'Health Science', '0', '1'),
('4602', 'Latashia_Domminic81', 'Car Repairman', '2020-8-14', 'Looking for seamless person. 4 years experience.',  'Human Services', '1', '2'),
('2985', 'Joshual_Chavon60', 'Marine Mechanic', '2020-2-26', 'Looking for warmer person. 4 years experience.',  'Manufacturing', '1', '3'),
('4267', 'Lauretta_Rustin40', 'Blood-Donor Recruiter', '2020-8-25', 'Looking for idolize person. 5 years experience.',  'Hospitality and Tourism', '0', '2'),
('5542', 'Gia_Jerardo44', 'Beaming-Machine Operator', '2020-5-12', 'Looking for cool person. 4 years experience.',  'Marketing, Sales and Service', '1', '3'),
('1615', 'Joshual_Chavon60', 'Teletype Installer', '2020-8-16', 'Looking for luminous person. 1 years experience.',  'Transportation, Distribution and Logistics', '0', '3'),
('5563', 'Bunny_Garcelle00', 'Vice President of News', '2020-3-14', 'Looking for calming person. 3 years experience.',  'Education and Training', '1', '5'),
('5051', 'Zeshan_Randee49', 'Aviation Ordnance Officer', '2020-2-4', 'Looking for trump person. 5 years experience.',  'Arts, Audio/Video, and Communications', '1', '3'),
('5653', 'Timtohy_Mehran01', 'Stoker Erector and Servicer', '2020-4-15', 'Looking for savior person. 2 years experience.',  'Hospitality and Tourism', '0', '5'),
('5201', 'Shyam_Dakotah60', 'Belt Fixer', '2020-8-4', 'Looking for exultant person. 2 years experience.',  'Science, Technology, Engineering, and Mathematics', '1', '4'),
('4208', 'Melissia_Tam65', 'Rubber And Pounder', '2020-3-12', 'Looking for savior person. 5 years experience.',  'Science, Technology, Engineering, and Mathematics', '1', '4'),
('2830', 'Brigit_Natividad73', 'Electro Plater', '2020-1-8', 'Looking for glimmering person. 1 years experience.',  'Finance', '0', '5'),
('4636', 'Melissia_Tam65', 'Legal Administrator', '2020-8-9', 'Looking for oasis person. 3 years experience.',  'Government and Public Administration', '1', '3'),
('5557', 'Emillie_Nery98', 'Mix Maker', '2020-6-16', 'Looking for easing person. 5 years experience.',  'Law, Public Safety, Corrections and Security', '1', '3'),
('4645', 'Bunny_Garcelle00', 'Mechatronics Technologist', '2020-10-14', 'Looking for respect person. 1 years experience.',  'Hospitality and Tourism', '1', '3'),
('4511', 'Bethel_Sherika54', 'Frit Coater', '2020-4-17', 'Looking for festive person. 1 years experience.',  'Arts, Audio/Video, and Communications', '0', '5'),
('3047', 'Trista_Shalandra88', 'Master Motorcycle Technician', '2020-4-29', 'Looking for crisp person. 2 years experience.',  'Government and Public Administration', '1', '2'),
('2130', 'Sabreena_Nidia91', 'Writer, Technical Publications', '2020-6-7', 'Looking for illuminati person. 5 years experience.',  'Information Technology', '0', '3'),
('3386', 'Becky_Shamela72', 'Rail Car Unloader', '2020-9-20', 'Looking for helpful person. 5 years experience.',  'Business Management and Administration', '1', '4'),
('5617', 'Joshual_Chavon60', 'Batch-Mixing-Truck Driver', '2020-9-28', 'Looking for felicitate person. 5 years experience.',  'Arts, Audio/Video, and Communications', '0', '2'),
('5689', 'Bethel_Sherika54', 'End Trimmer', '2020-8-11', 'Looking for cashback person. 3 years experience.',  'Education and Training', '0', '3'),
('2647', 'Brigit_Natividad73', 'Payable Representative', '2020-9-24', 'Looking for grand person. 5 years experience.',  'Human Services', '0', '4'),
('2535', 'Quanah_Levell21', 'Heating-Element Repairer', '2020-11-22', 'Looking for rock-star person. 5 years experience.',  'Arts, Audio/Video, and Communications', '1', '2'),
('1571', 'Corwin_Kendl12', 'Carrot Harvester', '2020-9-21', 'Looking for marvelled person. 2 years experience.',  'Agriculture and Natural Resources', '0', '5'),
('3142', 'Tyrece_Peter33', 'Matrix-Bath Attendant', '2020-8-18', 'Looking for infallible person. 4 years experience.',  'Human Services', '0', '4'),
('3010', 'Quana_Saleena56', 'Retail Specialist', '2020-11-2', 'Looking for easiest person. 2 years experience.',  'Architecture and Construction', '0', '2'),
('4424', 'Jontae_Shavonda82', 'Lead Data Architect', '2020-2-15', 'Looking for first-rate person. 5 years experience.',  'Business Management and Administration', '0', '1'),
('5400', 'Ariele_Terrial42', 'Director of Search Engine Optimization', '2020-4-3', 'Looking for favour person. 1 years experience.',  'Transportation, Distribution and Logistics', '1', '2'),
('5863', 'Doanld_Adi95', 'Certified Wellness Program Manager', '2020-9-11', 'Looking for firmer person. 3 years experience.',  'Human Services', '1', '1'),
('4959', 'Jarron_Raschelle08', 'Computer Specialist', '2020-1-21', 'Looking for desirous person. 1 years experience.',  'Health Science', '0', '4'),
('3101', 'Mitul_Samie56', 'Pattern Wheel Maker', '2020-10-15', 'Looking for sleek person. 4 years experience.',  'Transportation, Distribution and Logistics', '0', '4'),
('3630', 'Sabina_Veronika10', 'Electron-Beam Machine Welder Setter', '2020-8-27', 'Looking for dazzling person. 1 years experience.',  'Education and Training', '0', '4'),
('3862', 'Melissia_Tam65', 'Sales Service Technician', '2020-11-18', 'Looking for flawless person. 1 years experience.',  'Information Technology', '0', '3'),
('4882', 'Brigit_Natividad73', 'Group Home Paraprofessional', '2020-3-15', 'Looking for marveled person. 5 years experience.',  'Law, Public Safety, Corrections and Security', '0', '4'),
('5191', 'Melissia_Tam65', 'Feed Grinder', '2020-9-23', 'Looking for ingenious person. 1 years experience.',  'Agriculture and Natural Resources', '0', '4'),
('5160', 'Krishonda_Averie04', 'Walnut-Dehydrator Operator', '2020-12-4', 'Looking for reverent person. 1 years experience.',  'Government and Public Administration', '0', '1'),
('1499', 'Brigit_Natividad73', 'Office Machine Technician', '2020-4-3', 'Looking for remission person. 1 years experience.',  'Law, Public Safety, Corrections and Security', '0', '4'),
('1653', 'Ariele_Terrial42', 'Art Conservator', '2020-11-10', 'Looking for accomplish person. 3 years experience.',  'Law, Public Safety, Corrections and Security', '0', '5'),
('1785', 'Iyanna_Kaydi59', 'Lead Radiation Therapist', '2020-7-5', 'Looking for impeccable person. 4 years experience.',  'Agriculture and Natural Resources', '0', '1'),
('5341', 'Emillie_Nery98', 'Field Care Coordinator', '2020-2-13', 'Looking for satisfies person. 3 years experience.',  'Architecture and Construction', '0', '4'),
('3489', 'Becky_Shamela72', 'Internal Revenue Service Agent', '2020-5-21', 'Looking for tempting person. 1 years experience.',  'Business Management and Administration', '1', '5'),
('5253', 'Rosalina_Lucero99', 'Collections Clerk', '2020-12-25', 'Looking for glad person. 5 years experience.',  'Finance', '0', '4'),
('3442', 'Shyam_Dakotah60', 'Veneer Patcher', '2020-10-2', 'Looking for tenacious person. 3 years experience.',  'Manufacturing', '0', '4'),
('2574', 'Liv_Isha29', 'News Video Editor', '2020-4-24', 'Looking for tenacious person. 5 years experience.',  'Finance', '1', '1'),
('1593', 'Becky_Shamela72', 'Political Science Chair', '2020-5-17', 'Looking for dawn person. 3 years experience.',  'Government and Public Administration', '1', '4'),
('3726', 'Corwin_Kendl12', 'Oil-Well Services Field Supervisor', '2020-12-20', 'Looking for faithful person. 2 years experience.',  'Agriculture and Natural Resources', '0', '1'),
('5572', 'Latashia_Domminic81', 'Silver Chaser', '2020-12-4', 'Looking for whoooa person. 4 years experience.',  'Health Science', '0', '1'),
('2249', 'Cristle_Nicloe50', 'Sheet Metal Lay Out Worker', '2020-9-8', 'Looking for talents person. 3 years experience.',  'Human Services', '1', '5'),
('1676', 'Morgen_Alsion95', 'Hammer Mill Operator', '2020-2-28', 'Looking for popular person. 2 years experience.',  'Agriculture and Natural Resources', '1', '5'),
('1168', 'Morgen_Alsion95', 'Vamp Throater', '2020-8-27', 'Looking for empathize person. 1 years experience.',  'Education and Training', '1', '2'),
('4999', 'Develle_Khira31', 'Head Field Hockey Coach', '2020-7-29', 'Looking for rightness person. 5 years experience.',  'Education and Training', '0', '4'),
('4581', 'Becky_Shamela72', 'Credit Reference Clerk', '2020-5-22', 'Looking for savings person. 3 years experience.',  'Agriculture and Natural Resources', '1', '2'),
('4233', 'Rubens_Elaine84', 'Head Butler', '2020-3-24', 'Looking for reverence person. 2 years experience.',  'Arts, Audio/Video, and Communications', '1', '2'),
('3238', 'Liv_Isha29', 'Cook, Tortilla', '2020-4-25', 'Looking for overtaking person. 3 years experience.',  'Manufacturing', '0', '3'),
('5377', 'Dontee_Cathern30', 'Accounting Specialist', '2020-10-2', 'Looking for inspiring person. 1 years experience.',  'Architecture and Construction', '1', '5'),
('3053', 'Bunny_Garcelle00', 'Boring-Machine Operator, Horizontal', '2020-11-2', 'Looking for fantastic person. 4 years experience.',  'Science, Technology, Engineering, and Mathematics', '1', '5'),
('4774', 'Shantella_Ladon49', 'Geothermal Operations Engineer', '2020-12-9', 'Looking for enlighten person. 5 years experience.',  'Law, Public Safety, Corrections and Security', '0', '5'),
('2036', 'Otha_Antonios24', 'Chips Screen Tender', '2020-2-21', 'Looking for worth person. 1 years experience.',  'Finance', '0', '4'),
('4220', 'Becky_Shamela72', 'Pulley Mortiser Operator', '2020-11-19', 'Looking for titillate person. 3 years experience.',  'Education and Training', '0', '3'),
('1281', 'Venisha_Anabell20', 'Applications Support Analyst', '2020-4-21', 'Looking for exceeded person. 2 years experience.',  'Hospitality and Tourism', '1', '1'),
('3093', 'Trista_Shalandra88', 'Radio Disc Jockey', '2020-1-9', 'Looking for luxuriant person. 2 years experience.',  'Government and Public Administration', '0', '3'),
('3635', 'Bethel_Sherika54', 'Jelly Maker', '2020-3-19', 'Looking for safe person. 1 years experience.',  'Agriculture and Natural Resources', '1', '3'),
('2297', 'Asael_Talayah87', 'Fire Claims Adjuster', '2020-7-17', 'Looking for agreeable person. 3 years experience.',  'Law, Public Safety, Corrections and Security', '0', '5'),
('1122', 'Liv_Isha29', 'Wildlife Biologist', '2020-1-23', 'Looking for reputable person. 2 years experience.',  'Human Services', '1', '4'),
('5564', 'Mitul_Samie56', 'Horse Stud Worker', '2020-8-28', 'Looking for affordable person. 4 years experience.',  'Finance', '1', '3'),
('4479', 'Asael_Talayah87', 'Loan Expeditor', '2020-2-6', 'Looking for enrich person. 2 years experience.',  'Agriculture and Natural Resources', '1', '3'),
('5846', 'Venisha_Anabell20', 'Patternmaker, Plaster', '2020-12-1', 'Looking for enthral person. 2 years experience.',  'Information Technology', '1', '2'),
('1753', 'Timtohy_Mehran01', 'Outside Sales Engineer', '2020-2-13', 'Looking for boundless person. 2 years experience.',  'Arts, Audio/Video, and Communications', '0', '2'),
('2908', 'Vannessa_Delois47', 'Rigging and Controls Aircraft Mechanic', '2020-10-11', 'Looking for glitz person. 2 years experience.',  'Human Services', '0', '3'),
('4802', 'Morgen_Alsion95', 'Paper-Coating-Machine Operator', '2020-6-28', 'Looking for supreme person. 1 years experience.',  'Hospitality and Tourism', '0', '4'),
('2376', 'Latashia_Domminic81', 'Driver Education Road Instructor', '2020-4-5', 'Looking for benefactor person. 4 years experience.',  'Transportation, Distribution and Logistics', '0', '4'),
('2412', 'Gia_Jerardo44', 'Brazing Machine Operator', '2020-3-22', 'Looking for painless person. 1 years experience.',  'Architecture and Construction', '0', '3'),
('4613', 'Timtohy_Mehran01', 'Proof-Machine-Operator Supervisor', '2020-2-11', 'Looking for eminence person. 2 years experience.',  'Education and Training', '0', '1'),
('1391', 'Otha_Antonios24', 'Bioprocess Engineer', '2020-11-5', 'Looking for poeticize person. 2 years experience.',  'Architecture and Construction', '0', '4'),
('3380', 'Corwin_Kendl12', 'Dough-Mixer Operator', '2020-10-27', 'Looking for sweeten person. 3 years experience.',  'Law, Public Safety, Corrections and Security', '0', '1'),
('3521', 'Pooja_Aldric78', 'Viscose Cellar Worker', '2020-12-17', 'Looking for cool person. 1 years experience.',  'Transportation, Distribution and Logistics', '1', '3'),
('5891', 'Shantella_Ladon49', 'Cloth-Bleaching Supervisor', '2020-2-10', 'Looking for tolerable person. 4 years experience.',  'Finance', '0', '3'),
('2410', 'Zeshan_Randee49', 'Fireworks Assembler', '2020-12-3', 'Looking for softer person. 4 years experience.',  'Business Management and Administration', '0', '2'),
('4223', 'Dontee_Cathern30', 'Corner Brace Block Machine Operator', '2020-9-26', 'Looking for sincere person. 5 years experience.',  'Agriculture and Natural Resources', '1', '5'),
('4525', 'Tyrece_Peter33', 'Glove Stitcher', '2020-8-1', 'Looking for secure person. 2 years experience.',  'Information Technology', '0', '5'),
('5017', 'Jarron_Raschelle08', 'Belt-Loop Maker', '2020-11-2', 'Looking for desirable person. 4 years experience.',  'Marketing, Sales and Service', '0', '3'),
('5522', 'Zeshan_Randee49', 'Lithographer Apprentice', '2020-11-9', 'Looking for assurances person. 2 years experience.',  'Health Science', '0', '5'),
('3089', 'Asaf_Kaytie53', 'Financial Accounting Analyst', '2020-4-22', 'Looking for reforms person. 2 years experience.',  'Law, Public Safety, Corrections and Security', '0', '3'),
('5993', 'Develle_Khira31', 'Track-Broom Operator', '2020-8-12', 'Looking for favor person. 5 years experience.',  'Health Science', '0', '1'),
('3861', 'Trista_Shalandra88', 'Mall Plant Caretaker', '2020-5-11', 'Looking for assuring person. 5 years experience.',  'Architecture and Construction', '0', '5'),
('2527', 'Cristle_Nicloe50', 'Supervisor, Bridges And Buildings', '2020-6-20', 'Looking for overture person. 3 years experience.',  'Science, Technology, Engineering, and Mathematics', '0', '1'),
('2146', 'Davide_Lindamarie79', 'Soap Drier Tender', '2020-7-24', 'Looking for greatest person. 4 years experience.',  'Finance', '0', '1'),
('5164', 'Shantella_Ladon49', 'Pocket Marker', '2020-8-27', 'Looking for tenacious person. 3 years experience.',  'Education and Training', '1', '5'),
('5971', 'Jarron_Raschelle08', 'Supervisor, Product Inspection', '2020-4-20', 'Looking for thrive person. 4 years experience.',  'Science, Technology, Engineering, and Mathematics', '0', '2'),
('3043', 'Sabina_Veronika10', 'Icebox Man', '2020-9-21', 'Looking for ample person. 4 years experience.',  'Architecture and Construction', '0', '4'),
('5106', 'Tyrece_Peter33', 'Chemical Analyst', '2020-2-15', 'Looking for endorsed person. 4 years experience.',  'Agriculture and Natural Resources', '0', '1'),
('1114', 'Rubens_Elaine84', 'Automobile Radiator Mechanic', '2020-4-24', 'Looking for sociable person. 3 years experience.',  'Law, Public Safety, Corrections and Security', '1', '3'),
('5134', 'Develle_Khira31', 'Hospitalist', '2020-7-22', 'Looking for eloquent person. 2 years experience.',  'Human Services', '0', '3'),
('5683', 'Quanah_Levell21', 'Platform Material Handling Supervisor', '2020-12-28', 'Looking for glad person. 2 years experience.',  'Information Technology', '1', '1'),
('4721', 'Latashia_Domminic81', 'Acquisitions Editor', '2020-3-6', 'Looking for protect person. 4 years experience.',  'Manufacturing', '0', '3'),
('1842', 'Rubens_Elaine84', 'Casino Porter', '2020-1-23', 'Looking for engrossing person. 2 years experience.',  'Law, Public Safety, Corrections and Security', '0', '2'),
('1662', 'Jontae_Shavonda82', 'Natural Resource Economist', '2020-9-22', 'Looking for ample person. 4 years experience.',  'Human Services', '0', '3'),
('5025', 'Joshual_Chavon60', 'Attache', '2020-12-3', 'Looking for suitable person. 5 years experience.',  'Information Technology', '0', '5'),
('3154', 'Latashia_Domminic81', 'Grade Recorder', '2020-6-3', 'Looking for portable person. 5 years experience.',  'Law, Public Safety, Corrections and Security', '0', '5'),
('2607', 'Ashleyanne_Florian09', 'High School History Teacher', '2020-10-25', 'Looking for cheerful person. 4 years experience.',  'Business Management and Administration', '1', '1'),
('2447', 'Latashia_Domminic81', 'Production or Plant Engineer', '2020-5-4', 'Looking for tops person. 4 years experience.',  'Manufacturing', '0', '2'),
('2484', 'Quanah_Levell21', 'Sample Wrapper', '2020-12-25', 'Looking for ebullient person. 1 years experience.',  'Health Science', '0', '5'),
('5493', 'Mitul_Samie56', 'Physician Practice Manager', '2020-2-17', 'Looking for prefered person. 2 years experience.',  'Manufacturing', '0', '5'),
('3085', 'Trista_Shalandra88', 'Brand Ambassador Promotional Model', '2020-2-16', 'Looking for renowned person. 1 years experience.',  'Finance', '1', '5'),
('4932', 'Develle_Khira31', 'EMT/Paramedic', '2020-7-7', 'Looking for available person. 3 years experience.',  'Health Science', '1', '4'),
('2663', 'Krishonda_Averie04', 'Levee Superintendent', '2020-10-5', 'Looking for low-risk person. 5 years experience.',  'Education and Training', '0', '1'),
('4330', 'Rosalina_Lucero99', 'Messenger, Copy', '2020-5-4', 'Looking for enthuse person. 2 years experience.',  'Law, Public Safety, Corrections and Security', '1', '1'),
('3599', 'Aditya_Keyonna65', 'Cloth Sponger', '2020-8-6', 'Looking for victorious person. 5 years experience.',  'Transportation, Distribution and Logistics', '0', '4'),
('3641', 'Shyam_Dakotah60', 'Instrument Operator', '2020-10-18', 'Looking for tougher person. 1 years experience.',  'Agriculture and Natural Resources', '0', '3'),
('4600', 'Asael_Talayah87', 'Petrographer', '2020-12-28', 'Looking for mesmerized person. 5 years experience.',  'Government and Public Administration', '0', '1'),
('4137', 'Emillie_Nery98', 'Rivet Tapping Machine Operator', '2020-2-12', 'Looking for bravo person. 3 years experience.',  'Information Technology', '1', '5'),
('3813', 'Latashia_Domminic81', 'Studio Manager', '2020-4-9', 'Looking for hotcake person. 4 years experience.',  'Science, Technology, Engineering, and Mathematics', '1', '1'),
('5519', 'Shyam_Dakotah60', 'Pest Management Supervisor', '2020-5-22', 'Looking for appeal person. 4 years experience.',  'Transportation, Distribution and Logistics', '0', '2'),
('3206', 'Venisha_Anabell20', 'Resort Manager', '2020-9-20', 'Looking for amiable person. 5 years experience.',  'Science, Technology, Engineering, and Mathematics', '0', '2'),
('1013', 'Quana_Saleena56', 'Moth Exterminator', '2020-1-23', 'Looking for like person. 5 years experience.',  'Marketing, Sales and Service', '1', '5'),
('5760', 'Doanld_Adi95', 'Social Work Assistant', '2020-4-16', 'Looking for inspiring person. 3 years experience.',  'Architecture and Construction', '0', '4'),
('5317', 'Davide_Lindamarie79', 'Battery Starter', '2020-7-16', 'Looking for assurances person. 2 years experience.',  'Hospitality and Tourism', '0', '2'),
('3596', 'Pooja_Aldric78', 'Bicycle Fitter', '2020-10-22', 'Looking for gentle person. 3 years experience.',  'Agriculture and Natural Resources', '1', '3'),
('5997', 'Brigit_Natividad73', 'Steamboat Pilot', '2020-4-29', 'Looking for saint person. 1 years experience.',  'Architecture and Construction', '1', '1'),
('4534', 'Ashleyanne_Florian09', 'Local City Driver', '2020-5-2', 'Looking for cohesive person. 1 years experience.',  'Business Management and Administration', '0', '1'),
('2777', 'Develle_Khira31', 'Sports Clerk', '2020-3-21', 'Looking for miracle person. 1 years experience.',  'Transportation, Distribution and Logistics', '0', '4'),
('3290', 'Ladarious_Halley12', 'Oiler Bander', '2020-5-28', 'Looking for steadiness person. 1 years experience.',  'Health Science', '1', '3'),
('1306', 'Cristle_Nicloe50', 'Skin Care Specialist', '2020-11-9', 'Looking for godlike person. 4 years experience.',  'Architecture and Construction', '0', '5'),
('1836', 'Cristle_Nicloe50', 'Clerk of Works', '2020-10-18', 'Looking for celebrate person. 4 years experience.',  'Hospitality and Tourism', '0', '4'),
('4454', 'Ariele_Terrial42', 'Physician Assistant Surgery', '2020-1-17', 'Looking for guiltless person. 5 years experience.',  'Marketing, Sales and Service', '0', '2'),
('1119', 'Gia_Jerardo44', 'Steward/Stewardess, Deck', '2020-2-18', 'Looking for richer person. 1 years experience.',  'Agriculture and Natural Resources', '1', '1'),
('4295', 'Gia_Jerardo44', 'Senior Oracle Dba', '2020-5-24', 'Looking for healthful person. 2 years experience.',  'Transportation, Distribution and Logistics', '1', '4'),
('3232', 'Joshual_Chavon60', 'Floor Sweeper', '2020-8-22', 'Looking for calmness person. 3 years experience.',  'Hospitality and Tourism', '1', '3'),
('4903', 'Brigit_Natividad73', 'Line Haul Driver', '2020-7-15', 'Looking for judicious person. 4 years experience.',  'Architecture and Construction', '0', '5'),
('4239', 'Zeshan_Randee49', 'Email Marketing Specialist', '2020-2-1', 'Looking for excelled person. 3 years experience.',  'Hospitality and Tourism', '0', '4'),
('3240', 'Corwin_Kendl12', 'Internet Developer', '2020-4-14', 'Looking for boost person. 5 years experience.',  'Government and Public Administration', '0', '4'),
('5865', 'Joshual_Chavon60', 'Fruit Bar Maker', '2020-5-5', 'Looking for benifits person. 5 years experience.',  'Transportation, Distribution and Logistics', '0', '5'),
('4913', 'Kieth_Rashad83', 'Global Mobility Specialist', '2020-6-16', 'Looking for delighted person. 5 years experience.',  'Manufacturing', '1', '3'),
('4697', 'Sheva_Jennyfer82', 'Wastewater-Treatment Plant Instructor', '2020-9-23', 'Looking for revel person. 1 years experience.',  'Health Science', '0', '1'),
('3436', 'Sabreena_Nidia91', 'Strawhat Sizer', '2020-3-3', 'Looking for cohesive person. 2 years experience.',  'Arts, Audio/Video, and Communications', '1', '3'),
('2965', 'Cristle_Nicloe50', 'Device Engineer', '2020-10-10', 'Looking for triumph person. 3 years experience.',  'Education and Training', '1', '2'),
('4615', 'Sabina_Veronika10', 'Pattern Grader Supervisor', '2020-4-5', 'Looking for rejoicing person. 2 years experience.',  'Education and Training', '0', '1'),
('3566', 'Sheva_Jennyfer82', 'Drop Wire Hanger', '2020-6-10', 'Looking for succeeds person. 1 years experience.',  'Finance', '0', '1'),
('4257', 'Sabina_Veronika10', 'Service Crew Leader', '2020-9-20', 'Looking for cheer person. 5 years experience.',  'Science, Technology, Engineering, and Mathematics', '0', '5'),
('4177', 'Develle_Khira31', 'Plug Grower', '2020-7-12', 'Looking for harmonize person. 4 years experience.',  'Information Technology', '1', '1'),
('2821', 'Ariele_Terrial42', 'Core Extruder', '2020-11-3', 'Looking for gooood person. 4 years experience.',  'Agriculture and Natural Resources', '1', '2'),
('5122', 'Kieth_Rashad83', 'Blending Tank Tender Helper', '2020-1-27', 'Looking for reasoned person. 2 years experience.',  'Arts, Audio/Video, and Communications', '1', '2'),
('4982', 'Becky_Shamela72', 'Pharmacy Informaticist', '2020-4-28', 'Looking for reachable person. 2 years experience.',  'Health Science', '0', '5'),
('5189', 'Asaf_Kaytie53', 'Fishing-Rod Marker', '2020-4-11', 'Looking for mesmerize person. 2 years experience.',  'Government and Public Administration', '1', '5'),
('5767', 'Tyrece_Peter33', 'Frame-Table-Operator Helper', '2020-3-14', 'Looking for sensible person. 4 years experience.',  'Business Management and Administration', '1', '2'),
('2748', 'Iyanna_Kaydi59', 'Hearing Aid Fitter', '2020-7-20', 'Looking for harmless person. 2 years experience.',  'Human Services', '0', '3'),
('5050', 'Tyrece_Peter33', 'Cyber Reverse Engineer', '2020-4-12', 'Looking for vibrant person. 2 years experience.',  'Information Technology', '0', '1'),
('4130', 'Quanah_Levell21', 'Automobile Painter', '2020-9-11', 'Looking for perfection person. 1 years experience.',  'Architecture and Construction', '0', '5'),
('1600', 'Emillie_Nery98', 'On Site Property Manager', '2020-3-28', 'Looking for exceeded person. 5 years experience.',  'Finance', '0', '3'),
('2541', 'Zeshan_Randee49', 'Staking-Press Operator', '2020-2-27', 'Looking for inspiring person. 1 years experience.',  'Health Science', '0', '5'),
('2468', 'Cristle_Nicloe50', 'Sugar Cane Planter Machine Operator', '2020-2-11', 'Looking for amazes person. 3 years experience.',  'Business Management and Administration', '1', '4'),
('5499', 'Vannessa_Delois47', 'Flux-Tube Attendant', '2020-12-17', 'Looking for delighted person. 4 years experience.',  'Science, Technology, Engineering, and Mathematics', '1', '4'),
('5355', 'Melissia_Tam65', 'Food Safety Coordinator', '2020-2-20', 'Looking for cherished person. 2 years experience.',  'Business Management and Administration', '1', '3'),
('2602', 'Angelisa_Ladanna86', 'Operator', '2020-12-3', 'Looking for plush person. 2 years experience.',  'Information Technology', '1', '1'),
('5692', 'Angelisa_Ladanna86', 'Ornamental Metal Worker', '2020-3-7', 'Looking for luck person. 4 years experience.',  'Agriculture and Natural Resources', '1', '4');

DELETE FROM CreditCardInfo;
INSERT INTO CreditCardInfo(CCNumber, ExpireDate, CCBNumber, IsDefault, Auto_Manual)
VALUES ('0665120238734036', '2022-7-6', '286', '0', '0'),
('0038420764802084', '2022-7-8', '940', '0', '0'),
('3310914711457198', '2022-9-7', '071', '0', '0'),
('5103392543436989', '2021-10-10', '728', '0', '0'),
('6713435493113638', '2022-9-23', '440', '1', '1'),
('4334812480211344', '2021-10-19', '074', '0', '0'),
('2829353612131889', '2022-1-2', '859', '0', '0'),
('3108561978404532', '2022-6-3', '019', '0', '0'),
('1510756851298682', '2022-9-19', '198', '0', '0'),
('0545198412672181', '2021-2-25', '237', '0', '0'),
('0035793986501070', '2021-7-9', '359', '1', '1'),
('2549525800568388', '2021-5-14', '166', '0', '0'),
('9666480766377926', '2022-6-21', '951', '0', '0'),
('0289953736773987', '2022-10-11', '413', '1', '1'),
('1906133774050432', '2022-1-26', '913', '0', '0'),
('8805820092314490', '2021-10-8', '796', '0', '0'),
('5527874038471593', '2022-6-5', '401', '0', '0'),
('0532995311898496', '2021-1-8', '117', '0', '0'),
('4618235387949583', '2022-5-6', '613', '0', '0'),
('3507181982513551', '2022-3-15', '310', '0', '0'),
('6824377151491044', '2022-4-20', '869', '0', '0'),
('8538527750390151', '2022-10-15', '202', '0', '0'),
('5312973481616732', '2022-1-11', '524', '1', '1'),
('0323941642185056', '2021-3-28', '134', '0', '0'),
('0619248968988288', '2022-10-10', '987', '1', '1'),
('4297082292960540', '2022-8-19', '980', '0', '0'),
('3567727604258091', '2022-4-24', '543', '0', '0'),
('4561562105965468', '2021-4-19', '405', '0', '0'),
('8691030084555343', '2022-1-23', '167', '0', '0'),
('7933829491397602', '2021-5-27', '192', '0', '0'),
('7792935627434473', '2021-10-17', '840', '0', '0'),
('4453088593773567', '2021-3-8', '569', '0', '0'),
('3129383071681719', '2021-10-26', '424', '1', '1'),
('6420534939698787', '2021-9-25', '493', '0', '0'),
('0276097671407850', '2022-2-17', '363', '0', '0'),
('1151126006322910', '2022-8-3', '030', '0', '0'),
('3391699911957060', '2022-10-17', '432', '0', '0'),
('2537592433840661', '2022-9-22', '856', '1', '1'),
('0461385754997460', '2022-9-28', '771', '0', '0'),
('4020179038984796', '2021-7-12', '603', '0', '0'),
('7122959045696437', '2021-5-3', '896', '0', '0'),
('3484877641085968', '2022-10-8', '414', '0', '0'),
('3022639205213787', '2022-1-11', '118', '0', '0'),
('9584442690112882', '2021-6-26', '492', '0', '0'),
('9919393861028069', '2022-6-28', '876', '0', '0'),
('1106728874281838', '2021-6-20', '411', '0', '0'),
('3037855620322482', '2021-7-27', '021', '0', '0'),
('2911283553162094', '2021-3-11', '966', '0', '0'),
('1865302276216577', '2021-4-17', '080', '0', '0'),
('7597060761729738', '2021-6-7', '804', '0', '0'),
('0282969890482183', '2021-2-15', '600', '0', '0'),
('2051092481471924', '2021-7-17', '313', '0', '0'),
('8711522143146107', '2022-4-19', '146', '0', '0'),
('7985508291115268', '2021-11-15', '551', '0', '0'),
('3852640329411779', '2022-4-25', '574', '1', '1'),
('2472228273993577', '2021-11-15', '944', '0', '0'),
('9814336728319049', '2021-3-23', '703', '0', '0'),
('4509790294811120', '2022-10-15', '260', '0', '0'),
('6228854732834060', '2022-4-2', '825', '0', '0'),
('7620247876568318', '2022-7-24', '284', '1', '1'),
('6907708762808719', '2022-8-6', '889', '0', '0'),
('1729911589612563', '2021-4-26', '722', '0', '0'),
('1986610695420458', '2021-11-4', '849', '1', '1'),
('6016613032777499', '2022-9-8', '359', '0', '0'),
('9355171547261146', '2021-2-9', '564', '0', '0'),
('6650215647464472', '2022-3-14', '402', '0', '0'),
('0019309923858310', '2021-8-24', '234', '1', '1'),
('4332937734535759', '2022-4-28', '213', '0', '0'),
('0038804538987221', '2022-6-9', '160', '1', '1'),
('6309267042179245', '2021-5-15', '657', '0', '0'),
('3511485743878847', '2022-9-15', '259', '0', '0'),
('5803205569718671', '2021-5-16', '325', '0', '0'),
('2634143084720371', '2022-6-11', '431', '0', '0'),
('0734846750138308', '2022-11-8', '111', '0', '0'),
('6300349056132779', '2021-9-14', '732', '0', '0'),
('8622873761138724', '2022-10-17', '117', '0', '0'),
('4433323888206182', '2021-11-28', '879', '0', '0'),
('3157074047889552', '2022-10-28', '929', '0', '0'),
('0445401855503685', '2022-11-1', '857', '0', '0'),
('0920534848090376', '2022-2-2', '489', '0', '0'),
('8845106022668017', '2021-11-1', '484', '0', '0'),
('8628467002776547', '2022-2-20', '859', '0', '0'),
('1872791222754483', '2021-11-23', '566', '0', '0'),
('0432155780325390', '2022-6-13', '235', '0', '0'),
('9388899585439282', '2021-3-28', '783', '0', '0'),
('0287084886389816', '2022-8-25', '649', '1', '1'),
('4393098046218668', '2021-8-17', '349', '0', '0'),
('0010091944418212', '2021-8-17', '771', '1', '1'),
('1767363832340416', '2021-6-16', '494', '0', '0'),
('9067975410373503', '2021-8-11', '257', '0', '0'),
('5493308003869415', '2022-2-18', '736', '0', '0'),
('0191030316440537', '2022-8-3', '820', '1', '1'),
('9416415685386766', '2022-8-28', '826', '0', '0'),
('7336166295951380', '2021-4-17', '385', '0', '0'),
('2510295093225582', '2021-5-24', '057', '1', '1'),
('9031193219280118', '2022-6-13', '877', '1', '1'),
('6364559875181210', '2022-5-1', '115', '0', '0'),
('2766213015842546', '2021-6-15', '054', '0', '0'),
('1380596364961329', '2021-11-23', '540', '0', '0'),
('6813380248413283', '2022-2-27', '603', '1', '1'),
('5627678947044366', '2021-5-8', '528', '0', '0'),
('9398758931364813', '2022-1-4', '656', '1', '1'),
('6949506465366430', '2022-4-18', '933', '1', '1'),
('2231831712422123', '2022-11-3', '146', '1', '1'),
('1867657653619214', '2021-10-8', '232', '1', '1'),
('9506214166907960', '2021-6-26', '858', '0', '0'),
('6725534888432127', '2021-10-6', '968', '0', '0'),
('4546206095946077', '2021-4-23', '195', '1', '1'),
('8470927203380004', '2021-2-28', '446', '1', '1'),
('5412059601017912', '2021-11-26', '541', '1', '1'),
('1090686697426593', '2022-1-13', '425', '0', '0'),
('4092943770411450', '2021-11-17', '955', '0', '0'),
('9339415365441685', '2021-10-9', '930', '1', '1'),
('9418248384278325', '2022-10-15', '613', '0', '0'),
('7850445356081162', '2022-4-13', '967', '0', '0'),
('1917614040286044', '2021-2-19', '147', '1', '1'),
('7911000996282652', '2022-3-28', '750', '0', '0'),
('9838793917335688', '2022-5-5', '847', '1', '1'),
('9697970560668177', '2022-11-5', '488', '0', '0'),
('2432439787030402', '2021-5-2', '293', '1', '1'),
('8973468478315653', '2021-10-14', '305', '0', '0'),
('4779924957971537', '2021-7-20', '431', '0', '0'),
('3542508280915800', '2022-4-23', '322', '0', '0'),
('6113726957355800', '2021-11-7', '658', '0', '0'),
('6292709926866780', '2022-10-14', '804', '0', '0'),
('8613197537736292', '2021-7-1', '805', '0', '0'),
('5038338820189277', '2021-2-21', '506', '0', '0'),
('1409356969678007', '2021-6-27', '535', '0', '0'),
('2461222139080862', '2022-6-17', '215', '1', '1'),
('3408934635600334', '2021-7-26', '357', '0', '0'),
('3801507668798659', '2022-11-14', '188', '0', '0'),
('2182236608538727', '2021-10-6', '850', '1', '1'),
('9901961995760606', '2022-6-4', '171', '0', '0'),
('2416611396593651', '2021-10-27', '420', '0', '0'),
('6070311232146417', '2022-8-12', '065', '0', '0'),
('8900929705304254', '2022-6-16', '047', '0', '0'),
('4947906580603706', '2021-8-2', '112', '0', '0'),
('3436487011580149', '2022-2-5', '532', '0', '0'),
('8659199367792568', '2021-7-20', '495', '0', '0'),
('7165178547926049', '2022-4-20', '899', '0', '0'),
('6715996529119723', '2022-8-13', '061', '0', '0'),
('9585684182117449', '2021-5-26', '539', '1', '1'),
('4916466167817103', '2022-7-5', '315', '0', '0'),
('2978974434654736', '2021-5-5', '127', '0', '0'),
('1986673810603471', '2021-10-23', '538', '1', '1'),
('3620117210350124', '2021-8-5', '212', '0', '0'),
('6281847622747789', '2022-6-24', '149', '0', '0'),
('2595338111054197', '2022-7-14', '036', '0', '0'),
('3110159963243990', '2022-9-7', '023', '0', '0'),
('6701647763209916', '2022-6-6', '351', '1', '1'),
('5071068139719721', '2022-3-21', '563', '0', '0'),
('1925299476142511', '2021-2-4', '985', '0', '0'),
('9592772756920060', '2021-10-18', '306', '1', '1'),
('2290800840802485', '2021-9-12', '977', '0', '0'),
('3446351297553573', '2022-9-3', '370', '0', '0'),
('5987598084314122', '2021-7-25', '111', '0', '0'),
('1838242714355945', '2021-9-28', '471', '0', '0'),
('2595861771811771', '2021-7-25', '065', '0', '0'),
('7827627240454807', '2022-5-21', '142', '0', '0'),
('7972118738085259', '2022-2-9', '387', '0', '0'),
('1107252381948680', '2022-7-28', '042', '0', '0'),
('0122686794785093', '2021-4-12', '226', '0', '0'),
('2317433980918240', '2022-8-13', '718', '0', '0'),
('5100243578322195', '2022-4-3', '686', '1', '1'),
('8715515300209128', '2022-4-27', '618', '0', '0'),
('5729884639212608', '2021-4-14', '358', '0', '0'),
('8575921826470096', '2022-8-11', '526', '1', '1'),
('1005570846877896', '2022-3-21', '036', '0', '0'),
('7456935501663909', '2022-4-18', '454', '0', '0'),
('5228145939336331', '2022-3-15', '154', '0', '0'),
('8365506916306740', '2022-5-19', '444', '0', '0'),
('3611685180467523', '2021-6-17', '510', '0', '0'),
('3608375793374652', '2021-4-5', '190', '0', '0'),
('8878585216238832', '2021-9-25', '055', '0', '0'),
('8214585465904317', '2021-5-26', '686', '0', '0'),
('1641011103542483', '2022-4-28', '858', '0', '0'),
('0491654462849365', '2021-10-25', '433', '0', '0'),
('0282341807779538', '2022-2-14', '289', '1', '1'),
('1268667828637217', '2021-6-11', '118', '0', '0'),
('2197277206579352', '2021-7-21', '465', '0', '0'),
('2575572753910079', '2021-9-4', '132', '0', '0'),
('2111438665143813', '2022-3-21', '942', '0', '0'),
('4364671568778788', '2022-5-5', '564', '0', '0'),
('4882565592630930', '2022-7-27', '732', '0', '0'),
('3467078514649858', '2021-10-15', '687', '0', '0'),
('6239166214423125', '2021-4-8', '081', '1', '1'),
('0589779653337930', '2021-1-17', '014', '0', '0'),
('8828928480853005', '2021-2-15', '967', '0', '0'),
('3547100040959102', '2021-1-4', '980', '0', '0'),
('4639195140432548', '2021-2-18', '686', '0', '0'),
('7965221618371555', '2021-1-17', '344', '0', '0'),
('9432002511656123', '2021-8-4', '791', '0', '0'),
('5614456230850931', '2021-4-15', '954', '0', '0'),
('2373306975933339', '2022-2-3', '152', '1', '1'),
('8210085793104359', '2021-2-10', '235', '0', '0'),
('1112729974736658', '2021-3-15', '732', '0', '0'),
('1201019142902917', '2021-1-22', '713', '0', '0'),
('5630784235585059', '2021-8-8', '755', '0', '0'),
('2739814455426523', '2021-8-10', '241', '0', '0'),
('0212979699389432', '2021-1-21', '273', '0', '0'),
('1308857105683129', '2021-8-6', '253', '0', '0'),
('2454355966720159', '2022-1-1', '350', '0', '0'),
('0855876450394980', '2022-9-10', '073', '1', '1'),
('6948759138784862', '2022-10-4', '321', '0', '0'),
('4698105590141584', '2021-6-4', '137', '1', '1'),
('3314659682301047', '2021-8-7', '084', '0', '0'),
('0037114690747279', '2022-5-1', '090', '0', '0'),
('8756123571580438', '2021-1-1', '583', '0', '0'),
('8302385332752634', '2022-6-17', '232', '0', '0'),
('8991971763084016', '2022-10-21', '225', '0', '0'),
('7929251050535098', '2021-2-1', '700', '0', '0'),
('5712332602974223', '2021-4-1', '924', '0', '0'),
('7029154981061065', '2021-3-21', '781', '0', '0'),
('0965567473387233', '2022-4-16', '611', '0', '0'),
('6382409513043270', '2021-4-23', '612', '0', '0'),
('8255337047154166', '2021-5-2', '145', '1', '1'),
('2163299793888346', '2021-9-24', '363', '0', '0'),
('4816616829636727', '2022-8-15', '190', '0', '0'),
('9094796838156471', '2022-4-18', '738', '0', '0'),
('8145905475970274', '2021-5-7', '441', '1', '1'),
('4955893162736490', '2022-11-11', '473', '0', '0'),
('1509597606900299', '2022-2-15', '942', '0', '0'),
('6686980477567794', '2022-10-9', '332', '1', '1'),
('6977123201234576', '2021-5-8', '204', '0', '0'),
('9630602237146550', '2022-11-5', '342', '1', '1'),
('7777049406752372', '2022-3-16', '081', '1', '1'),
('7837277477381896', '2021-7-23', '683', '0', '0'),
('5019086715201208', '2022-3-25', '931', '1', '1'),
('9420168542242554', '2021-6-2', '698', '0', '0'),
('7512361832106798', '2021-2-27', '711', '0', '0'),
('1050789890620185', '2021-1-16', '128', '1', '1'),
('6218521736660128', '2021-9-5', '125', '0', '0'),
('1145653145705339', '2022-7-9', '325', '0', '0'),
('2412147902790075', '2021-10-15', '416', '0', '0'),
('8830505633999183', '2022-10-19', '459', '0', '0'),
('8975957467340433', '2021-1-16', '808', '0', '0'),
('8004215197221997', '2021-11-5', '864', '0', '0'),
('1292216669091169', '2021-4-3', '291', '0', '0'),
('1887345561092679', '2022-1-27', '876', '0', '0'),
('2704744667392884', '2021-7-25', '584', '0', '0'),
('3790434049833335', '2022-11-21', '259', '1', '1'),
('2206520424546535', '2022-7-15', '182', '0', '0'),
('7005146025441794', '2021-9-4', '571', '0', '0'),
('4524423115831138', '2022-2-26', '622', '0', '0'),
('2444667034226714', '2022-2-5', '833', '0', '0'),
('5702385766129752', '2022-10-7', '956', '0', '0'),
('6410722766148370', '2022-4-19', '031', '0', '0'),
('2940718639859496', '2022-8-23', '381', '1', '1'),
('9137783060842905', '2022-6-11', '601', '0', '0'),
('6931078004147604', '2022-8-20', '331', '0', '0'),
('1691095911046720', '2022-1-4', '955', '0', '0'),
('1467547002126445', '2021-1-10', '057', '1', '1'),
('7642508503866947', '2022-6-13', '253', '0', '0'),
('4168034098612728', '2021-2-16', '064', '1', '1'),
('7648053410937849', '2022-9-23', '976', '0', '0'),
('7568522845736627', '2022-8-11', '409', '0', '0'),
('9096439224458107', '2021-3-11', '736', '0', '0'),
('9286340944739747', '2022-4-26', '185', '0', '0'),
('6102461168995039', '2021-5-25', '435', '1', '1'),
('0539379845965163', '2022-9-7', '234', '0', '0'),
('0607379596941728', '2021-11-22', '837', '0', '0'),
('0483830244970739', '2021-5-16', '168', '0', '0'),
('6079276410500020', '2022-7-5', '307', '1', '1'),
('4712931748839808', '2022-8-1', '436', '0', '0'),
('1201595037600853', '2022-9-6', '886', '0', '0'),
('1109686892473940', '2022-8-11', '255', '0', '0'),
('4432346572965618', '2021-2-10', '777', '0', '0'),
('1486894753063124', '2022-10-12', '734', '0', '0'),
('6562998607413918', '2021-7-16', '156', '0', '0'),
('8402492215357107', '2021-8-24', '820', '1', '1'),
('8497690335502923', '2022-6-4', '902', '0', '0'),
('6401374561455617', '2022-10-1', '442', '0', '0'),
('1548481065637263', '2022-2-28', '971', '0', '0'),
('4233032260184940', '2022-7-11', '557', '0', '0'),
('6319242509467170', '2021-8-18', '519', '0', '0'),
('4846899771690022', '2021-3-21', '090', '0', '0'),
('8725175781417276', '2021-1-2', '006', '0', '0'),
('5786457490811660', '2021-10-21', '506', '0', '0'),
('2306651769551085', '2021-4-2', '610', '1', '1'),
('5884568719423400', '2022-8-22', '668', '0', '0'),
('0541500026975043', '2022-8-6', '729', '0', '0'),
('5555459836130693', '2022-6-5', '977', '0', '0'),
('1635810406679486', '2021-4-5', '959', '0', '0'),
('4333191600286752', '2021-8-18', '248', '0', '0'),
('8866978210860297', '2021-10-11', '778', '0', '0'),
('8350733148684134', '2022-6-28', '981', '1', '1'),
('6634234042798091', '2021-6-10', '073', '0', '0'),
('9917663267345467', '2021-8-13', '496', '0', '0'),
('5988842529755403', '2022-6-22', '774', '0', '0'),
('3401755483660594', '2022-2-25', '867', '0', '0'),
('2809636269350562', '2021-3-26', '137', '0', '0'),
('3398761085492447', '2022-2-14', '271', '0', '0'),
('3965135614205679', '2021-11-20', '731', '0', '0'),
('1685698617887841', '2022-11-12', '456', '1', '1'),
('3487410704843981', '2022-2-14', '902', '0', '0'),
('3469287502007065', '2021-7-26', '833', '0', '0'),
('8961185802501017', '2022-3-7', '551', '0', '0'),
('3419986264218031', '2021-10-22', '441', '0', '0'),
('6287555167967121', '2022-5-27', '591', '1', '1'),
('5053494532708309', '2021-7-20', '721', '0', '0'),
('4950693947540352', '2021-7-23', '449', '0', '0'),
('9405843770277813', '2021-7-18', '597', '1', '1'),
('6895113674649500', '2021-4-12', '741', '0', '0'),
('4393181906115922', '2022-2-17', '794', '1', '1'),
('7679439478053214', '2021-8-8', '949', '1', '1'),
('3575710039147344', '2022-3-28', '438', '0', '0'),
('1250498803373144', '2021-9-2', '827', '0', '0'),
('1102920809229526', '2022-3-5', '229', '1', '1'),
('8043117388203373', '2021-7-9', '718', '0', '0'),
('4702240414732813', '2021-10-27', '820', '0', '0'),
('0279156117420191', '2021-9-20', '762', '1', '1'),
('0471542772417963', '2022-8-10', '858', '0', '0'),
('3051762702283716', '2021-7-17', '627', '0', '0'),
('3348848133860806', '2021-3-11', '888', '0', '0'),
('8187470860561086', '2022-2-19', '895', '1', '1'),
('7636316728099688', '2022-10-4', '438', '0', '0'),
('2926853269588346', '2021-7-20', '866', '0', '0'),
('0400380910095563', '2021-7-20', '856', '1', '1'),
('2393400575143660', '2022-10-8', '997', '0', '0'),
('8207619033051723', '2022-7-18', '303', '1', '1'),
('0310450093098291', '2021-11-28', '388', '1', '1'),
('8075860991976193', '2021-8-2', '729', '1', '1'),
('5660269991640021', '2022-9-4', '956', '1', '1'),
('2386625950925999', '2021-5-15', '962', '0', '0'),
('5088895037443887', '2021-3-5', '534', '0', '0'),
('4467008095212542', '2021-8-2', '219', '0', '0'),
('2833508653751706', '2021-9-11', '658', '1', '1'),
('9516925424039359', '2021-1-25', '587', '0', '0'),
('9872661176496064', '2021-5-27', '104', '0', '0'),
('6712533135744050', '2022-3-19', '663', '0', '0'),
('8270693321330415', '2022-10-27', '271', '0', '0'),
('7026851644459825', '2021-7-7', '223', '0', '0'),
('6658267817351160', '2021-1-22', '061', '0', '0'),
('4887844910988274', '2021-8-4', '096', '0', '0'),
('8869191551607418', '2022-11-26', '243', '1', '1'),
('3775599932118543', '2022-4-13', '466', '0', '0'),
('7806380922697816', '2022-9-10', '993', '0', '0'),
('8343836822784282', '2021-11-2', '239', '0', '0'),
('9615681012502446', '2022-6-15', '338', '0', '0'),
('2665929997564954', '2021-3-15', '903', '0', '0'),
('2055333968592262', '2022-11-20', '622', '0', '0'),
('5604324844277381', '2021-5-20', '950', '0', '0'),
('3030926539596864', '2022-1-14', '313', '1', '1'),
('9424917922559574', '2021-4-2', '695', '0', '0'),
('2542491091632156', '2022-8-11', '573', '0', '0'),
('8942389112970580', '2022-1-27', '091', '1', '1'),
('4211936757838661', '2021-6-25', '436', '1', '1'),
('2188018746992808', '2022-10-5', '117', '0', '0'),
('3136971469167388', '2022-3-21', '273', '0', '0'),
('2964956561190178', '2021-1-6', '450', '0', '0'),
('3642119818311329', '2021-5-8', '157', '0', '0'),
('0177697709056075', '2022-11-18', '980', '1', '1'),
('0338597641489602', '2021-7-2', '091', '0', '0'),
('6986157236893412', '2021-6-4', '110', '0', '0'),
('8764295972321172', '2021-4-27', '625', '1', '1'),
('2435228474314050', '2021-1-20', '253', '0', '0'),
('8926696000490554', '2022-3-13', '617', '0', '0'),
('6715471093088026', '2022-3-21', '356', '0', '0'),
('4094311292004867', '2021-1-20', '249', '0', '0'),
('6648083191306557', '2021-9-24', '948', '0', '0'),
('5521770468988380', '2022-2-12', '024', '0', '0'),
('4508407266376047', '2021-10-15', '929', '0', '0'),
('9433303571835688', '2022-9-15', '433', '0', '0'),
('1801253809189728', '2022-2-14', '201', '0', '0'),
('7356622510422023', '2021-6-28', '472', '0', '0'),
('7968663928335301', '2022-8-23', '202', '0', '0'),
('2538997525422510', '2021-2-9', '061', '1', '1'),
('8582809185473418', '2021-10-23', '214', '0', '0');

DELETE FROM PADInfo;
INSERT INTO PADInfo(AccountNumber, InstituteNumber, BranchNumber, IsDefault, Auto_Manual)
VALUES ('9976894', '810', '36859', '1', '1'),
('0779256', '219', '61456', '0', '0'),
('6939111', '846', '46861', '0', '0'),
('4015552', '315', '40123', '0', '0'),
('1900337', '344', '44672', '1', '1'),
('0748176', '606', '91291', '0', '0'),
('4595757', '349', '56352', '0', '0'),
('9157709', '241', '36707', '0', '0'),
('7936954', '345', '57235', '0', '0'),
('3984073', '269', '97280', '0', '0'),
('8769380', '323', '95737', '1', '1'),
('4738461', '245', '14549', '1', '1'),
('1201614', '507', '97546', '0', '0'),
('0336062', '889', '13717', '0', '0'),
('6225689', '360', '99423', '0', '0'),
('4917343', '361', '35857', '1', '1'),
('7944506', '522', '36393', '0', '0'),
('7483975', '250', '71072', '0', '0'),
('8242261', '854', '90305', '0', '0'),
('0902080', '345', '18911', '0', '0'),
('0177414', '606', '14221', '0', '0'),
('0505454', '865', '13888', '0', '0'),
('1623671', '344', '57100', '1', '1'),
('5778820', '568', '14186', '0', '0'),
('4070925', '361', '26752', '0', '0'),
('7350280', '606', '86760', '0', '0'),
('2956277', '837', '22448', '1', '1'),
('7461863', '532', '91150', '0', '0'),
('8403195', '620', '46901', '0', '0'),
('0228425', '039', '90292', '1', '1'),
('7119926', '290', '65829', '0', '0'),
('5561932', '030', '57645', '0', '0'),
('1370284', '807', '81845', '1', '1'),
('7738954', '342', '89637', '0', '0'),
('8077310', '010', '40504', '0', '0'),
('5102534', '626', '95975', '0', '0'),
('6130622', '830', '67241', '1', '1'),
('6244771', '308', '64092', '0', '0'),
('7897151', '570', '63036', '0', '0'),
('9448742', '219', '29030', '1', '1'),
('6378724', '318', '14830', '0', '0'),
('9322832', '357', '25852', '0', '0'),
('9837671', '260', '33631', '0', '0'),
('6874569', '620', '86826', '0', '0'),
('7848334', '347', '62045', '0', '0'),
('4607280', '352', '35053', '1', '1'),
('1052601', '310', '31248', '0', '0'),
('1952793', '333', '33923', '0', '0'),
('8399370', '323', '61599', '0', '0'),
('3498826', '360', '25622', '0', '0'),
('6400312', '532', '41822', '0', '0'),
('2121850', '840', '38436', '0', '0'),
('8274805', '614', '75734', '0', '0'),
('0608147', '828', '56618', '1', '1'),
('4464732', '837', '20308', '0', '0'),
('3379446', '839', '94962', '0', '0'),
('1117663', '240', '63751', '1', '1'),
('1997324', '333', '56293', '0', '0'),
('8789028', '614', '76417', '0', '0'),
('1611437', '004', '17405', '1', '1'),
('1741040', '349', '17325', '0', '0'),
('9264937', '614', '17419', '0', '0'),
('8648280', '004', '68594', '0', '0'),
('9221752', '536', '58369', '1', '1'),
('7480596', '349', '11182', '0', '0'),
('5444516', '030', '88658', '0', '0'),
('4816356', '002', '33280', '0', '0'),
('7115310', '270', '81681', '0', '0'),
('8707206', '311', '99873', '0', '0'),
('0410441', '846', '65017', '0', '0'),
('2288867', '270', '16575', '0', '0'),
('2010728', '618', '99255', '0', '0'),
('0670097', '592', '75197', '0', '0'),
('7774605', '360', '32208', '0', '0'),
('0664697', '275', '58601', '0', '0'),
('7171554', '343', '53600', '0', '0'),
('7444060', '002', '42807', '0', '0'),
('8868358', '879', '51274', '0', '0'),
('1413151', '323', '15520', '0', '0'),
('5136384', '326', '80385', '0', '0'),
('7958007', '303', '85540', '0', '0'),
('6792853', '242', '24240', '0', '0'),
('9419930', '620', '26399', '0', '0'),
('4666670', '245', '78961', '0', '0'),
('8101904', '614', '68834', '1', '1'),
('3459334', '608', '53394', '0', '0'),
('6407566', '819', '57349', '0', '0'),
('5245896', '308', '46658', '0', '0'),
('6732201', '339', '29861', '0', '0'),
('6671435', '307', '83943', '0', '0'),
('4769906', '277', '63829', '0', '0'),
('7650708', '509', '64582', '0', '0'),
('9933358', '630', '68823', '0', '0'),
('5712172', '333', '54501', '0', '0'),
('8626963', '625', '23376', '0', '0'),
('6037979', '352', '90286', '0', '0'),
('1452575', '846', '46521', '0', '0'),
('5799339', '340', '20155', '0', '0'),
('1929591', '626', '77083', '0', '0'),
('7953171', '004', '28573', '0', '0'),
('0897620', '308', '86239', '0', '0'),
('6602342', '241', '27053', '0', '0'),
('0978513', '241', '54624', '0', '0'),
('3060582', '346', '89758', '0', '0'),
('0515990', '536', '34350', '0', '0'),
('0306330', '322', '92108', '0', '0'),
('9465413', '540', '65876', '0', '0'),
('9733670', '003', '58502', '0', '0'),
('6330261', '326', '32876', '0', '0'),
('1323929', '854', '80365', '0', '0'),
('2326678', '830', '26838', '1', '1'),
('9482653', '807', '25714', '0', '0'),
('0472161', '336', '24928', '0', '0'),
('1394010', '548', '51899', '0', '0'),
('9453034', '338', '56069', '0', '0'),
('8221356', '336', '99293', '0', '0'),
('1833913', '829', '24458', '0', '0'),
('9996359', '551', '11599', '0', '0'),
('8840886', '361', '30581', '0', '0'),
('5255605', '623', '42214', '1', '1'),
('4251363', '334', '96795', '1', '1'),
('8499385', '002', '96747', '0', '0'),
('4709196', '240', '63750', '0', '0'),
('6453957', '509', '25318', '0', '0'),
('2852701', '590', '11134', '0', '0'),
('7856012', '540', '98971', '0', '0'),
('8190164', '570', '56470', '0', '0'),
('5113417', '830', '48793', '0', '0'),
('8400832', '334', '19260', '0', '0'),
('4945707', '001', '56990', '0', '0'),
('9139042', '842', '72820', '1', '1'),
('0171317', '548', '80438', '0', '0'),
('6107318', '334', '22740', '0', '0'),
('3107960', '241', '46336', '0', '0'),
('6557129', '608', '65262', '1', '1'),
('6018490', '830', '37187', '1', '1'),
('5941468', '328', '77652', '0', '0'),
('1750907', '338', '99028', '0', '0'),
('4747096', '308', '68435', '0', '0'),
('9185490', '321', '80625', '0', '0'),
('0751445', '307', '77132', '1', '1'),
('0094448', '309', '57179', '0', '0'),
('6579676', '580', '36968', '0', '0'),
('7303446', '004', '78811', '0', '0'),
('3996698', '550', '71378', '0', '0'),
('1893021', '334', '10762', '0', '0'),
('1574239', '001', '12825', '0', '0'),
('0628259', '307', '10012', '0', '0'),
('2427922', '004', '27798', '0', '0'),
('2769105', '245', '91793', '1', '1'),
('5529715', '899', '32524', '1', '1'),
('5509550', '536', '96330', '0', '0'),
('4837068', '245', '78616', '0', '0'),
('0161824', '830', '95704', '1', '1'),
('6451695', '340', '15564', '0', '0'),
('2197183', '808', '59343', '0', '0'),
('3406704', '346', '70984', '0', '0'),
('4957971', '603', '79297', '0', '0'),
('5069846', '333', '22236', '0', '0'),
('7536947', '242', '73423', '1', '1'),
('9504151', '808', '60002', '0', '0'),
('9756497', '614', '75236', '0', '0'),
('3718533', '839', '55729', '0', '0'),
('6105483', '327', '34993', '1', '1'),
('6584413', '854', '19951', '0', '0'),
('1121790', '250', '27325', '1', '1'),
('6908139', '536', '62626', '0', '0'),
('2077291', '332', '21539', '0', '0'),
('8155495', '245', '32304', '0', '0'),
('9974795', '006', '48074', '0', '0'),
('2404801', '346', '43558', '0', '0'),
('1520807', '336', '29437', '1', '1'),
('3927505', '308', '18858', '0', '0'),
('5435821', '332', '24772', '0', '0'),
('1021701', '242', '54517', '0', '0'),
('8477889', '550', '29506', '0', '0'),
('4860949', '260', '93377', '0', '0'),
('7476988', '839', '42899', '1', '1'),
('0856454', '330', '48137', '0', '0'),
('1479765', '865', '38797', '0', '0'),
('8446363', '003', '44088', '1', '1'),
('8151333', '338', '52840', '0', '0'),
('5761141', '290', '61358', '0', '0'),
('1342115', '339', '53042', '0', '0'),
('2112920', '879', '89331', '0', '0'),
('3960619', '840', '41214', '0', '0'),
('7615601', '568', '82078', '0', '0'),
('8849329', '879', '11522', '0', '0'),
('0849130', '830', '50252', '1', '1'),
('6351349', '003', '48346', '0', '0'),
('8804785', '314', '48397', '0', '0'),
('5318242', '899', '16688', '1', '1'),
('7338643', '016', '93459', '0', '0'),
('3235459', '568', '78513', '1', '1'),
('3657964', '342', '26187', '0', '0'),
('7079707', '335', '54255', '0', '0'),
('5185767', '308', '64393', '0', '0'),
('3567665', '618', '71012', '0', '0'),
('4884840', '361', '38862', '0', '0'),
('2729366', '310', '91562', '0', '0'),
('0411093', '568', '47695', '1', '1'),
('1603467', '614', '75815', '0', '0'),
('8265127', '839', '79203', '0', '0'),
('8048365', '551', '97861', '0', '0'),
('3071442', '630', '16352', '1', '1'),
('3614345', '890', '13569', '0', '0'),
('1707868', '345', '69328', '0', '0'),
('1214657', '275', '83169', '0', '0'),
('9593460', '815', '67546', '1', '1'),
('6020344', '250', '47950', '0', '0'),
('8558335', '889', '63496', '0', '0'),
('3077683', '604', '60082', '0', '0'),
('3126661', '322', '20006', '0', '0'),
('4156390', '614', '17307', '0', '0'),
('8308131', '347', '26617', '0', '0'),
('3329470', '809', '42315', '0', '0'),
('9547064', '343', '19288', '1', '1'),
('4309199', '242', '58944', '0', '0'),
('9019384', '303', '83693', '0', '0'),
('3588586', '275', '35849', '0', '0'),
('8425213', '540', '20561', '0', '0'),
('0518814', '626', '47086', '0', '0'),
('8804959', '326', '20526', '0', '0'),
('0397626', '345', '87718', '0', '0'),
('7697100', '507', '84855', '0', '0'),
('3239415', '327', '78889', '0', '0'),
('7684867', '344', '57445', '0', '0'),
('0405362', '630', '93315', '0', '0'),
('1782972', '340', '35834', '0', '0'),
('1198428', '177', '55123', '1', '1'),
('9223652', '039', '34479', '0', '0'),
('8706979', '819', '69265', '0', '0'),
('0847228', '303', '37857', '0', '0'),
('6070685', '328', '35903', '0', '0'),
('9918760', '352', '21543', '0', '0'),
('6383498', '568', '44360', '1', '1'),
('1972699', '339', '34783', '1', '1'),
('4508682', '879', '24135', '0', '0'),
('3060040', '550', '98263', '0', '0'),
('4638505', '532', '63290', '1', '1'),
('1294407', '590', '55237', '0', '0'),
('2854608', '551', '77933', '0', '0'),
('8790924', '275', '98447', '1', '1'),
('5227219', '360', '82581', '0', '0'),
('9989124', '614', '79472', '0', '0'),
('9667778', '334', '74420', '0', '0'),
('7441511', '265', '50083', '0', '0'),
('0205518', '614', '48205', '0', '0'),
('8626811', '570', '17785', '1', '1'),
('6549897', '590', '16024', '0', '0'),
('9471263', '335', '59605', '0', '0'),
('1438586', '323', '77521', '1', '1'),
('3651196', '352', '87995', '0', '0'),
('6309247', '010', '74739', '1', '1'),
('1430351', '241', '86018', '0', '0'),
('0595666', '621', '53259', '0', '0'),
('6866261', '323', '85240', '1', '1'),
('9336648', '536', '33469', '0', '0'),
('9371325', '899', '78074', '0', '0'),
('9869883', '828', '47200', '0', '0'),
('6434384', '810', '44227', '0', '0'),
('6063425', '604', '13153', '0', '0'),
('8634463', '352', '55339', '0', '0'),
('7047016', '270', '14043', '1', '1'),
('4520619', '540', '57455', '0', '0'),
('2117276', '245', '18511', '0', '0'),
('1953140', '580', '60057', '0', '0'),
('1647628', '597', '83189', '0', '0'),
('1790223', '245', '57705', '0', '0'),
('0665160', '522', '63656', '0', '0'),
('8251949', '010', '21611', '1', '1'),
('5011108', '608', '46043', '0', '0'),
('1281914', '840', '83704', '0', '0'),
('8314741', '309', '51634', '1', '1'),
('5516252', '344', '18498', '0', '0'),
('8823963', '265', '88540', '0', '0'),
('7834181', '001', '76336', '0', '0'),
('4208640', '354', '40121', '0', '0'),
('1297757', '241', '61629', '0', '0'),
('3378438', '343', '84217', '1', '1'),
('3091803', '839', '23999', '0', '0'),
('6632500', '240', '41314', '0', '0'),
('4470672', '828', '37285', '1', '1'),
('1457313', '001', '74653', '0', '0'),
('9593213', '536', '83126', '0', '0'),
('8161767', '358', '92158', '1', '1'),
('2442197', '830', '92673', '0', '0'),
('7169824', '568', '33473', '0', '0'),
('4602680', '355', '87124', '0', '0'),
('2329074', '242', '61561', '1', '1'),
('3900172', '260', '24160', '0', '0'),
('3408593', '277', '13760', '0', '0'),
('2865424', '808', '88802', '1', '1'),
('7323332', '625', '26647', '0', '0'),
('8312312', '828', '55263', '0', '0'),
('2865443', '277', '47196', '1', '1'),
('5252426', '265', '82798', '0', '0'),
('5339849', '332', '54976', '0', '0'),
('5941393', '328', '99106', '0', '0'),
('9067600', '361', '63690', '0', '0'),
('8549150', '328', '75800', '0', '0'),
('8874454', '899', '80683', '0', '0'),
('6373745', '536', '38190', '0', '0'),
('3683990', '292', '29975', '0', '0'),
('4111672', '854', '20805', '0', '0'),
('2458562', '333', '38161', '0', '0'),
('0616158', '030', '65217', '0', '0'),
('4243191', '314', '75134', '0', '0'),
('2327466', '240', '96168', '0', '0'),
('4302904', '358', '33474', '0', '0'),
('3128172', '590', '68304', '0', '0'),
('8901350', '343', '68197', '0', '0'),
('7088925', '265', '15294', '1', '1'),
('0385308', '339', '24995', '0', '0'),
('5630443', '004', '48337', '0', '0'),
('2999494', '357', '41131', '0', '0'),
('3801768', '357', '12083', '0', '0'),
('6149081', '830', '57934', '0', '0'),
('8571985', '311', '95313', '0', '0'),
('0345788', '536', '98900', '0', '0'),
('1089499', '853', '12871', '0', '0'),
('3629709', '314', '66274', '0', '0'),
('0133140', '828', '87676', '0', '0'),
('7917206', '314', '73101', '0', '0'),
('2586451', '532', '84654', '0', '0'),
('0101910', '336', '95221', '0', '0'),
('8039163', '359', '40871', '0', '0'),
('9831120', '290', '15906', '0', '0'),
('2753723', '318', '57806', '0', '0'),
('3423008', '842', '71384', '1', '1'),
('0017636', '310', '69463', '0', '0'),
('3402392', '837', '73423', '0', '0'),
('1078187', '327', '45311', '0', '0'),
('0219377', '842', '16470', '0', '0'),
('9557212', '360', '33851', '0', '0'),
('9652450', '311', '30005', '1', '1'),
('2015482', '536', '85293', '0', '0'),
('3477701', '338', '71969', '0', '0'),
('8479396', '332', '37506', '1', '1'),
('3701878', '339', '83537', '0', '0'),
('0133396', '570', '77461', '0', '0'),
('9371130', '608', '41739', '0', '0'),
('4958442', '349', '67281', '0', '0'),
('6297556', '844', '97567', '1', '1'),
('9177934', '357', '17906', '1', '1'),
('2557129', '819', '59116', '0', '0'),
('1002841', '608', '49809', '0', '0'),
('0688863', '322', '78694', '1', '1'),
('0875458', '342', '64229', '0', '0'),
('4454636', '620', '34560', '0', '0'),
('6707737', '808', '15214', '0', '0'),
('0729796', '311', '35758', '0', '0'),
('3881907', '842', '57418', '0', '0'),
('6685146', '327', '31745', '0', '0'),
('5282221', '620', '33424', '0', '0'),
('4072548', '030', '71964', '0', '0'),
('1771112', '269', '64876', '0', '0'),
('8125773', '016', '23644', '0', '0'),
('1101636', '532', '53922', '0', '0'),
('9335484', '245', '20233', '1', '1'),
('7067078', '844', '98080', '0', '0'),
('7867845', '551', '54363', '0', '0'),
('9987054', '358', '94788', '0', '0'),
('7664111', '001', '27103', '0', '0'),
('1776384', '842', '45902', '0', '0'),
('2975540', '003', '91375', '0', '0'),
('9046688', '361', '30414', '0', '0'),
('2302075', '277', '83143', '0', '0'),
('0333212', '301', '38138', '0', '0'),
('9438451', '604', '89395', '0', '0'),
('5749939', '828', '64128', '1', '1'),
('0505016', '002', '63619', '0', '0'),
('4777295', '303', '98784', '1', '1'),
('0863152', '333', '72734', '0', '0'),
('3680566', '889', '49937', '0', '0'),
('4447345', '879', '90873', '1', '1'),
('5558280', '352', '46629', '0', '0'),
('2869888', '597', '34868', '0', '0'),
('7421772', '330', '49913', '1', '1'),
('0466913', '828', '98438', '0', '0'),
('9875198', '570', '10324', '0', '0'),
('5658307', '245', '33717', '0', '0'),
('3619234', '343', '63110', '1', '1'),
('0415647', '344', '71010', '0', '0'),
('7362278', '551', '83311', '0', '0'),
('1973014', '327', '77835', '0', '0');

DELETE FROM Application;
INSERT INTO Application(ApplicantUserName, JobID, ApplicationStatus, ApplicationDate)
VALUES ('Fatin_Kania40', '2522', 'denied', '2020-11-5'),
('Waseem_Vanna96', '2522', 'sent', '2020-9-7'),
('Tarence_Marizol17', '2522', 'review', '2020-5-7'),
('Kinley_Ennifer39', '2522', 'review', '2020-6-1'),
('Rhea_Lorraine73', '2522', 'accepted', '2020-5-5'),
('Frimet_Dalvin07', '2522', 'sent', '2020-4-15'),
('Damara_Laquite68', '2522', 'review', '2020-6-2'),
('Gwen_Jilliann99', '2522', 'accepted', '2020-9-20'),
('Jermy_Filip64', '2522', 'hired', '2020-8-13'),
('Taylore_Shakeitha12', '2522', 'accepted', '2020-1-24'),
('Siara_Tina49', '2522', 'hired', '2020-3-26'),
('Gil_Davonne72', '2522', 'review', '2020-5-12'),
('Caralee_Kennard98', '2522', 'sent', '2020-1-24'),
('Katrina_Latrica09', '2522', 'accepted', '2020-10-3'),
('Daena_Azalia24', '2522', 'review', '2020-8-29'),
('Jaya_Daymond14', '2522', 'denied', '2020-4-27'),
('Afton_Florine15', '2522', 'sent', '2020-2-6'),
('Reid_Marquesha95', '2522', 'denied', '2020-9-17'),
('Kammi_Mathieu87', '2522', 'sent', '2020-8-3'),
('Jolena_Muriel46', '2522', 'sent', '2020-7-24'),
('Jalal_Tyechia99', '2522', 'review', '2020-2-9'),
('Fatin_Kania40', '3636', 'denied', '2020-11-5'),
('Waseem_Vanna96', '3636', 'sent', '2020-9-7'),
('Tarence_Marizol17', '3636', 'review', '2020-5-7'),
('Kinley_Ennifer39', '3636', 'review', '2020-6-1'),
('Rhea_Lorraine73', '3636', 'accepted', '2020-5-5'),
('Frimet_Dalvin07', '3636', 'sent', '2020-4-15'),
('Damara_Laquite68', '3636', 'review', '2020-6-2'),
('Gwen_Jilliann99', '3636', 'accepted', '2020-9-20'),
('Jermy_Filip64', '3636', 'hired', '2020-8-13'),
('Taylore_Shakeitha12', '3636', 'accepted', '2020-1-24'),
('Siara_Tina49', '3636', 'hired', '2020-3-26'),
('Gil_Davonne72', '3636', 'review', '2020-5-12'),
('Caralee_Kennard98', '3636', 'sent', '2020-1-24'),
('Katrina_Latrica09', '3636', 'accepted', '2020-10-3'),
('Daena_Azalia24', '3636', 'review', '2020-8-29'),
('Jaya_Daymond14', '3636', 'denied', '2020-4-27'),
('Afton_Florine15', '3636', 'sent', '2020-2-6'),
('Reid_Marquesha95', '3636', 'denied', '2020-9-17'),
('Kammi_Mathieu87', '3636', 'sent', '2020-8-3'),
('Jolena_Muriel46', '3636', 'sent', '2020-7-24'),
('Jalal_Tyechia99', '3636', 'review', '2020-2-9'),
('Fatin_Kania40', '1073', 'denied', '2020-11-5'),
('Waseem_Vanna96', '1073', 'sent', '2020-9-7'),
('Tarence_Marizol17', '1073', 'review', '2020-5-7'),
('Kinley_Ennifer39', '1073', 'review', '2020-6-1'),
('Rhea_Lorraine73', '1073', 'accepted', '2020-5-5'),
('Frimet_Dalvin07', '1073', 'sent', '2020-4-15'),
('Damara_Laquite68', '1073', 'review', '2020-6-2'),
('Gwen_Jilliann99', '1073', 'accepted', '2020-9-20'),
('Jermy_Filip64', '1073', 'hired', '2020-8-13'),
('Taylore_Shakeitha12', '1073', 'accepted', '2020-1-24'),
('Siara_Tina49', '1073', 'hired', '2020-3-26'),
('Gil_Davonne72', '1073', 'review', '2020-5-12'),
('Caralee_Kennard98', '1073', 'sent', '2020-1-24'),
('Katrina_Latrica09', '1073', 'accepted', '2020-10-3'),
('Daena_Azalia24', '1073', 'review', '2020-8-29'),
('Jaya_Daymond14', '1073', 'denied', '2020-4-27'),
('Afton_Florine15', '1073', 'sent', '2020-2-6'),
('Reid_Marquesha95', '1073', 'denied', '2020-9-17'),
('Kammi_Mathieu87', '1073', 'sent', '2020-8-3'),
('Jolena_Muriel46', '1073', 'sent', '2020-7-24'),
('Jalal_Tyechia99', '1073', 'review', '2020-2-9'),
('Fatin_Kania40', '2141', 'denied', '2020-11-5'),
('Waseem_Vanna96', '2141', 'sent', '2020-9-7'),
('Tarence_Marizol17', '2141', 'review', '2020-5-7'),
('Kinley_Ennifer39', '2141', 'review', '2020-6-1'),
('Rhea_Lorraine73', '2141', 'accepted', '2020-5-5'),
('Frimet_Dalvin07', '2141', 'sent', '2020-4-15'),
('Damara_Laquite68', '2141', 'review', '2020-6-2'),
('Gwen_Jilliann99', '2141', 'accepted', '2020-9-20'),
('Jermy_Filip64', '2141', 'hired', '2020-8-13'),
('Taylore_Shakeitha12', '2141', 'accepted', '2020-1-24'),
('Siara_Tina49', '2141', 'hired', '2020-3-26'),
('Gil_Davonne72', '2141', 'review', '2020-5-12'),
('Caralee_Kennard98', '2141', 'sent', '2020-1-24'),
('Katrina_Latrica09', '2141', 'accepted', '2020-10-3'),
('Daena_Azalia24', '2141', 'review', '2020-8-29'),
('Jaya_Daymond14', '2141', 'denied', '2020-4-27'),
('Afton_Florine15', '2141', 'sent', '2020-2-6'),
('Reid_Marquesha95', '2141', 'denied', '2020-9-17'),
('Kammi_Mathieu87', '2141', 'sent', '2020-8-3'),
('Jolena_Muriel46', '2141', 'sent', '2020-7-24'),
('Jalal_Tyechia99', '2141', 'review', '2020-2-9'),
('Fatin_Kania40', '1463', 'denied', '2020-11-5'),
('Waseem_Vanna96', '1463', 'sent', '2020-9-7'),
('Tarence_Marizol17', '1463', 'review', '2020-5-7'),
('Kinley_Ennifer39', '1463', 'review', '2020-6-1'),
('Rhea_Lorraine73', '1463', 'accepted', '2020-5-5'),
('Frimet_Dalvin07', '1463', 'sent', '2020-4-15'),
('Damara_Laquite68', '1463', 'review', '2020-6-2'),
('Gwen_Jilliann99', '1463', 'accepted', '2020-9-20'),
('Jermy_Filip64', '1463', 'hired', '2020-8-13'),
('Taylore_Shakeitha12', '1463', 'accepted', '2020-1-24'),
('Siara_Tina49', '1463', 'hired', '2020-3-26'),
('Gil_Davonne72', '1463', 'review', '2020-5-12'),
('Caralee_Kennard98', '1463', 'sent', '2020-1-24'),
('Katrina_Latrica09', '1463', 'accepted', '2020-10-3'),
('Daena_Azalia24', '1463', 'review', '2020-8-29'),
('Jaya_Daymond14', '1463', 'denied', '2020-4-27'),
('Afton_Florine15', '1463', 'sent', '2020-2-6'),
('Reid_Marquesha95', '1463', 'denied', '2020-9-17'),
('Kammi_Mathieu87', '1463', 'sent', '2020-8-3'),
('Jolena_Muriel46', '1463', 'sent', '2020-7-24'),
('Jalal_Tyechia99', '1463', 'review', '2020-2-9'),
('Fatin_Kania40', '4277', 'denied', '2020-11-5'),
('Waseem_Vanna96', '4277', 'sent', '2020-9-7'),
('Tarence_Marizol17', '4277', 'review', '2020-5-7'),
('Kinley_Ennifer39', '4277', 'review', '2020-6-1'),
('Rhea_Lorraine73', '4277', 'accepted', '2020-5-5'),
('Frimet_Dalvin07', '4277', 'sent', '2020-4-15'),
('Damara_Laquite68', '4277', 'review', '2020-6-2'),
('Gwen_Jilliann99', '4277', 'accepted', '2020-9-20'),
('Jermy_Filip64', '4277', 'hired', '2020-8-13'),
('Taylore_Shakeitha12', '4277', 'accepted', '2020-1-24'),
('Siara_Tina49', '4277', 'hired', '2020-3-26'),
('Gil_Davonne72', '4277', 'review', '2020-5-12'),
('Caralee_Kennard98', '4277', 'sent', '2020-1-24'),
('Katrina_Latrica09', '4277', 'accepted', '2020-10-3'),
('Daena_Azalia24', '4277', 'review', '2020-8-29'),
('Jaya_Daymond14', '4277', 'denied', '2020-4-27'),
('Afton_Florine15', '4277', 'sent', '2020-2-6'),
('Reid_Marquesha95', '4277', 'denied', '2020-9-17'),
('Kammi_Mathieu87', '4277', 'sent', '2020-8-3'),
('Jolena_Muriel46', '4277', 'sent', '2020-7-24'),
('Jalal_Tyechia99', '4277', 'review', '2020-2-9'),
('Fatin_Kania40', '1475', 'denied', '2020-11-5'),
('Waseem_Vanna96', '1475', 'sent', '2020-9-7'),
('Tarence_Marizol17', '1475', 'review', '2020-5-7'),
('Kinley_Ennifer39', '1475', 'review', '2020-6-1'),
('Rhea_Lorraine73', '1475', 'accepted', '2020-5-5'),
('Frimet_Dalvin07', '1475', 'sent', '2020-4-15'),
('Damara_Laquite68', '1475', 'review', '2020-6-2'),
('Gwen_Jilliann99', '1475', 'accepted', '2020-9-20'),
('Jermy_Filip64', '1475', 'hired', '2020-8-13'),
('Taylore_Shakeitha12', '1475', 'accepted', '2020-1-24'),
('Siara_Tina49', '1475', 'hired', '2020-3-26'),
('Gil_Davonne72', '1475', 'review', '2020-5-12'),
('Caralee_Kennard98', '1475', 'sent', '2020-1-24'),
('Katrina_Latrica09', '1475', 'accepted', '2020-10-3'),
('Daena_Azalia24', '1475', 'review', '2020-8-29'),
('Jaya_Daymond14', '1475', 'denied', '2020-4-27'),
('Afton_Florine15', '1475', 'sent', '2020-2-6'),
('Reid_Marquesha95', '1475', 'denied', '2020-9-17'),
('Kammi_Mathieu87', '1475', 'sent', '2020-8-3'),
('Jolena_Muriel46', '1475', 'sent', '2020-7-24'),
('Jalal_Tyechia99', '1475', 'review', '2020-2-9'),
('Fatin_Kania40', '4018', 'denied', '2020-11-5'),
('Waseem_Vanna96', '4018', 'sent', '2020-9-7'),
('Tarence_Marizol17', '4018', 'review', '2020-5-7'),
('Kinley_Ennifer39', '4018', 'review', '2020-6-1'),
('Rhea_Lorraine73', '4018', 'accepted', '2020-5-5'),
('Frimet_Dalvin07', '4018', 'sent', '2020-4-15'),
('Damara_Laquite68', '4018', 'review', '2020-6-2'),
('Gwen_Jilliann99', '4018', 'accepted', '2020-9-20'),
('Jermy_Filip64', '4018', 'hired', '2020-8-13'),
('Taylore_Shakeitha12', '4018', 'accepted', '2020-1-24'),
('Siara_Tina49', '4018', 'hired', '2020-3-26'),
('Gil_Davonne72', '4018', 'review', '2020-5-12'),
('Caralee_Kennard98', '4018', 'sent', '2020-1-24'),
('Katrina_Latrica09', '4018', 'accepted', '2020-10-3'),
('Daena_Azalia24', '4018', 'review', '2020-8-29'),
('Jaya_Daymond14', '4018', 'denied', '2020-4-27'),
('Afton_Florine15', '4018', 'sent', '2020-2-6'),
('Reid_Marquesha95', '4018', 'denied', '2020-9-17'),
('Kammi_Mathieu87', '4018', 'sent', '2020-8-3'),
('Jolena_Muriel46', '4018', 'sent', '2020-7-24'),
('Jalal_Tyechia99', '4018', 'review', '2020-2-9'),
('Fatin_Kania40', '3824', 'denied', '2020-11-5'),
('Waseem_Vanna96', '3824', 'sent', '2020-9-7'),
('Tarence_Marizol17', '3824', 'review', '2020-5-7'),
('Kinley_Ennifer39', '3824', 'review', '2020-6-1'),
('Rhea_Lorraine73', '3824', 'accepted', '2020-5-5'),
('Frimet_Dalvin07', '3824', 'sent', '2020-4-15'),
('Damara_Laquite68', '3824', 'review', '2020-6-2'),
('Gwen_Jilliann99', '3824', 'accepted', '2020-9-20'),
('Jermy_Filip64', '3824', 'hired', '2020-8-13'),
('Taylore_Shakeitha12', '3824', 'accepted', '2020-1-24'),
('Siara_Tina49', '3824', 'hired', '2020-3-26'),
('Gil_Davonne72', '3824', 'review', '2020-5-12'),
('Caralee_Kennard98', '3824', 'sent', '2020-1-24'),
('Katrina_Latrica09', '3824', 'accepted', '2020-10-3'),
('Daena_Azalia24', '3824', 'review', '2020-8-29'),
('Jaya_Daymond14', '3824', 'denied', '2020-4-27'),
('Afton_Florine15', '3824', 'sent', '2020-2-6'),
('Reid_Marquesha95', '3824', 'denied', '2020-9-17'),
('Kammi_Mathieu87', '3824', 'sent', '2020-8-3'),
('Jolena_Muriel46', '3824', 'sent', '2020-7-24'),
('Jalal_Tyechia99', '3824', 'review', '2020-2-9'),
('Fatin_Kania40', '1674', 'denied', '2020-11-5'),
('Waseem_Vanna96', '1674', 'sent', '2020-9-7'),
('Tarence_Marizol17', '1674', 'review', '2020-5-7'),
('Kinley_Ennifer39', '1674', 'review', '2020-6-1'),
('Rhea_Lorraine73', '1674', 'accepted', '2020-5-5'),
('Frimet_Dalvin07', '1674', 'sent', '2020-4-15'),
('Damara_Laquite68', '1674', 'review', '2020-6-2'),
('Gwen_Jilliann99', '1674', 'accepted', '2020-9-20'),
('Jermy_Filip64', '1674', 'hired', '2020-8-13'),
('Taylore_Shakeitha12', '1674', 'accepted', '2020-1-24'),
('Siara_Tina49', '1674', 'hired', '2020-3-26'),
('Gil_Davonne72', '1674', 'review', '2020-5-12'),
('Caralee_Kennard98', '1674', 'sent', '2020-1-24'),
('Katrina_Latrica09', '1674', 'accepted', '2020-10-3'),
('Daena_Azalia24', '1674', 'review', '2020-8-29'),
('Jaya_Daymond14', '1674', 'denied', '2020-4-27'),
('Afton_Florine15', '1674', 'sent', '2020-2-6'),
('Reid_Marquesha95', '1674', 'denied', '2020-9-17'),
('Kammi_Mathieu87', '1674', 'sent', '2020-8-3'),
('Jolena_Muriel46', '1674', 'sent', '2020-7-24'),
('Jalal_Tyechia99', '1674', 'review', '2020-2-9'),
('Fatin_Kania40', '1401', 'denied', '2020-11-5'),
('Waseem_Vanna96', '1401', 'sent', '2020-9-7'),
('Tarence_Marizol17', '1401', 'review', '2020-5-7'),
('Kinley_Ennifer39', '1401', 'review', '2020-6-1'),
('Rhea_Lorraine73', '1401', 'accepted', '2020-5-5'),
('Frimet_Dalvin07', '1401', 'sent', '2020-4-15'),
('Damara_Laquite68', '1401', 'review', '2020-6-2'),
('Gwen_Jilliann99', '1401', 'accepted', '2020-9-20'),
('Jermy_Filip64', '1401', 'hired', '2020-8-13'),
('Taylore_Shakeitha12', '1401', 'accepted', '2020-1-24'),
('Siara_Tina49', '1401', 'hired', '2020-3-26'),
('Gil_Davonne72', '1401', 'review', '2020-5-12'),
('Caralee_Kennard98', '1401', 'sent', '2020-1-24'),
('Katrina_Latrica09', '1401', 'accepted', '2020-10-3'),
('Daena_Azalia24', '1401', 'review', '2020-8-29'),
('Jaya_Daymond14', '1401', 'denied', '2020-4-27'),
('Afton_Florine15', '1401', 'sent', '2020-2-6'),
('Reid_Marquesha95', '1401', 'denied', '2020-9-17'),
('Kammi_Mathieu87', '1401', 'sent', '2020-8-3'),
('Jolena_Muriel46', '1401', 'sent', '2020-7-24'),
('Jalal_Tyechia99', '1401', 'review', '2020-2-9'),
('Fatin_Kania40', '2372', 'denied', '2020-11-5'),
('Waseem_Vanna96', '2372', 'sent', '2020-9-7'),
('Tarence_Marizol17', '2372', 'review', '2020-5-7'),
('Kinley_Ennifer39', '2372', 'review', '2020-6-1'),
('Rhea_Lorraine73', '2372', 'accepted', '2020-5-5'),
('Frimet_Dalvin07', '2372', 'sent', '2020-4-15'),
('Damara_Laquite68', '2372', 'review', '2020-6-2'),
('Gwen_Jilliann99', '2372', 'accepted', '2020-9-20'),
('Jermy_Filip64', '2372', 'hired', '2020-8-13'),
('Taylore_Shakeitha12', '2372', 'accepted', '2020-1-24'),
('Siara_Tina49', '2372', 'hired', '2020-3-26'),
('Gil_Davonne72', '2372', 'review', '2020-5-12'),
('Caralee_Kennard98', '2372', 'sent', '2020-1-24'),
('Katrina_Latrica09', '2372', 'accepted', '2020-10-3'),
('Daena_Azalia24', '2372', 'review', '2020-8-29'),
('Jaya_Daymond14', '2372', 'denied', '2020-4-27'),
('Afton_Florine15', '2372', 'sent', '2020-2-6'),
('Reid_Marquesha95', '2372', 'denied', '2020-9-17'),
('Kammi_Mathieu87', '2372', 'sent', '2020-8-3'),
('Jolena_Muriel46', '2372', 'sent', '2020-7-24'),
('Jalal_Tyechia99', '2372', 'review', '2020-2-9'),
('Fatin_Kania40', '1759', 'denied', '2020-11-5'),
('Waseem_Vanna96', '1759', 'sent', '2020-9-7'),
('Tarence_Marizol17', '1759', 'review', '2020-5-7'),
('Kinley_Ennifer39', '1759', 'review', '2020-6-1'),
('Rhea_Lorraine73', '1759', 'accepted', '2020-5-5'),
('Frimet_Dalvin07', '1759', 'sent', '2020-4-15'),
('Damara_Laquite68', '1759', 'review', '2020-6-2'),
('Gwen_Jilliann99', '1759', 'accepted', '2020-9-20'),
('Jermy_Filip64', '1759', 'hired', '2020-8-13'),
('Taylore_Shakeitha12', '1759', 'accepted', '2020-1-24'),
('Siara_Tina49', '1759', 'hired', '2020-3-26'),
('Gil_Davonne72', '1759', 'review', '2020-5-12'),
('Caralee_Kennard98', '1759', 'sent', '2020-1-24'),
('Katrina_Latrica09', '1759', 'accepted', '2020-10-3'),
('Daena_Azalia24', '1759', 'review', '2020-8-29'),
('Jaya_Daymond14', '1759', 'denied', '2020-4-27'),
('Afton_Florine15', '1759', 'sent', '2020-2-6'),
('Reid_Marquesha95', '1759', 'denied', '2020-9-17'),
('Kammi_Mathieu87', '1759', 'sent', '2020-8-3'),
('Jolena_Muriel46', '1759', 'sent', '2020-7-24'),
('Jalal_Tyechia99', '1759', 'review', '2020-2-9'),
('Fatin_Kania40', '1711', 'denied', '2020-11-5'),
('Waseem_Vanna96', '1711', 'sent', '2020-9-7'),
('Tarence_Marizol17', '1711', 'review', '2020-5-7'),
('Kinley_Ennifer39', '1711', 'review', '2020-6-1'),
('Rhea_Lorraine73', '1711', 'accepted', '2020-5-5'),
('Frimet_Dalvin07', '1711', 'sent', '2020-4-15'),
('Damara_Laquite68', '1711', 'review', '2020-6-2'),
('Gwen_Jilliann99', '1711', 'accepted', '2020-9-20'),
('Jermy_Filip64', '1711', 'hired', '2020-8-13'),
('Taylore_Shakeitha12', '1711', 'accepted', '2020-1-24'),
('Siara_Tina49', '1711', 'hired', '2020-3-26'),
('Gil_Davonne72', '1711', 'review', '2020-5-12'),
('Caralee_Kennard98', '1711', 'sent', '2020-1-24'),
('Katrina_Latrica09', '1711', 'accepted', '2020-10-3'),
('Daena_Azalia24', '1711', 'review', '2020-8-29'),
('Jaya_Daymond14', '1711', 'denied', '2020-4-27'),
('Afton_Florine15', '1711', 'sent', '2020-2-6'),
('Reid_Marquesha95', '1711', 'denied', '2020-9-17'),
('Kammi_Mathieu87', '1711', 'sent', '2020-8-3'),
('Jolena_Muriel46', '1711', 'sent', '2020-7-24'),
('Jalal_Tyechia99', '1711', 'review', '2020-2-9'),
('Fatin_Kania40', '3263', 'denied', '2020-11-5'),
('Waseem_Vanna96', '3263', 'sent', '2020-9-7'),
('Tarence_Marizol17', '3263', 'review', '2020-5-7'),
('Kinley_Ennifer39', '3263', 'review', '2020-6-1'),
('Rhea_Lorraine73', '3263', 'accepted', '2020-5-5'),
('Frimet_Dalvin07', '3263', 'sent', '2020-4-15'),
('Damara_Laquite68', '3263', 'review', '2020-6-2'),
('Gwen_Jilliann99', '3263', 'accepted', '2020-9-20'),
('Jermy_Filip64', '3263', 'hired', '2020-8-13'),
('Taylore_Shakeitha12', '3263', 'accepted', '2020-1-24'),
('Siara_Tina49', '3263', 'hired', '2020-3-26'),
('Gil_Davonne72', '3263', 'review', '2020-5-12'),
('Caralee_Kennard98', '3263', 'sent', '2020-1-24'),
('Katrina_Latrica09', '3263', 'accepted', '2020-10-3'),
('Daena_Azalia24', '3263', 'review', '2020-8-29'),
('Jaya_Daymond14', '3263', 'denied', '2020-4-27'),
('Afton_Florine15', '3263', 'sent', '2020-2-6'),
('Reid_Marquesha95', '3263', 'denied', '2020-9-17'),
('Kammi_Mathieu87', '3263', 'sent', '2020-8-3'),
('Jolena_Muriel46', '3263', 'sent', '2020-7-24'),
('Jalal_Tyechia99', '3263', 'review', '2020-2-9'),
('Fatin_Kania40', '3496', 'denied', '2020-11-5'),
('Waseem_Vanna96', '3496', 'sent', '2020-9-7'),
('Tarence_Marizol17', '3496', 'review', '2020-5-7'),
('Kinley_Ennifer39', '3496', 'review', '2020-6-1'),
('Rhea_Lorraine73', '3496', 'accepted', '2020-5-5'),
('Frimet_Dalvin07', '3496', 'sent', '2020-4-15'),
('Damara_Laquite68', '3496', 'review', '2020-6-2'),
('Gwen_Jilliann99', '3496', 'accepted', '2020-9-20'),
('Jermy_Filip64', '3496', 'hired', '2020-8-13'),
('Taylore_Shakeitha12', '3496', 'accepted', '2020-1-24'),
('Siara_Tina49', '3496', 'hired', '2020-3-26'),
('Gil_Davonne72', '3496', 'review', '2020-5-12'),
('Caralee_Kennard98', '3496', 'sent', '2020-1-24'),
('Katrina_Latrica09', '3496', 'accepted', '2020-10-3'),
('Daena_Azalia24', '3496', 'review', '2020-8-29'),
('Jaya_Daymond14', '3496', 'denied', '2020-4-27'),
('Afton_Florine15', '3496', 'sent', '2020-2-6'),
('Reid_Marquesha95', '3496', 'denied', '2020-9-17'),
('Kammi_Mathieu87', '3496', 'sent', '2020-8-3'),
('Jolena_Muriel46', '3496', 'sent', '2020-7-24'),
('Jalal_Tyechia99', '3496', 'review', '2020-2-9'),
('Fatin_Kania40', '1758', 'denied', '2020-11-5'),
('Waseem_Vanna96', '1758', 'sent', '2020-9-7'),
('Tarence_Marizol17', '1758', 'review', '2020-5-7'),
('Kinley_Ennifer39', '1758', 'review', '2020-6-1'),
('Rhea_Lorraine73', '1758', 'accepted', '2020-5-5'),
('Frimet_Dalvin07', '1758', 'sent', '2020-4-15'),
('Damara_Laquite68', '1758', 'review', '2020-6-2'),
('Gwen_Jilliann99', '1758', 'accepted', '2020-9-20'),
('Jermy_Filip64', '1758', 'hired', '2020-8-13'),
('Taylore_Shakeitha12', '1758', 'accepted', '2020-1-24'),
('Siara_Tina49', '1758', 'hired', '2020-3-26'),
('Gil_Davonne72', '1758', 'review', '2020-5-12'),
('Caralee_Kennard98', '1758', 'sent', '2020-1-24'),
('Katrina_Latrica09', '1758', 'accepted', '2020-10-3'),
('Daena_Azalia24', '1758', 'review', '2020-8-29'),
('Jaya_Daymond14', '1758', 'denied', '2020-4-27'),
('Afton_Florine15', '1758', 'sent', '2020-2-6'),
('Reid_Marquesha95', '1758', 'denied', '2020-9-17'),
('Kammi_Mathieu87', '1758', 'sent', '2020-8-3'),
('Jolena_Muriel46', '1758', 'sent', '2020-7-24'),
('Jalal_Tyechia99', '1758', 'review', '2020-2-9'),
('Fatin_Kania40', '4122', 'denied', '2020-11-5'),
('Waseem_Vanna96', '4122', 'sent', '2020-9-7'),
('Tarence_Marizol17', '4122', 'review', '2020-5-7'),
('Kinley_Ennifer39', '4122', 'review', '2020-6-1'),
('Rhea_Lorraine73', '4122', 'accepted', '2020-5-5'),
('Frimet_Dalvin07', '4122', 'sent', '2020-4-15'),
('Damara_Laquite68', '4122', 'review', '2020-6-2'),
('Gwen_Jilliann99', '4122', 'accepted', '2020-9-20'),
('Jermy_Filip64', '4122', 'hired', '2020-8-13'),
('Taylore_Shakeitha12', '4122', 'accepted', '2020-1-24'),
('Siara_Tina49', '4122', 'hired', '2020-3-26'),
('Gil_Davonne72', '4122', 'review', '2020-5-12'),
('Caralee_Kennard98', '4122', 'sent', '2020-1-24'),
('Katrina_Latrica09', '4122', 'accepted', '2020-10-3'),
('Daena_Azalia24', '4122', 'review', '2020-8-29'),
('Jaya_Daymond14', '4122', 'denied', '2020-4-27'),
('Afton_Florine15', '4122', 'sent', '2020-2-6'),
('Reid_Marquesha95', '4122', 'denied', '2020-9-17'),
('Kammi_Mathieu87', '4122', 'sent', '2020-8-3'),
('Jolena_Muriel46', '4122', 'sent', '2020-7-24'),
('Jalal_Tyechia99', '4122', 'review', '2020-2-9'),
('Fatin_Kania40', '5155', 'denied', '2020-11-5'),
('Waseem_Vanna96', '5155', 'sent', '2020-9-7'),
('Tarence_Marizol17', '5155', 'review', '2020-5-7'),
('Kinley_Ennifer39', '5155', 'review', '2020-6-1'),
('Rhea_Lorraine73', '5155', 'accepted', '2020-5-5'),
('Frimet_Dalvin07', '5155', 'sent', '2020-4-15'),
('Damara_Laquite68', '5155', 'review', '2020-6-2'),
('Gwen_Jilliann99', '5155', 'accepted', '2020-9-20'),
('Jermy_Filip64', '5155', 'hired', '2020-8-13'),
('Taylore_Shakeitha12', '5155', 'accepted', '2020-1-24'),
('Siara_Tina49', '5155', 'hired', '2020-3-26'),
('Gil_Davonne72', '5155', 'review', '2020-5-12'),
('Caralee_Kennard98', '5155', 'sent', '2020-1-24'),
('Katrina_Latrica09', '5155', 'accepted', '2020-10-3'),
('Daena_Azalia24', '5155', 'review', '2020-8-29'),
('Jaya_Daymond14', '5155', 'denied', '2020-4-27'),
('Afton_Florine15', '5155', 'sent', '2020-2-6'),
('Reid_Marquesha95', '5155', 'denied', '2020-9-17'),
('Kammi_Mathieu87', '5155', 'sent', '2020-8-3'),
('Jolena_Muriel46', '5155', 'sent', '2020-7-24'),
('Jalal_Tyechia99', '5155', 'review', '2020-2-9'),
('Fatin_Kania40', '5066', 'denied', '2020-11-5'),
('Waseem_Vanna96', '5066', 'sent', '2020-9-7'),
('Tarence_Marizol17', '5066', 'review', '2020-5-7'),
('Kinley_Ennifer39', '5066', 'review', '2020-6-1'),
('Rhea_Lorraine73', '5066', 'accepted', '2020-5-5'),
('Frimet_Dalvin07', '5066', 'sent', '2020-4-15'),
('Damara_Laquite68', '5066', 'review', '2020-6-2'),
('Gwen_Jilliann99', '5066', 'accepted', '2020-9-20'),
('Jermy_Filip64', '5066', 'hired', '2020-8-13'),
('Taylore_Shakeitha12', '5066', 'accepted', '2020-1-24'),
('Siara_Tina49', '5066', 'hired', '2020-3-26'),
('Gil_Davonne72', '5066', 'review', '2020-5-12'),
('Caralee_Kennard98', '5066', 'sent', '2020-1-24'),
('Katrina_Latrica09', '5066', 'accepted', '2020-10-3'),
('Daena_Azalia24', '5066', 'review', '2020-8-29'),
('Jaya_Daymond14', '5066', 'denied', '2020-4-27'),
('Afton_Florine15', '5066', 'sent', '2020-2-6'),
('Reid_Marquesha95', '5066', 'denied', '2020-9-17'),
('Kammi_Mathieu87', '5066', 'sent', '2020-8-3'),
('Jolena_Muriel46', '5066', 'sent', '2020-7-24'),
('Jalal_Tyechia99', '5066', 'review', '2020-2-9'),
('Fatin_Kania40', '1457', 'denied', '2020-11-5'),
('Waseem_Vanna96', '1457', 'sent', '2020-9-7'),
('Tarence_Marizol17', '1457', 'review', '2020-5-7'),
('Kinley_Ennifer39', '1457', 'review', '2020-6-1'),
('Rhea_Lorraine73', '1457', 'accepted', '2020-5-5'),
('Frimet_Dalvin07', '1457', 'sent', '2020-4-15'),
('Damara_Laquite68', '1457', 'review', '2020-6-2'),
('Gwen_Jilliann99', '1457', 'accepted', '2020-9-20'),
('Jermy_Filip64', '1457', 'hired', '2020-8-13'),
('Taylore_Shakeitha12', '1457', 'accepted', '2020-1-24'),
('Siara_Tina49', '1457', 'hired', '2020-3-26'),
('Gil_Davonne72', '1457', 'review', '2020-5-12'),
('Caralee_Kennard98', '1457', 'sent', '2020-1-24'),
('Katrina_Latrica09', '1457', 'accepted', '2020-10-3'),
('Daena_Azalia24', '1457', 'review', '2020-8-29'),
('Jaya_Daymond14', '1457', 'denied', '2020-4-27'),
('Afton_Florine15', '1457', 'sent', '2020-2-6'),
('Reid_Marquesha95', '1457', 'denied', '2020-9-17'),
('Kammi_Mathieu87', '1457', 'sent', '2020-8-3'),
('Jolena_Muriel46', '1457', 'sent', '2020-7-24'),
('Jalal_Tyechia99', '1457', 'review', '2020-2-9'),
('Rhea_Lorraine73', '2780', 'sent', '2020-3-28'),
('Rochel_Cheron32', '2780', 'sent', '2020-7-12'),
('Katura_Natacha39', '2780', 'sent', '2020-8-10'),
('Vana_Kaj56', '2780', 'denied', '2020-2-13'),
('Aleia_Renay72', '2780', 'sent', '2020-2-12'),
('Elesha_Juliana73', '2780', 'hired', '2020-9-17'),
('Larah_Neil53', '2780', 'sent', '2020-4-9'),
('Nikkolas_Shaterra28', '2780', 'denied', '2020-3-7'),
('Raffinee_Chinwe97', '2780', 'review', '2020-6-20'),
('Teaira_Renier18', '2780', 'denied', '2020-5-15'),
('Tyshia_Cristopher68', '2780', 'review', '2020-6-3'),
('Leaha_Shadee91', '2780', 'accepted', '2020-12-15'),
('Kimberely_Deontray77', '2780', 'denied', '2020-5-2'),
('Jessy_Kaleah69', '2780', 'accepted', '2020-7-23'),
('Reid_Marquesha95', '2780', 'denied', '2020-4-1'),
('Taraann_Myiesha87', '2780', 'sent', '2020-10-24'),
('Rickelle_Joleigh50', '2780', 'denied', '2020-9-7'),
('Kerek_Tifani33', '2780', 'hired', '2020-1-9'),
('Lorrena_Danyell30', '2780', 'review', '2020-7-10'),
('Osamah_Wlliam06', '2780', 'accepted', '2020-11-18'),
('Lacye_Bill91', '2780', 'accepted', '2020-5-9'),
('Shaquilla_Lakshmi55', '2780', 'accepted', '2020-9-13'),
('Daena_Azalia24', '2780', 'review', '2020-2-5'),
('Kammi_Mathieu87', '2780', 'sent', '2020-9-23'),
('Frimet_Dalvin07', '2780', 'sent', '2020-5-14'),
('Neila_Elisabetta86', '2780', 'review', '2020-10-28'),
('Hyman_Carter98', '2780', 'review', '2020-10-26'),
('Rhea_Lorraine73', '5490', 'sent', '2020-3-28'),
('Rochel_Cheron32', '5490', 'sent', '2020-7-12'),
('Katura_Natacha39', '5490', 'sent', '2020-8-10'),
('Vana_Kaj56', '5490', 'denied', '2020-2-13'),
('Aleia_Renay72', '5490', 'sent', '2020-2-12'),
('Elesha_Juliana73', '5490', 'hired', '2020-9-17'),
('Larah_Neil53', '5490', 'sent', '2020-4-9'),
('Nikkolas_Shaterra28', '5490', 'denied', '2020-3-7'),
('Raffinee_Chinwe97', '5490', 'review', '2020-6-20'),
('Teaira_Renier18', '5490', 'denied', '2020-5-15'),
('Tyshia_Cristopher68', '5490', 'review', '2020-6-3'),
('Leaha_Shadee91', '5490', 'accepted', '2020-12-15'),
('Kimberely_Deontray77', '5490', 'denied', '2020-5-2'),
('Jessy_Kaleah69', '5490', 'accepted', '2020-7-23'),
('Reid_Marquesha95', '5490', 'denied', '2020-4-1'),
('Taraann_Myiesha87', '5490', 'sent', '2020-10-24'),
('Rickelle_Joleigh50', '5490', 'denied', '2020-9-7'),
('Kerek_Tifani33', '5490', 'hired', '2020-1-9'),
('Lorrena_Danyell30', '5490', 'review', '2020-7-10'),
('Osamah_Wlliam06', '5490', 'accepted', '2020-11-18'),
('Lacye_Bill91', '5490', 'accepted', '2020-5-9'),
('Shaquilla_Lakshmi55', '5490', 'accepted', '2020-9-13'),
('Daena_Azalia24', '5490', 'review', '2020-2-5'),
('Kammi_Mathieu87', '5490', 'sent', '2020-9-23'),
('Frimet_Dalvin07', '5490', 'sent', '2020-5-14'),
('Neila_Elisabetta86', '5490', 'review', '2020-10-28'),
('Hyman_Carter98', '5490', 'review', '2020-10-26'),
('Rhea_Lorraine73', '4845', 'sent', '2020-3-28'),
('Rochel_Cheron32', '4845', 'sent', '2020-7-12'),
('Katura_Natacha39', '4845', 'sent', '2020-8-10'),
('Vana_Kaj56', '4845', 'denied', '2020-2-13'),
('Aleia_Renay72', '4845', 'sent', '2020-2-12'),
('Elesha_Juliana73', '4845', 'hired', '2020-9-17'),
('Larah_Neil53', '4845', 'sent', '2020-4-9'),
('Nikkolas_Shaterra28', '4845', 'denied', '2020-3-7'),
('Raffinee_Chinwe97', '4845', 'review', '2020-6-20'),
('Teaira_Renier18', '4845', 'denied', '2020-5-15'),
('Tyshia_Cristopher68', '4845', 'review', '2020-6-3'),
('Leaha_Shadee91', '4845', 'accepted', '2020-12-15'),
('Kimberely_Deontray77', '4845', 'denied', '2020-5-2'),
('Jessy_Kaleah69', '4845', 'accepted', '2020-7-23'),
('Reid_Marquesha95', '4845', 'denied', '2020-4-1'),
('Taraann_Myiesha87', '4845', 'sent', '2020-10-24'),
('Rickelle_Joleigh50', '4845', 'denied', '2020-9-7'),
('Kerek_Tifani33', '4845', 'hired', '2020-1-9'),
('Lorrena_Danyell30', '4845', 'review', '2020-7-10'),
('Osamah_Wlliam06', '4845', 'accepted', '2020-11-18'),
('Lacye_Bill91', '4845', 'accepted', '2020-5-9'),
('Shaquilla_Lakshmi55', '4845', 'accepted', '2020-9-13'),
('Daena_Azalia24', '4845', 'review', '2020-2-5'),
('Kammi_Mathieu87', '4845', 'sent', '2020-9-23'),
('Frimet_Dalvin07', '4845', 'sent', '2020-5-14'),
('Neila_Elisabetta86', '4845', 'review', '2020-10-28'),
('Hyman_Carter98', '4845', 'review', '2020-10-26'),
('Rhea_Lorraine73', '4897', 'sent', '2020-3-28'),
('Rochel_Cheron32', '4897', 'sent', '2020-7-12'),
('Katura_Natacha39', '4897', 'sent', '2020-8-10'),
('Vana_Kaj56', '4897', 'denied', '2020-2-13'),
('Aleia_Renay72', '4897', 'sent', '2020-2-12'),
('Elesha_Juliana73', '4897', 'hired', '2020-9-17'),
('Larah_Neil53', '4897', 'sent', '2020-4-9'),
('Nikkolas_Shaterra28', '4897', 'denied', '2020-3-7'),
('Raffinee_Chinwe97', '4897', 'review', '2020-6-20'),
('Teaira_Renier18', '4897', 'denied', '2020-5-15'),
('Tyshia_Cristopher68', '4897', 'review', '2020-6-3'),
('Leaha_Shadee91', '4897', 'accepted', '2020-12-15'),
('Kimberely_Deontray77', '4897', 'denied', '2020-5-2'),
('Jessy_Kaleah69', '4897', 'accepted', '2020-7-23'),
('Reid_Marquesha95', '4897', 'denied', '2020-4-1'),
('Taraann_Myiesha87', '4897', 'sent', '2020-10-24'),
('Rickelle_Joleigh50', '4897', 'denied', '2020-9-7'),
('Kerek_Tifani33', '4897', 'hired', '2020-1-9'),
('Lorrena_Danyell30', '4897', 'review', '2020-7-10'),
('Osamah_Wlliam06', '4897', 'accepted', '2020-11-18'),
('Lacye_Bill91', '4897', 'accepted', '2020-5-9'),
('Shaquilla_Lakshmi55', '4897', 'accepted', '2020-9-13'),
('Daena_Azalia24', '4897', 'review', '2020-2-5'),
('Kammi_Mathieu87', '4897', 'sent', '2020-9-23'),
('Frimet_Dalvin07', '4897', 'sent', '2020-5-14'),
('Neila_Elisabetta86', '4897', 'review', '2020-10-28'),
('Hyman_Carter98', '4897', 'review', '2020-10-26'),
('Rhea_Lorraine73', '2628', 'sent', '2020-3-28'),
('Rochel_Cheron32', '2628', 'sent', '2020-7-12'),
('Katura_Natacha39', '2628', 'sent', '2020-8-10'),
('Vana_Kaj56', '2628', 'denied', '2020-2-13'),
('Aleia_Renay72', '2628', 'sent', '2020-2-12'),
('Elesha_Juliana73', '2628', 'hired', '2020-9-17'),
('Larah_Neil53', '2628', 'sent', '2020-4-9'),
('Nikkolas_Shaterra28', '2628', 'denied', '2020-3-7'),
('Raffinee_Chinwe97', '2628', 'review', '2020-6-20'),
('Teaira_Renier18', '2628', 'denied', '2020-5-15'),
('Tyshia_Cristopher68', '2628', 'review', '2020-6-3'),
('Leaha_Shadee91', '2628', 'accepted', '2020-12-15'),
('Kimberely_Deontray77', '2628', 'denied', '2020-5-2'),
('Jessy_Kaleah69', '2628', 'accepted', '2020-7-23'),
('Reid_Marquesha95', '2628', 'denied', '2020-4-1'),
('Taraann_Myiesha87', '2628', 'sent', '2020-10-24'),
('Rickelle_Joleigh50', '2628', 'denied', '2020-9-7'),
('Kerek_Tifani33', '2628', 'hired', '2020-1-9'),
('Lorrena_Danyell30', '2628', 'review', '2020-7-10'),
('Osamah_Wlliam06', '2628', 'accepted', '2020-11-18'),
('Lacye_Bill91', '2628', 'accepted', '2020-5-9'),
('Shaquilla_Lakshmi55', '2628', 'accepted', '2020-9-13'),
('Daena_Azalia24', '2628', 'review', '2020-2-5'),
('Kammi_Mathieu87', '2628', 'sent', '2020-9-23'),
('Frimet_Dalvin07', '2628', 'sent', '2020-5-14'),
('Neila_Elisabetta86', '2628', 'review', '2020-10-28'),
('Hyman_Carter98', '2628', 'review', '2020-10-26'),
('Rhea_Lorraine73', '4825', 'sent', '2020-3-28'),
('Rochel_Cheron32', '4825', 'sent', '2020-7-12'),
('Katura_Natacha39', '4825', 'sent', '2020-8-10'),
('Vana_Kaj56', '4825', 'denied', '2020-2-13'),
('Aleia_Renay72', '4825', 'sent', '2020-2-12'),
('Elesha_Juliana73', '4825', 'hired', '2020-9-17'),
('Larah_Neil53', '4825', 'sent', '2020-4-9'),
('Nikkolas_Shaterra28', '4825', 'denied', '2020-3-7'),
('Raffinee_Chinwe97', '4825', 'review', '2020-6-20'),
('Teaira_Renier18', '4825', 'denied', '2020-5-15'),
('Tyshia_Cristopher68', '4825', 'review', '2020-6-3'),
('Leaha_Shadee91', '4825', 'accepted', '2020-12-15'),
('Kimberely_Deontray77', '4825', 'denied', '2020-5-2'),
('Jessy_Kaleah69', '4825', 'accepted', '2020-7-23'),
('Reid_Marquesha95', '4825', 'denied', '2020-4-1'),
('Taraann_Myiesha87', '4825', 'sent', '2020-10-24'),
('Rickelle_Joleigh50', '4825', 'denied', '2020-9-7'),
('Kerek_Tifani33', '4825', 'hired', '2020-1-9'),
('Lorrena_Danyell30', '4825', 'review', '2020-7-10'),
('Osamah_Wlliam06', '4825', 'accepted', '2020-11-18'),
('Lacye_Bill91', '4825', 'accepted', '2020-5-9'),
('Shaquilla_Lakshmi55', '4825', 'accepted', '2020-9-13'),
('Daena_Azalia24', '4825', 'review', '2020-2-5'),
('Kammi_Mathieu87', '4825', 'sent', '2020-9-23'),
('Frimet_Dalvin07', '4825', 'sent', '2020-5-14'),
('Neila_Elisabetta86', '4825', 'review', '2020-10-28'),
('Hyman_Carter98', '4825', 'review', '2020-10-26'),
('Rafeal_Shatonna35', '3026', 'accepted', '2020-6-24'),
('Tarence_Marizol17', '3026', 'review', '2020-8-15'),
('Siara_Tina49', '3026', 'accepted', '2020-7-20'),
('Jaya_Daymond14', '3026', 'hired', '2020-1-10'),
('Ray_Taunya16', '3026', 'hired', '2020-1-19'),
('Yeni_Elina21', '3026', 'sent', '2020-6-3'),
('Tarica_Rohan24', '3026', 'review', '2020-10-17'),
('Kohl_Laquida60', '3026', 'denied', '2020-6-13'),
('Taylore_Shakeitha12', '3026', 'hired', '2020-10-25'),
('Rickelle_Joleigh50', '3026', 'accepted', '2020-5-27'),
('Keilah_Akim04', '3026', 'review', '2020-12-20'),
('Larah_Neil53', '3026', 'accepted', '2020-12-18'),
('Elesha_Juliana73', '3026', 'sent', '2020-8-25'),
('Corin_Darroll12', '3026', 'accepted', '2020-11-18'),
('Giovana_Ilene55', '3026', 'sent', '2020-2-27'),
('Duwayne_Kiona14', '3026', 'accepted', '2020-7-14'),
('Diamon_Lenamarie59', '3026', 'review', '2020-6-8'),
('Rock_Shiketa04', '3026', 'accepted', '2020-6-9'),
('Gil_Davonne72', '3026', 'sent', '2020-8-24'),
('Afton_Florine15', '3026', 'denied', '2020-10-7'),
('Kevis_Matthias05', '3026', 'accepted', '2020-11-1'),
('Eleesha_Lysandra96', '3026', 'denied', '2020-3-1'),
('Brittay_Amilcar24', '3026', 'sent', '2020-10-10'),
('Katura_Natacha39', '3026', 'accepted', '2020-8-19'),
('Kammi_Mathieu87', '3026', 'accepted', '2020-9-18'),
('Correen_Rebekha91', '3026', 'review', '2020-11-8'),
('Farrah_Leyla76', '3026', 'denied', '2020-12-27'),
('Gullermo_Fredy71', '3026', 'review', '2020-8-22'),
('Eleesha_Lysandra96', '5973', 'denied', '2020-10-25'),
('Ray_Taunya16', '5973', 'hired', '2020-11-24'),
('Keilah_Akim04', '5973', 'hired', '2020-5-9'),
('Shaquilla_Lakshmi55', '5973', 'sent', '2020-10-2'),
('Sasan_Taryn68', '5973', 'denied', '2020-1-24'),
('Jaya_Daymond14', '5973', 'sent', '2020-6-5'),
('Hobie_Creighton54', '5973', 'denied', '2020-8-17'),
('Jolena_Muriel46', '5973', 'accepted', '2020-2-22'),
('Tyishia_Donovin42', '5973', 'accepted', '2020-4-6'),
('Rickelle_Joleigh50', '5973', 'sent', '2020-5-22'),
('Yeni_Elina21', '5973', 'accepted', '2020-10-7'),
('Giovana_Ilene55', '5973', 'denied', '2020-10-16'),
('Tamesha_Mathhew31', '5973', 'review', '2020-7-10'),
('Rochel_Cheron32', '5973', 'sent', '2020-6-18'),
('Teaira_Renier18', '5973', 'sent', '2020-12-5'),
('Taylore_Shakeitha12', '5973', 'accepted', '2020-7-1'),
('Sharea_Jatara91', '5973', 'accepted', '2020-8-17'),
('Fatin_Kania40', '5973', 'accepted', '2020-11-6'),
('Jessy_Kaleah69', '5973', 'sent', '2020-7-9'),
('Larah_Neil53', '5973', 'review', '2020-3-10'),
('Talin_Tarynn82', '5973', 'sent', '2020-2-13'),
('Reid_Marquesha95', '5973', 'sent', '2020-2-22'),
('Georgianna_Aurelia86', '5973', 'accepted', '2020-9-17'),
('Taraann_Myiesha87', '5973', 'denied', '2020-9-18'),
('Caralee_Kennard98', '5973', 'accepted', '2020-5-27'),
('Farrah_Leyla76', '5973', 'sent', '2020-8-2'),
('Andice_Alysia53', '5973', 'sent', '2020-1-16'),
('Rafeal_Shatonna35', '5973', 'sent', '2020-12-24'),
('Kerek_Tifani33', '5973', 'denied', '2020-10-11');

DELETE FROM EmployerCC;
INSERT INTO EmployerCC(EmployerUserName, CCNumber)
VALUES ('Quana_Saleena56', '0665120238734036'),
('Quana_Saleena56', '0038420764802084'),
('Quana_Saleena56', '3310914711457198'),
('Quana_Saleena56', '5103392543436989'),
('Rubens_Elaine84', '6713435493113638'),
('Rubens_Elaine84', '4334812480211344'),
('Doanld_Adi95', '2829353612131889'),
('Doanld_Adi95', '3108561978404532'),
('Doanld_Adi95', '1510756851298682'),
('Doanld_Adi95', '0545198412672181'),
('Ashleyanne_Florian09', '0035793986501070'),
('Ashleyanne_Florian09', '2549525800568388'),
('Ashleyanne_Florian09', '9666480766377926'),
('Sabina_Veronika10', '0289953736773987'),
('Becky_Shamela72', '1906133774050432'),
('Becky_Shamela72', '8805820092314490'),
('Sabreena_Nidia91', '5527874038471593'),
('Sabreena_Nidia91', '0532995311898496'),
('Sabreena_Nidia91', '4618235387949583'),
('Melissia_Tam65', '3507181982513551'),
('Melissia_Tam65', '6824377151491044'),
('Melissia_Tam65', '8538527750390151'),
('Tanya_Jenisha69', '5312973481616732'),
('Tanya_Jenisha69', '0323941642185056'),
('Brigit_Natividad73', '0619248968988288'),
('Brigit_Natividad73', '4297082292960540'),
('Brigit_Natividad73', '3567727604258091'),
('Brigit_Natividad73', '4561562105965468'),
('Ariele_Terrial42', '8691030084555343'),
('Ariele_Terrial42', '7933829491397602'),
('Ariele_Terrial42', '7792935627434473'),
('Ariele_Terrial42', '4453088593773567'),
('Latashia_Domminic81', '3129383071681719'),
('Gia_Jerardo44', '6420534939698787'),
('Gia_Jerardo44', '0276097671407850'),
('Gia_Jerardo44', '1151126006322910'),
('Gia_Jerardo44', '3391699911957060'),
('Asaf_Kaytie53', '2537592433840661'),
('Asaf_Kaytie53', '0461385754997460'),
('Asaf_Kaytie53', '4020179038984796'),
('Sheva_Jennyfer82', '7122959045696437'),
('Sheva_Jennyfer82', '3484877641085968'),
('Sheva_Jennyfer82', '3022639205213787'),
('Sheva_Jennyfer82', '9584442690112882'),
('Vannessa_Delois47', '9919393861028069'),
('Vannessa_Delois47', '1106728874281838'),
('Vannessa_Delois47', '3037855620322482'),
('Cristle_Nicloe50', '2911283553162094'),
('Cristle_Nicloe50', '1865302276216577'),
('Cristle_Nicloe50', '7597060761729738'),
('Jarron_Raschelle08', '0282969890482183'),
('Jarron_Raschelle08', '2051092481471924'),
('Jarron_Raschelle08', '8711522143146107'),
('Jarron_Raschelle08', '7985508291115268'),
('Iyanna_Kaydi59', '3852640329411779'),
('Aditya_Keyonna65', '2472228273993577'),
('Aditya_Keyonna65', '9814336728319049'),
('Aditya_Keyonna65', '4509790294811120'),
('Aditya_Keyonna65', '6228854732834060'),
('Rosalina_Lucero99', '7620247876568318'),
('Rosalina_Lucero99', '6907708762808719'),
('Rosalina_Lucero99', '1729911589612563'),
('Liv_Isha29', '1986610695420458'),
('Liv_Isha29', '6016613032777499'),
('Liv_Isha29', '9355171547261146'),
('Liv_Isha29', '6650215647464472'),
('Angelisa_Ladanna86', '0019309923858310'),
('Angelisa_Ladanna86', '4332937734535759'),
('Jumana_Cameo46', '0038804538987221'),
('Jumana_Cameo46', '6309267042179245'),
('Tyrece_Peter33', '3511485743878847'),
('Tyrece_Peter33', '5803205569718671'),
('Tyrece_Peter33', '2634143084720371'),
('Tyrece_Peter33', '0734846750138308'),
('Shantella_Ladon49', '6300349056132779'),
('Shantella_Ladon49', '8622873761138724'),
('Shantella_Ladon49', '4433323888206182'),
('Dontee_Cathern30', '3157074047889552'),
('Dontee_Cathern30', '0445401855503685'),
('Dontee_Cathern30', '0920534848090376'),
('Dontee_Cathern30', '8845106022668017'),
('Pooja_Aldric78', '8628467002776547'),
('Pooja_Aldric78', '1872791222754483'),
('Pooja_Aldric78', '0432155780325390'),
('Pooja_Aldric78', '9388899585439282'),
('Mitul_Samie56', '0287084886389816'),
('Mitul_Samie56', '4393098046218668'),
('Emillie_Nery98', '0010091944418212'),
('Emillie_Nery98', '1767363832340416'),
('Emillie_Nery98', '9067975410373503'),
('Emillie_Nery98', '5493308003869415'),
('Trista_Shalandra88', '0191030316440537'),
('Trista_Shalandra88', '9416415685386766'),
('Trista_Shalandra88', '7336166295951380'),
('Morgen_Alsion95', '2510295093225582'),
('Davide_Lindamarie79', '9031193219280118'),
('Davide_Lindamarie79', '6364559875181210'),
('Timtohy_Mehran01', '2766213015842546'),
('Timtohy_Mehran01', '1380596364961329'),
('Venisha_Anabell20', '6813380248413283'),
('Venisha_Anabell20', '5627678947044366'),
('Bunny_Garcelle00', '9398758931364813'),
('Krishonda_Averie04', '6949506465366430'),
('Asael_Talayah87', '2231831712422123'),
('Corwin_Kendl12', '1867657653619214'),
('Corwin_Kendl12', '9506214166907960'),
('Corwin_Kendl12', '6725534888432127'),
('Zeshan_Randee49', '4546206095946077'),
('Ladarious_Halley12', '8470927203380004'),
('Lauretta_Rustin40', '5412059601017912'),
('Lauretta_Rustin40', '1090686697426593'),
('Lauretta_Rustin40', '4092943770411450'),
('Jontae_Shavonda82', '9339415365441685'),
('Develle_Khira31', '9418248384278325'),
('Develle_Khira31', '7850445356081162'),
('Kieth_Rashad83', '1917614040286044'),
('Kieth_Rashad83', '7911000996282652'),
('Bethel_Sherika54', '9838793917335688'),
('Bethel_Sherika54', '9697970560668177'),
('Shyam_Dakotah60', '2432439787030402'),
('Shyam_Dakotah60', '8973468478315653'),
('Shyam_Dakotah60', '4779924957971537'),
('Otha_Antonios24', '3542508280915800'),
('Otha_Antonios24', '6113726957355800'),
('Otha_Antonios24', '6292709926866780'),
('Otha_Antonios24', '8613197537736292'),
('Quanah_Levell21', '5038338820189277'),
('Quanah_Levell21', '1409356969678007'),
('Joshual_Chavon60', '2461222139080862'),
('Joshual_Chavon60', '3408934635600334'),
('Joshual_Chavon60', '3801507668798659');

DELETE FROM EmployerPAD;
INSERT INTO EmployerPAD(EmployerUserName, AccountNumber)
VALUES ('Quana_Saleena56', '9976894'),
('Quana_Saleena56', '0779256'),
('Rubens_Elaine84', '6939111'),
('Rubens_Elaine84', '4015552'),
('Doanld_Adi95', '1900337'),
('Ashleyanne_Florian09', '0748176'),
('Sabina_Veronika10', '4595757'),
('Sabina_Veronika10', '9157709'),
('Sabina_Veronika10', '7936954'),
('Sabina_Veronika10', '3984073'),
('Becky_Shamela72', '8769380'),
('Sabreena_Nidia91', '4738461'),
('Sabreena_Nidia91', '1201614'),
('Sabreena_Nidia91', '0336062'),
('Sabreena_Nidia91', '6225689'),
('Melissia_Tam65', '4917343'),
('Melissia_Tam65', '7944506'),
('Tanya_Jenisha69', '7483975'),
('Tanya_Jenisha69', '8242261'),
('Tanya_Jenisha69', '0902080'),
('Brigit_Natividad73', '0177414'),
('Brigit_Natividad73', '0505454'),
('Ariele_Terrial42', '1623671'),
('Ariele_Terrial42', '5778820'),
('Ariele_Terrial42', '4070925'),
('Latashia_Domminic81', '7350280'),
('Gia_Jerardo44', '2956277'),
('Asaf_Kaytie53', '7461863'),
('Asaf_Kaytie53', '8403195'),
('Sheva_Jennyfer82', '0228425'),
('Sheva_Jennyfer82', '7119926'),
('Sheva_Jennyfer82', '5561932'),
('Vannessa_Delois47', '1370284'),
('Vannessa_Delois47', '7738954'),
('Vannessa_Delois47', '8077310'),
('Vannessa_Delois47', '5102534'),
('Cristle_Nicloe50', '6130622'),
('Cristle_Nicloe50', '6244771'),
('Cristle_Nicloe50', '7897151'),
('Jarron_Raschelle08', '9448742'),
('Jarron_Raschelle08', '6378724'),
('Iyanna_Kaydi59', '9322832'),
('Iyanna_Kaydi59', '9837671'),
('Iyanna_Kaydi59', '6874569'),
('Iyanna_Kaydi59', '7848334'),
('Aditya_Keyonna65', '4607280'),
('Rosalina_Lucero99', '1052601'),
('Rosalina_Lucero99', '1952793'),
('Rosalina_Lucero99', '8399370'),
('Liv_Isha29', '3498826'),
('Angelisa_Ladanna86', '6400312'),
('Angelisa_Ladanna86', '2121850'),
('Jumana_Cameo46', '8274805'),
('Tyrece_Peter33', '0608147'),
('Tyrece_Peter33', '4464732'),
('Tyrece_Peter33', '3379446'),
('Shantella_Ladon49', '1117663'),
('Shantella_Ladon49', '1997324'),
('Shantella_Ladon49', '8789028'),
('Dontee_Cathern30', '1611437'),
('Dontee_Cathern30', '1741040'),
('Dontee_Cathern30', '9264937'),
('Dontee_Cathern30', '8648280'),
('Pooja_Aldric78', '9221752'),
('Pooja_Aldric78', '7480596'),
('Pooja_Aldric78', '5444516'),
('Pooja_Aldric78', '4816356'),
('Mitul_Samie56', '7115310'),
('Mitul_Samie56', '8707206'),
('Mitul_Samie56', '0410441'),
('Mitul_Samie56', '2288867'),
('Emillie_Nery98', '2010728'),
('Emillie_Nery98', '0670097'),
('Emillie_Nery98', '7774605'),
('Trista_Shalandra88', '0664697'),
('Trista_Shalandra88', '7171554'),
('Morgen_Alsion95', '7444060'),
('Morgen_Alsion95', '8868358'),
('Morgen_Alsion95', '1413151'),
('Morgen_Alsion95', '5136384'),
('Davide_Lindamarie79', '7958007'),
('Davide_Lindamarie79', '6792853'),
('Davide_Lindamarie79', '9419930'),
('Davide_Lindamarie79', '4666670'),
('Timtohy_Mehran01', '8101904'),
('Timtohy_Mehran01', '3459334'),
('Timtohy_Mehran01', '6407566'),
('Venisha_Anabell20', '5245896'),
('Venisha_Anabell20', '6732201'),
('Bunny_Garcelle00', '6671435'),
('Bunny_Garcelle00', '4769906'),
('Bunny_Garcelle00', '7650708'),
('Krishonda_Averie04', '9933358'),
('Asael_Talayah87', '5712172'),
('Asael_Talayah87', '8626963'),
('Asael_Talayah87', '6037979'),
('Asael_Talayah87', '1452575'),
('Corwin_Kendl12', '5799339'),
('Corwin_Kendl12', '1929591'),
('Zeshan_Randee49', '7953171'),
('Zeshan_Randee49', '0897620'),
('Zeshan_Randee49', '6602342'),
('Zeshan_Randee49', '0978513'),
('Ladarious_Halley12', '3060582'),
('Ladarious_Halley12', '0515990'),
('Ladarious_Halley12', '0306330'),
('Lauretta_Rustin40', '9465413'),
('Lauretta_Rustin40', '9733670'),
('Jontae_Shavonda82', '6330261'),
('Jontae_Shavonda82', '1323929'),
('Develle_Khira31', '2326678'),
('Kieth_Rashad83', '9482653'),
('Kieth_Rashad83', '0472161'),
('Kieth_Rashad83', '1394010'),
('Kieth_Rashad83', '9453034'),
('Bethel_Sherika54', '8221356'),
('Bethel_Sherika54', '1833913'),
('Shyam_Dakotah60', '9996359'),
('Shyam_Dakotah60', '8840886'),
('Otha_Antonios24', '5255605'),
('Quanah_Levell21', '4251363'),
('Quanah_Levell21', '8499385'),
('Quanah_Levell21', '4709196'),
('Quanah_Levell21', '6453957'),
('Joshual_Chavon60', '2852701'),
('Joshual_Chavon60', '7856012'),
('Joshual_Chavon60', '8190164');

DELETE FROM ApplicantCC;
INSERT INTO ApplicantCC(ApplicantUserName, CCNumber)
VALUES ('Taraann_Myiesha87', '2182236608538727'),
('Taraann_Myiesha87', '9901961995760606'),
('Sasan_Taryn68', '2416611396593651'),
('Sasan_Taryn68', '6070311232146417'),
('Traveon_Kamron29', '8900929705304254'),
('Traveon_Kamron29', '4947906580603706'),
('Traveon_Kamron29', '3436487011580149'),
('Traveon_Kamron29', '8659199367792568'),
('Giovana_Ilene55', '7165178547926049'),
('Giovana_Ilene55', '6715996529119723'),
('Deonte_Viet06', '9585684182117449'),
('Deonte_Viet06', '4916466167817103'),
('Deonte_Viet06', '2978974434654736'),
('Stasia_Leonel58', '1986673810603471'),
('Shaquilla_Lakshmi55', '3620117210350124'),
('Shaquilla_Lakshmi55', '6281847622747789'),
('Shaquilla_Lakshmi55', '2595338111054197'),
('Shaquilla_Lakshmi55', '3110159963243990'),
('Ray_Taunya16', '6701647763209916'),
('Ray_Taunya16', '5071068139719721'),
('Ray_Taunya16', '1925299476142511'),
('Frimet_Dalvin07', '9592772756920060'),
('Frimet_Dalvin07', '2290800840802485'),
('Frimet_Dalvin07', '3446351297553573'),
('Frimet_Dalvin07', '5987598084314122'),
('Siara_Tina49', '1838242714355945'),
('Jolena_Muriel46', '2595861771811771'),
('Jolena_Muriel46', '7827627240454807'),
('Reid_Marquesha95', '7972118738085259'),
('Reid_Marquesha95', '1107252381948680'),
('Reid_Marquesha95', '0122686794785093'),
('Reid_Marquesha95', '2317433980918240'),
('Jermy_Filip64', '5100243578322195'),
('Jermy_Filip64', '8715515300209128'),
('Jermy_Filip64', '5729884639212608'),
('Katura_Natacha39', '8575921826470096'),
('Katura_Natacha39', '1005570846877896'),
('Katura_Natacha39', '7456935501663909'),
('Katura_Natacha39', '5228145939336331'),
('Coleton_Margret28', '8365506916306740'),
('Fatin_Kania40', '3611685180467523'),
('Fatin_Kania40', '3608375793374652'),
('Fatin_Kania40', '8878585216238832'),
('Kerek_Tifani33', '8214585465904317'),
('Kerek_Tifani33', '1641011103542483'),
('Kerek_Tifani33', '0491654462849365'),
('Kinley_Ennifer39', '0282341807779538'),
('Kinley_Ennifer39', '1268667828637217'),
('Kinley_Ennifer39', '2197277206579352'),
('Kinley_Ennifer39', '2575572753910079'),
('Gullermo_Fredy71', '2111438665143813'),
('Gullermo_Fredy71', '4364671568778788'),
('Gullermo_Fredy71', '4882565592630930'),
('Gullermo_Fredy71', '3467078514649858'),
('Sharea_Jatara91', '6239166214423125'),
('Sharea_Jatara91', '0589779653337930'),
('Sharea_Jatara91', '8828928480853005'),
('Sharea_Jatara91', '3547100040959102'),
('Jaya_Daymond14', '4639195140432548'),
('Jaya_Daymond14', '7965221618371555'),
('Tashika_Hamilton75', '9432002511656123'),
('Tashika_Hamilton75', '5614456230850931'),
('Daena_Azalia24', '2373306975933339'),
('Daena_Azalia24', '8210085793104359'),
('Daena_Azalia24', '1112729974736658'),
('Daena_Azalia24', '1201019142902917'),
('Jahan_Estaban29', '5630784235585059'),
('Gil_Davonne72', '2739814455426523'),
('Gil_Davonne72', '0212979699389432'),
('Gil_Davonne72', '1308857105683129'),
('Brittay_Amilcar24', '2454355966720159'),
('Acacia_Dynasty67', '0855876450394980'),
('Acacia_Dynasty67', '6948759138784862'),
('Eleesha_Lysandra96', '4698105590141584'),
('Eleesha_Lysandra96', '3314659682301047'),
('Eleesha_Lysandra96', '0037114690747279'),
('Andice_Alysia53', '8756123571580438'),
('Andice_Alysia53', '8302385332752634'),
('Corin_Darroll12', '8991971763084016'),
('Corin_Darroll12', '7929251050535098'),
('Corin_Darroll12', '5712332602974223'),
('Corin_Darroll12', '7029154981061065'),
('Atlee_Torre34', '0965567473387233'),
('Atlee_Torre34', '6382409513043270'),
('Lacye_Bill91', '8255337047154166'),
('Lacye_Bill91', '2163299793888346'),
('Lacye_Bill91', '4816616829636727'),
('Lacye_Bill91', '9094796838156471'),
('Chriselda_Mathan61', '8145905475970274'),
('Chriselda_Mathan61', '4955893162736490'),
('Diamon_Lenamarie59', '1509597606900299'),
('Towana_Sauel81', '6686980477567794'),
('Towana_Sauel81', '6977123201234576'),
('Katrina_Latrica09', '9630602237146550'),
('Kohl_Laquida60', '7777049406752372'),
('Kohl_Laquida60', '7837277477381896'),
('Jenipher_Janeese14', '5019086715201208'),
('Jenipher_Janeese14', '9420168542242554'),
('Darean_Casidy25', '7512361832106798'),
('Kammi_Mathieu87', '1050789890620185'),
('Kammi_Mathieu87', '6218521736660128'),
('Kammi_Mathieu87', '1145653145705339'),
('Kammi_Mathieu87', '2412147902790075'),
('Lorrena_Danyell30', '8830505633999183'),
('Lorrena_Danyell30', '8975957467340433'),
('Lorrena_Danyell30', '8004215197221997'),
('Lorrena_Danyell30', '1292216669091169'),
('Marquist_Demitri55', '1887345561092679'),
('Marquist_Demitri55', '2704744667392884'),
('Larah_Neil53', '3790434049833335'),
('Daid_Daniell02', '2206520424546535'),
('Daid_Daniell02', '7005146025441794'),
('Daid_Daniell02', '4524423115831138'),
('Terrin_Lakeish60', '2444667034226714'),
('Terrin_Lakeish60', '5702385766129752'),
('Terrin_Lakeish60', '6410722766148370'),
('Rhea_Lorraine73', '2940718639859496'),
('Jalal_Tyechia99', '9137783060842905'),
('Jalal_Tyechia99', '6931078004147604'),
('Jalal_Tyechia99', '1691095911046720'),
('Darbie_Davien55', '1467547002126445'),
('Dawnelle_Tamilia80', '7642508503866947'),
('Waseem_Vanna96', '4168034098612728'),
('Waseem_Vanna96', '7648053410937849'),
('Waseem_Vanna96', '7568522845736627'),
('Sarika_Kyree64', '9096439224458107'),
('Sarika_Kyree64', '9286340944739747'),
('Kevan_Malaina75', '6102461168995039'),
('Kevan_Malaina75', '0539379845965163'),
('Kevan_Malaina75', '0607379596941728'),
('Hobie_Creighton54', '0483830244970739'),
('Farrah_Leyla76', '6079276410500020'),
('Farrah_Leyla76', '4712931748839808'),
('Farrah_Leyla76', '1201595037600853'),
('Farrah_Leyla76', '1109686892473940'),
('Nikkolas_Shaterra28', '4432346572965618'),
('Nikkolas_Shaterra28', '1486894753063124'),
('Nikkolas_Shaterra28', '6562998607413918'),
('Rickelle_Joleigh50', '8402492215357107'),
('Rickelle_Joleigh50', '8497690335502923'),
('Rickelle_Joleigh50', '6401374561455617'),
('Rickelle_Joleigh50', '1548481065637263'),
('Duron_Keoshia90', '4233032260184940'),
('Duron_Keoshia90', '6319242509467170'),
('Duron_Keoshia90', '4846899771690022'),
('Tamesha_Mathhew31', '8725175781417276'),
('Tamesha_Mathhew31', '5786457490811660'),
('Sharnette_Sharnette46', '2306651769551085'),
('Sharnette_Sharnette46', '5884568719423400'),
('Rafeal_Shatonna35', '0541500026975043'),
('Jalayne_Donell69', '5555459836130693'),
('Jalayne_Donell69', '1635810406679486'),
('Duwayne_Kiona14', '4333191600286752'),
('Duwayne_Kiona14', '8866978210860297'),
('Chantay_Chalice16', '8350733148684134'),
('Yeni_Elina21', '6634234042798091'),
('Yeni_Elina21', '9917663267345467'),
('Yeni_Elina21', '5988842529755403'),
('Neila_Elisabetta86', '3401755483660594'),
('Neila_Elisabetta86', '2809636269350562'),
('Neila_Elisabetta86', '3398761085492447'),
('Neila_Elisabetta86', '3965135614205679'),
('Teaira_Renier18', '1685698617887841'),
('Teaira_Renier18', '3487410704843981'),
('Teaira_Renier18', '3469287502007065'),
('Rochel_Cheron32', '8961185802501017'),
('Rochel_Cheron32', '3419986264218031'),
('Petra_Charlee12', '6287555167967121'),
('Petra_Charlee12', '5053494532708309'),
('Petra_Charlee12', '4950693947540352'),
('Vana_Kaj56', '9405843770277813'),
('Vana_Kaj56', '6895113674649500'),
('Nikolai_Shelonda30', '4393181906115922'),
('Caralee_Kennard98', '7679439478053214'),
('Caralee_Kennard98', '3575710039147344'),
('Caralee_Kennard98', '1250498803373144'),
('Ginelle_Valerie07', '1102920809229526'),
('Ginelle_Valerie07', '8043117388203373'),
('Ginelle_Valerie07', '4702240414732813'),
('Taylore_Shakeitha12', '0279156117420191'),
('Taylore_Shakeitha12', '0471542772417963'),
('Taylore_Shakeitha12', '3051762702283716'),
('Taylore_Shakeitha12', '3348848133860806'),
('Kimia_Kenrick69', '8187470860561086'),
('Raffinee_Chinwe97', '7636316728099688'),
('Raffinee_Chinwe97', '2926853269588346'),
('Tarica_Rohan24', '0400380910095563'),
('Tarica_Rohan24', '2393400575143660'),
('Rock_Shiketa04', '8207619033051723'),
('Aleia_Renay72', '0310450093098291'),
('Damara_Laquite68', '8075860991976193'),
('Osamah_Wlliam06', '5660269991640021'),
('Osamah_Wlliam06', '2386625950925999'),
('Osamah_Wlliam06', '5088895037443887'),
('Jessy_Kaleah69', '4467008095212542'),
('Bud_Garylee83', '2833508653751706'),
('Bud_Garylee83', '9516925424039359'),
('Bud_Garylee83', '9872661176496064'),
('Georgianna_Aurelia86', '6712533135744050'),
('Georgianna_Aurelia86', '8270693321330415'),
('Georgianna_Aurelia86', '7026851644459825'),
('Georgianna_Aurelia86', '6658267817351160'),
('Correen_Rebekha91', '4887844910988274'),
('Afton_Florine15', '8869191551607418'),
('Afton_Florine15', '3775599932118543'),
('Tarence_Marizol17', '7806380922697816'),
('Talin_Tarynn82', '8343836822784282'),
('Carlis_Nhia80', '9615681012502446'),
('Carlis_Nhia80', '2665929997564954'),
('Carlis_Nhia80', '2055333968592262'),
('Carlis_Nhia80', '5604324844277381'),
('Kimberely_Deontray77', '3030926539596864'),
('Kimberely_Deontray77', '9424917922559574'),
('Kimberely_Deontray77', '2542491091632156'),
('Kevis_Matthias05', '8942389112970580'),
('Sharise_Idrees73', '4211936757838661'),
('Sharise_Idrees73', '2188018746992808'),
('Davia_Shaindel05', '3136971469167388'),
('Davia_Shaindel05', '2964956561190178'),
('Davia_Shaindel05', '3642119818311329'),
('Gwen_Jilliann99', '0177697709056075'),
('Gwen_Jilliann99', '0338597641489602'),
('Gwen_Jilliann99', '6986157236893412'),
('Tyshia_Cristopher68', '8764295972321172'),
('Tyshia_Cristopher68', '2435228474314050'),
('Tyshia_Cristopher68', '8926696000490554'),
('Tyshia_Cristopher68', '6715471093088026'),
('Hyman_Carter98', '4094311292004867'),
('Hyman_Carter98', '6648083191306557'),
('Leaha_Shadee91', '5521770468988380'),
('Leaha_Shadee91', '4508407266376047'),
('Leaha_Shadee91', '9433303571835688'),
('Leaha_Shadee91', '1801253809189728'),
('Tyishia_Donovin42', '7356622510422023'),
('Akil_Tal26', '7968663928335301'),
('Elesha_Juliana73', '2538997525422510'),
('Keilah_Akim04', '8582809185473418');

DELETE FROM ApplicantPAD;
INSERT INTO ApplicantPAD(ApplicantUserName, AccountNumber)
VALUES ('Taraann_Myiesha87', '5113417'),
('Taraann_Myiesha87', '8400832'),
('Taraann_Myiesha87', '4945707'),
('Sasan_Taryn68', '9139042'),
('Sasan_Taryn68', '0171317'),
('Sasan_Taryn68', '6107318'),
('Sasan_Taryn68', '3107960'),
('Traveon_Kamron29', '6557129'),
('Giovana_Ilene55', '6018490'),
('Giovana_Ilene55', '5941468'),
('Giovana_Ilene55', '1750907'),
('Deonte_Viet06', '4747096'),
('Stasia_Leonel58', '9185490'),
('Shaquilla_Lakshmi55', '0751445'),
('Shaquilla_Lakshmi55', '0094448'),
('Shaquilla_Lakshmi55', '6579676'),
('Ray_Taunya16', '7303446'),
('Ray_Taunya16', '3996698'),
('Ray_Taunya16', '1893021'),
('Ray_Taunya16', '1574239'),
('Frimet_Dalvin07', '0628259'),
('Frimet_Dalvin07', '2427922'),
('Siara_Tina49', '2769105'),
('Jolena_Muriel46', '5529715'),
('Jolena_Muriel46', '5509550'),
('Jolena_Muriel46', '4837068'),
('Reid_Marquesha95', '0161824'),
('Jermy_Filip64', '6451695'),
('Jermy_Filip64', '2197183'),
('Jermy_Filip64', '3406704'),
('Katura_Natacha39', '4957971'),
('Katura_Natacha39', '5069846'),
('Coleton_Margret28', '7536947'),
('Coleton_Margret28', '9504151'),
('Coleton_Margret28', '9756497'),
('Coleton_Margret28', '3718533'),
('Fatin_Kania40', '6105483'),
('Fatin_Kania40', '6584413'),
('Kerek_Tifani33', '1121790'),
('Kerek_Tifani33', '6908139'),
('Kerek_Tifani33', '2077291'),
('Kerek_Tifani33', '8155495'),
('Kinley_Ennifer39', '9974795'),
('Kinley_Ennifer39', '2404801'),
('Gullermo_Fredy71', '1520807'),
('Gullermo_Fredy71', '3927505'),
('Gullermo_Fredy71', '5435821'),
('Sharea_Jatara91', '1021701'),
('Sharea_Jatara91', '8477889'),
('Sharea_Jatara91', '4860949'),
('Jaya_Daymond14', '7476988'),
('Jaya_Daymond14', '0856454'),
('Jaya_Daymond14', '1479765'),
('Tashika_Hamilton75', '8446363'),
('Tashika_Hamilton75', '8151333'),
('Tashika_Hamilton75', '5761141'),
('Tashika_Hamilton75', '1342115'),
('Daena_Azalia24', '2112920'),
('Daena_Azalia24', '3960619'),
('Daena_Azalia24', '7615601'),
('Daena_Azalia24', '8849329'),
('Jahan_Estaban29', '0849130'),
('Jahan_Estaban29', '6351349'),
('Jahan_Estaban29', '8804785'),
('Gil_Davonne72', '5318242'),
('Gil_Davonne72', '7338643'),
('Brittay_Amilcar24', '3235459'),
('Brittay_Amilcar24', '3657964'),
('Acacia_Dynasty67', '7079707'),
('Acacia_Dynasty67', '5185767'),
('Eleesha_Lysandra96', '3567665'),
('Eleesha_Lysandra96', '4884840'),
('Eleesha_Lysandra96', '2729366'),
('Andice_Alysia53', '0411093'),
('Andice_Alysia53', '1603467'),
('Andice_Alysia53', '8265127'),
('Andice_Alysia53', '8048365'),
('Corin_Darroll12', '3071442'),
('Corin_Darroll12', '3614345'),
('Corin_Darroll12', '1707868'),
('Corin_Darroll12', '1214657'),
('Atlee_Torre34', '9593460'),
('Atlee_Torre34', '6020344'),
('Lacye_Bill91', '8558335'),
('Lacye_Bill91', '3077683'),
('Lacye_Bill91', '3126661'),
('Chriselda_Mathan61', '4156390'),
('Chriselda_Mathan61', '8308131'),
('Chriselda_Mathan61', '3329470'),
('Diamon_Lenamarie59', '9547064'),
('Towana_Sauel81', '4309199'),
('Towana_Sauel81', '9019384'),
('Towana_Sauel81', '3588586'),
('Towana_Sauel81', '8425213'),
('Katrina_Latrica09', '0518814'),
('Katrina_Latrica09', '8804959'),
('Katrina_Latrica09', '0397626'),
('Kohl_Laquida60', '7697100'),
('Kohl_Laquida60', '3239415'),
('Kohl_Laquida60', '7684867'),
('Kohl_Laquida60', '0405362'),
('Jenipher_Janeese14', '1782972'),
('Darean_Casidy25', '1198428'),
('Darean_Casidy25', '9223652'),
('Kammi_Mathieu87', '8706979'),
('Kammi_Mathieu87', '0847228'),
('Kammi_Mathieu87', '6070685'),
('Kammi_Mathieu87', '9918760'),
('Lorrena_Danyell30', '6383498'),
('Marquist_Demitri55', '1972699'),
('Larah_Neil53', '4508682'),
('Larah_Neil53', '3060040'),
('Daid_Daniell02', '4638505'),
('Daid_Daniell02', '1294407'),
('Daid_Daniell02', '2854608'),
('Terrin_Lakeish60', '8790924'),
('Terrin_Lakeish60', '5227219'),
('Terrin_Lakeish60', '9989124'),
('Rhea_Lorraine73', '9667778'),
('Rhea_Lorraine73', '7441511'),
('Rhea_Lorraine73', '0205518'),
('Jalal_Tyechia99', '8626811'),
('Darbie_Davien55', '6549897'),
('Darbie_Davien55', '9471263'),
('Dawnelle_Tamilia80', '1438586'),
('Waseem_Vanna96', '3651196'),
('Sarika_Kyree64', '6309247'),
('Kevan_Malaina75', '1430351'),
('Kevan_Malaina75', '0595666'),
('Hobie_Creighton54', '6866261'),
('Hobie_Creighton54', '9336648'),
('Hobie_Creighton54', '9371325'),
('Farrah_Leyla76', '9869883'),
('Farrah_Leyla76', '6434384'),
('Farrah_Leyla76', '6063425'),
('Farrah_Leyla76', '8634463'),
('Nikkolas_Shaterra28', '7047016'),
('Nikkolas_Shaterra28', '4520619'),
('Nikkolas_Shaterra28', '2117276'),
('Rickelle_Joleigh50', '1953140'),
('Rickelle_Joleigh50', '1647628'),
('Rickelle_Joleigh50', '1790223'),
('Rickelle_Joleigh50', '0665160'),
('Duron_Keoshia90', '8251949'),
('Duron_Keoshia90', '5011108'),
('Duron_Keoshia90', '1281914'),
('Tamesha_Mathhew31', '8314741'),
('Tamesha_Mathhew31', '5516252'),
('Tamesha_Mathhew31', '8823963'),
('Tamesha_Mathhew31', '7834181'),
('Sharnette_Sharnette46', '4208640'),
('Sharnette_Sharnette46', '1297757'),
('Rafeal_Shatonna35', '3378438'),
('Rafeal_Shatonna35', '3091803'),
('Rafeal_Shatonna35', '6632500'),
('Jalayne_Donell69', '4470672'),
('Jalayne_Donell69', '1457313'),
('Jalayne_Donell69', '9593213'),
('Duwayne_Kiona14', '8161767'),
('Duwayne_Kiona14', '2442197'),
('Chantay_Chalice16', '7169824'),
('Chantay_Chalice16', '4602680'),
('Yeni_Elina21', '2329074'),
('Yeni_Elina21', '3900172'),
('Yeni_Elina21', '3408593'),
('Neila_Elisabetta86', '2865424'),
('Neila_Elisabetta86', '7323332'),
('Teaira_Renier18', '8312312'),
('Rochel_Cheron32', '2865443'),
('Rochel_Cheron32', '5252426'),
('Petra_Charlee12', '5339849'),
('Vana_Kaj56', '5941393'),
('Vana_Kaj56', '9067600'),
('Nikolai_Shelonda30', '8549150'),
('Caralee_Kennard98', '8874454'),
('Caralee_Kennard98', '6373745'),
('Caralee_Kennard98', '3683990'),
('Caralee_Kennard98', '4111672'),
('Ginelle_Valerie07', '2458562'),
('Taylore_Shakeitha12', '0616158'),
('Taylore_Shakeitha12', '4243191'),
('Kimia_Kenrick69', '2327466'),
('Kimia_Kenrick69', '4302904'),
('Kimia_Kenrick69', '3128172'),
('Kimia_Kenrick69', '8901350'),
('Raffinee_Chinwe97', '7088925'),
('Raffinee_Chinwe97', '0385308'),
('Raffinee_Chinwe97', '5630443'),
('Tarica_Rohan24', '2999494'),
('Tarica_Rohan24', '3801768'),
('Rock_Shiketa04', '6149081'),
('Rock_Shiketa04', '8571985'),
('Rock_Shiketa04', '0345788'),
('Aleia_Renay72', '1089499'),
('Aleia_Renay72', '3629709'),
('Aleia_Renay72', '0133140'),
('Damara_Laquite68', '7917206'),
('Damara_Laquite68', '2586451'),
('Damara_Laquite68', '0101910'),
('Damara_Laquite68', '8039163'),
('Osamah_Wlliam06', '9831120'),
('Osamah_Wlliam06', '2753723'),
('Jessy_Kaleah69', '3423008'),
('Jessy_Kaleah69', '0017636'),
('Jessy_Kaleah69', '3402392'),
('Bud_Garylee83', '1078187'),
('Bud_Garylee83', '0219377'),
('Bud_Garylee83', '9557212'),
('Georgianna_Aurelia86', '9652450'),
('Georgianna_Aurelia86', '2015482'),
('Georgianna_Aurelia86', '3477701'),
('Correen_Rebekha91', '8479396'),
('Afton_Florine15', '3701878'),
('Afton_Florine15', '0133396'),
('Afton_Florine15', '9371130'),
('Afton_Florine15', '4958442'),
('Tarence_Marizol17', '6297556'),
('Talin_Tarynn82', '9177934'),
('Talin_Tarynn82', '2557129'),
('Talin_Tarynn82', '1002841'),
('Carlis_Nhia80', '0688863'),
('Carlis_Nhia80', '0875458'),
('Carlis_Nhia80', '4454636'),
('Kimberely_Deontray77', '6707737'),
('Kevis_Matthias05', '0729796'),
('Kevis_Matthias05', '3881907'),
('Kevis_Matthias05', '6685146'),
('Kevis_Matthias05', '5282221'),
('Sharise_Idrees73', '4072548'),
('Sharise_Idrees73', '1771112'),
('Sharise_Idrees73', '8125773'),
('Sharise_Idrees73', '1101636'),
('Davia_Shaindel05', '9335484'),
('Davia_Shaindel05', '7067078'),
('Davia_Shaindel05', '7867845'),
('Davia_Shaindel05', '9987054'),
('Gwen_Jilliann99', '7664111'),
('Gwen_Jilliann99', '1776384'),
('Gwen_Jilliann99', '2975540'),
('Tyshia_Cristopher68', '9046688'),
('Tyshia_Cristopher68', '2302075'),
('Tyshia_Cristopher68', '0333212'),
('Tyshia_Cristopher68', '9438451'),
('Hyman_Carter98', '5749939'),
('Hyman_Carter98', '0505016'),
('Leaha_Shadee91', '4777295'),
('Leaha_Shadee91', '0863152'),
('Leaha_Shadee91', '3680566'),
('Tyishia_Donovin42', '4447345'),
('Tyishia_Donovin42', '5558280'),
('Tyishia_Donovin42', '2869888'),
('Akil_Tal26', '7421772'),
('Elesha_Juliana73', '0466913'),
('Elesha_Juliana73', '9875198'),
('Elesha_Juliana73', '5658307'),
('Keilah_Akim04', '3619234'),
('Keilah_Akim04', '0415647'),
('Keilah_Akim04', '7362278'),
('Keilah_Akim04', '1973014');

