USE cxc55311;

DELETE FROM User;
INSERT INTO User(UserName, FirstName, LastName, Email, ContactNumber, Password)
VALUES ('Korena_Teyana87', 'Korena', 'Teyana', 'KorenaTeyana19@hmail.ca', '438-732-6482', 'overnighter724'),
('Maleaha_Rubie44', 'Maleaha', 'Rubie', 'MaleahaRubie51@hmail.ca', '450-439-7253', 'complement088'),
('Ossie_Tavarus92', 'Ossie', 'Tavarus', 'OssieTavarus23@coldmail.com', '438-802-2718', 'dividend535'),
('Raul_Sherwin45', 'Raul', 'Sherwin', 'RaulSherwin88@coldmail.com', '514-128-6571', 'height715'),
('Recardo_Tierica66', 'Recardo', 'Tierica', 'RecardoTierica74@coldmail.com', '514-089-0806', 'vane060'),
('Vannary_Antwone31', 'Vannary', 'Antwone', 'VannaryAntwone90@hmail.ca', '450-496-4347', 'hay869'),
('Mahina_Scarlet90', 'Mahina', 'Scarlet', 'MahinaScarlet95@coldmail.com', '450-953-5772', 'proponent406'),
('Damarius_Sacheen62', 'Damarius', 'Sacheen', 'DamariusSacheen34@coldmail.com', '450-696-2789', 'suggestion201'),
('Ahsley_Johann38', 'Ahsley', 'Johann', 'AhsleyJohann90@hmail.ca', '514-754-6038', 'bark662'),
('Ivania_Mack60', 'Ivania', 'Mack', 'IvaniaMack57@hmail.ca', '450-968-6285', 'toilet042'),
('Teniqua_Cj48', 'Teniqua', 'Cj', 'TeniquaCj05@hmail.ca', '514-843-2141', 'clone829'),
('Jonthan_Ina79', 'Jonthan', 'Ina', 'JonthanIna52@coldmail.com', '438-367-5007', 'lamb100'),
('Deontae_Corneisha73', 'Deontae', 'Corneisha', 'DeontaeCorneisha98@hmail.ca', '514-911-9104', 'counterterrorism576'),
('Tranise_Johnatan03', 'Tranise', 'Johnatan', 'TraniseJohnatan34@hmail.ca', '514-560-9767', 'variation268'),
('Zacharia_Sharene45', 'Zacharia', 'Sharene', 'ZachariaSharene66@coldmail.com', '438-367-5007', 'dame593'),
('Traver_Elizabethanne81', 'Traver', 'Elizabethanne', 'TraverElizabethanne07@coldmail.com', '450-857-4677', 'enclosure579'),
('Jacquelynne_Traveon01', 'Jacquelynne', 'Traveon', 'JacquelynneTraveon32@hmail.ca', '438-964-9004', 'coconut420'),
('Hope_Trapper74', 'Hope', 'Trapper', 'HopeTrapper68@coldmail.com', '514-492-6976', 'dialogue949'),
('Lashawnta_Davan81', 'Lashawnta', 'Davan', 'LashawntaDavan39@coldmail.com', '514-499-5391', 'statistic568'),
('Venancio_Brooklin04', 'Venancio', 'Brooklin', 'VenancioBrooklin31@hmail.ca', '450-786-6764', 'ski483'),
('Quentina_Mitcheal82', 'Quentina', 'Mitcheal', 'QuentinaMitcheal90@hmail.ca', '438-786-8026', 'mayor248'),
('Urias_Eboney33', 'Urias', 'Eboney', 'UriasEboney09@coldmail.com', '514-478-0293', 'farm366'),
('Bahar_Maceo74', 'Bahar', 'Maceo', 'BaharMaceo77@coldmail.com', '438-663-2426', 'scrap363'),
('Johnie_Tomekia63', 'Johnie', 'Tomekia', 'JohnieTomekia48@coldmail.com', '438-997-5809', 'complex240'),
('Darral_Alicyn62', 'Darral', 'Alicyn', 'DarralAlicyn75@coldmail.com', '514-671-2933', 'submitter135'),
('Tiwana_Conway76', 'Tiwana', 'Conway', 'TiwanaConway11@coldmail.com', '438-161-5471', 'donor001'),
('Jermario_Fiorella26', 'Jermario', 'Fiorella', 'JermarioFiorella24@hmail.ca', '438-683-4144', 'scientist956'),
('Lashawnta_Danell78', 'Lashawnta', 'Danell', 'LashawntaDanell53@hmail.ca', '438-883-2558', 'crop642'),
('Nicholas_Shawnetta37', 'Nicholas', 'Shawnetta', 'NicholasShawnetta51@hmail.ca', '438-140-4428', 'abbey508'),
('Kongmeng_Kema51', 'Kongmeng', 'Kema', 'KongmengKema83@hmail.ca', '450-735-3008', 'questioner203'),
('Chaka_Donn43', 'Chaka', 'Donn', 'ChakaDonn32@hmail.ca', '514-980-9535', 'samurai051'),
('Jamecia_Tabbatha29', 'Jamecia', 'Tabbatha', 'JameciaTabbatha16@coldmail.com', '450-564-9501', 'dark841'),
('Nely_Christiann59', 'Nely', 'Christiann', 'NelyChristiann65@hmail.ca', '438-964-5354', 'seeker842'),
('Damien_Emelia95', 'Damien', 'Emelia', 'DamienEmelia30@coldmail.com', '438-786-8026', 'candelabra024'),
('Danica_Ilona89', 'Danica', 'Ilona', 'DanicaIlona15@coldmail.com', '514-464-0155', 'tank-top645'),
('Adrew_Kiwana91', 'Adrew', 'Kiwana', 'AdrewKiwana57@hmail.ca', '438-475-9541', 'slave591'),
('Lavina_Brittnie42', 'Lavina', 'Brittnie', 'LavinaBrittnie56@hmail.ca', '514-341-3661', 'addition771'),
('Carmel_Kelechi67', 'Carmel', 'Kelechi', 'CarmelKelechi93@hmail.ca', '438-199-2297', 'backpack167'),
('Manu_Laquiesha41', 'Manu', 'Laquiesha', 'ManuLaquiesha03@coldmail.com', '450-095-1387', 'oregano257'),
('Dirk_Raymone10', 'Dirk', 'Raymone', 'DirkRaymone90@hmail.ca', '438-271-6044', 'secrecy113'),
('Desarae_Clarinda94', 'Desarae', 'Clarinda', 'DesaraeClarinda76@coldmail.com', '438-199-2297', 'pension045'),
('Valorie_Bobbiesue66', 'Valorie', 'Bobbiesue', 'ValorieBobbiesue16@coldmail.com', '514-944-5219', 'necklace961'),
('Lakeish_Oscar02', 'Lakeish', 'Oscar', 'LakeishOscar21@coldmail.com', '450-838-5713', 'beak573'),
('Maylynn_Emilia45', 'Maylynn', 'Emilia', 'MaylynnEmilia00@coldmail.com', '450-688-9235', 'forecast077'),
('Martina_Cordale40', 'Martina', 'Cordale', 'MartinaCordale38@hmail.ca', '438-130-7750', 'sportsman089'),
('Cabrina_Lanard02', 'Cabrina', 'Lanard', 'CabrinaLanard37@coldmail.com', '450-030-9322', 'pharmacist252'),
('Britt_Hollis70', 'Britt', 'Hollis', 'BrittHollis42@coldmail.com', '514-272-7573', 'canon481'),
('Lakeya_Sherrill13', 'Lakeya', 'Sherrill', 'LakeyaSherrill96@coldmail.com', '438-311-8605', 'witch627'),
('Naim_Tashunda67', 'Naim', 'Tashunda', 'NaimTashunda59@hmail.ca', '438-228-1760', 'lacquerware845'),
('Francesco_Makeia28', 'Francesco', 'Makeia', 'FrancescoMakeia08@hmail.ca', '438-024-9946', 'software215'),
('Drey_Asif64', 'Drey', 'Asif', 'DreyAsif56@hmail.ca', '438-289-4375', 'scale692'),
('Anda_Kyanna63', 'Anda', 'Kyanna', 'AndaKyanna45@coldmail.com', '438-344-5540', 'utility598'),
('Brittnye_Francesa14', 'Brittnye', 'Francesa', 'BrittnyeFrancesa81@coldmail.com', '438-686-9833', 'riser821'),
('Iisha_Demetri54', 'Iisha', 'Demetri', 'IishaDemetri67@hmail.ca', '514-851-0935', 'continent517'),
('Rashidah_Marinda03', 'Rashidah', 'Marinda', 'RashidahMarinda63@hmail.ca', '514-499-5391', 'core165'),
('Prescott_Niasha52', 'Prescott', 'Niasha', 'PrescottNiasha19@hmail.ca', '438-654-9631', 'pin132'),
('Keela_Sherissa19', 'Keela', 'Sherissa', 'KeelaSherissa97@hmail.ca', '514-482-5574', 'aspic717'),
('Denay_Dinero49', 'Denay', 'Dinero', 'DenayDinero13@coldmail.com', '438-138-5658', 'lawyer205'),
('Taree_Joellen50', 'Taree', 'Joellen', 'TareeJoellen42@coldmail.com', '450-403-4307', 'ravioli062'),
('Randel_Kristelle42', 'Randel', 'Kristelle', 'RandelKristelle35@hmail.ca', '450-863-6160', 'agony657'),
('Imran_Romana64', 'Imran', 'Romana', 'ImranRomana51@coldmail.com', '438-135-8512', 'leisure628'),
('Darrien_Selah59', 'Darrien', 'Selah', 'DarrienSelah45@hmail.ca', '438-219-3370', 'pneumonia959'),
('Chontel_Yamil92', 'Chontel', 'Yamil', 'ChontelYamil70@hmail.ca', '450-098-8456', 'schema635'),
('Jairus_Kema03', 'Jairus', 'Kema', 'JairusKema42@hmail.ca', '514-579-6154', 'wingman579'),
('Shenica_Adian13', 'Shenica', 'Adian', 'ShenicaAdian86@hmail.ca', '514-605-3456', 'threat626'),
('Robet_Cynthia11', 'Robet', 'Cynthia', 'RobetCynthia38@hmail.ca', '450-403-4307', 'ocelot724'),
('Barbarita_Akia34', 'Barbarita', 'Akia', 'BarbaritaAkia14@hmail.ca', '514-571-0181', 'disdain213'),
('Kiffany_Delayna05', 'Kiffany', 'Delayna', 'KiffanyDelayna85@coldmail.com', '514-851-0935', 'fiery392'),
('Kervin_Camdon36', 'Kervin', 'Camdon', 'KervinCamdon39@hmail.ca', '514-772-1447', 'node706'),
('Emilyanne_Kristeena78', 'Emilyanne', 'Kristeena', 'EmilyanneKristeena28@coldmail.com', '450-403-4307', 'pan311'),
('Ellis_Eduardo71', 'Ellis', 'Eduardo', 'EllisEduardo24@hmail.ca', '450-857-4677', 'boost760'),
('Kalynn_Ivelisse63', 'Kalynn', 'Ivelisse', 'KalynnIvelisse09@coldmail.com', '438-371-8129', 'deviance552'),
('Catlin_Edelmiro70', 'Catlin', 'Edelmiro', 'CatlinEdelmiro03@hmail.ca', '438-024-9946', 'vector507'),
('Akhil_Wm88', 'Akhil', 'Wm', 'AkhilWm30@coldmail.com', '450-973-3261', 'corporal583'),
('Fareed_Yona81', 'Fareed', 'Yona', 'FareedYona97@coldmail.com', '438-225-5672', 'signal403'),
('Bryden_Yosef34', 'Bryden', 'Yosef', 'BrydenYosef44@coldmail.com', '514-539-2833', 'population920'),
('Kendahl_Klara08', 'Kendahl', 'Klara', 'KendahlKlara59@coldmail.com', '438-710-9857', 'democrat987'),
('Alida_Molly79', 'Alida', 'Molly', 'AlidaMolly17@coldmail.com', '514-648-7817', 'flexibility387'),
('Juniper_Jawon09', 'Juniper', 'Jawon', 'JuniperJawon64@hmail.ca', '514-749-9409', 'petticoat705'),
('Jovanna_Dustine63', 'Jovanna', 'Dustine', 'JovannaDustine41@coldmail.com', '450-032-2168', 'vector016'),
('Zed_Shianna44', 'Zed', 'Shianna', 'ZedShianna90@coldmail.com', '450-756-4068', 'island942'),
('Hallie_Salomon90', 'Hallie', 'Salomon', 'HallieSalomon85@hmail.ca', '450-131-4938', 'tale917'),
('Katiejo_Sommer20', 'Katiejo', 'Sommer', 'KatiejoSommer81@hmail.ca', '438-135-8512', 'revitalization875'),
('Whitney_Kaitlan42', 'Whitney', 'Kaitlan', 'WhitneyKaitlan43@coldmail.com', '514-873-2287', 'accordion113'),
('Elmore_Laura52', 'Elmore', 'Laura', 'ElmoreLaura90@hmail.ca', '438-143-2390', 'erection985'),
('Burl_Yvonne72', 'Burl', 'Yvonne', 'BurlYvonne47@hmail.ca', '450-707-1990', 'mobster574'),
('Lang_Thy43', 'Lang', 'Thy', 'LangThy66@hmail.ca', '438-732-6482', 'strand286'),
('Dao_Noal68', 'Dao', 'Noal', 'DaoNoal83@coldmail.com', '514-923-3210', 'well226'),
('Kawika_Nam72', 'Kawika', 'Nam', 'KawikaNam99@hmail.ca', '438-344-5540', 'development429'),
('Christobal_Mack27', 'Christobal', 'Mack', 'ChristobalMack64@coldmail.com', '450-688-9235', 'professional929'),
('Ayelet_Jerson06', 'Ayelet', 'Jerson', 'AyeletJerson07@hmail.ca', '450-403-4307', 'raid464'),
('Shakeria_Migel22', 'Shakeria', 'Migel', 'ShakeriaMigel81@hmail.ca', '514-499-5391', 'rating067'),
('Taria_Yannick88', 'Taria', 'Yannick', 'TariaYannick17@hmail.ca', '514-681-2560', 'aim241'),
('Priti_Kania16', 'Priti', 'Kania', 'PritiKania82@coldmail.com', '438-835-9535', 'claw577'),
('Elton_Sarita79', 'Elton', 'Sarita', 'EltonSarita75@hmail.ca', '514-581-7631', 'notoriety923'),
('Lenore_Lakeasha07', 'Lenore', 'Lakeasha', 'LenoreLakeasha32@coldmail.com', '450-032-2168', 'dig376'),
('Judea_Killian42', 'Judea', 'Killian', 'JudeaKillian46@coldmail.com', '514-129-9664', 'incandescence704'),
('Truman_Araina38', 'Truman', 'Araina', 'TrumanAraina80@hmail.ca', '514-251-8513', 'ladder080'),
('Torrie_Raymund82', 'Torrie', 'Raymund', 'TorrieRaymund71@coldmail.com', '450-587-0417', 'fee666'),
('Laiza_Salena92', 'Laiza', 'Salena', 'LaizaSalena80@coldmail.com', '450-439-7253', 'kilt510'),
('Jawann_Huong58', 'Jawann', 'Huong', 'JawannHuong11@hmail.ca', '438-316-5908', 'chowder686'),
('Charli_Benedict31', 'Charli', 'Benedict', 'CharliBenedict63@coldmail.com', '514-623-2000', 'shoelace279'),
('Briar_Candy04', 'Briar', 'Candy', 'BriarCandy27@coldmail.com', '514-219-5183', 'conviction093'),
('Tyria_Anntoinette91', 'Tyria', 'Anntoinette', 'TyriaAnntoinette65@hmail.ca', '450-838-5713', 'millennium249'),
('Darshan_Charly50', 'Darshan', 'Charly', 'DarshanCharly33@coldmail.com', '514-997-5743', 'tinkle313'),
('Herschell_Aerial19', 'Herschell', 'Aerial', 'HerschellAerial85@coldmail.com', '450-970-2692', 'rice860'),
('Tamika_Reneta27', 'Tamika', 'Reneta', 'TamikaReneta11@hmail.ca', '450-141-8772', 'tuber706'),
('Chane_Lutisha14', 'Chane', 'Lutisha', 'ChaneLutisha20@coldmail.com', '450-800-8406', 'chili762'),
('Tyrik_Keylee65', 'Tyrik', 'Keylee', 'TyrikKeylee28@hmail.ca', '450-982-2961', 'favorite342'),
('Nissa_Shontae06', 'Nissa', 'Shontae', 'NissaShontae37@hmail.ca', '514-445-0437', 'freak387'),
('Geraldine_Aubra86', 'Geraldine', 'Aubra', 'GeraldineAubra14@hmail.ca', '450-837-9694', 'seashore701'),
('Kenon_Mallori18', 'Kenon', 'Mallori', 'KenonMallori50@coldmail.com', '450-032-9560', 'knock084'),
('Andrena_Katalina40', 'Andrena', 'Katalina', 'AndrenaKatalina98@hmail.ca', '450-036-4512', 'comportment383'),
('Marka_Gonzalo02', 'Marka', 'Gonzalo', 'MarkaGonzalo62@hmail.ca', '438-368-8522', 'maid916'),
('Thanh_Deara76', 'Thanh', 'Deara', 'ThanhDeara43@hmail.ca', '438-602-5508', 'prostrate460'),
('Baxter_Charleen16', 'Baxter', 'Charleen', 'BaxterCharleen54@hmail.ca', '514-399-2362', 'forager084'),
('Lorenda_Chassie26', 'Lorenda', 'Chassie', 'LorendaChassie73@hmail.ca', '438-964-5354', 'flanker414'),
('Mesha_Renelle44', 'Mesha', 'Renelle', 'MeshaRenelle71@coldmail.com', '450-483-4424', 'seeder766'),
('Jairus_Karlis70', 'Jairus', 'Karlis', 'JairusKarlis83@coldmail.com', '514-742-3568', 'corridor422'),
('Sadiyya_Mareshah90', 'Sadiyya', 'Mareshah', 'SadiyyaMareshah04@hmail.ca', '514-051-9118', 'afterthought829'),
('Mehgan_Pranay72', 'Mehgan', 'Pranay', 'MehganPranay50@hmail.ca', '450-089-9836', 'giggle403'),
('Frederico_Negin73', 'Frederico', 'Negin', 'FredericoNegin11@hmail.ca', '514-427-3783', 'stain507'),
('Zonia_Camilo59', 'Zonia', 'Camilo', 'ZoniaCamilo16@hmail.ca', '438-289-4375', 'raspberry407'),
('Phuoc_Halee54', 'Phuoc', 'Halee', 'PhuocHalee87@hmail.ca', '438-450-9165', 'functionality640'),
('Juante_Shamona04', 'Juante', 'Shamona', 'JuanteShamona47@coldmail.com', '450-392-6560', 'anybody912'),
('Kevina_Cathern14', 'Kevina', 'Cathern', 'KevinaCathern81@hmail.ca', '438-251-5793', 'south899'),
('Darbi_Cieara66', 'Darbi', 'Cieara', 'DarbiCieara59@hmail.ca', '438-738-0575', 'anthropology676'),
('Pamella_Dwanna88', 'Pamella', 'Dwanna', 'PamellaDwanna31@coldmail.com', '450-647-5902', 'portfolio643'),
('Shemika_Minna54', 'Shemika', 'Minna', 'ShemikaMinna12@coldmail.com', '514-051-9118', 'carnival003'),
('Shauntae_Gregorio69', 'Shauntae', 'Gregorio', 'ShauntaeGregorio72@coldmail.com', '438-074-0585', 'humidity468'),
('Antwonette_Sumner76', 'Antwonette', 'Sumner', 'AntwonetteSumner51@hmail.ca', '514-977-1420', 'football272'),
('Matrice_Corene42', 'Matrice', 'Corene', 'MatriceCorene02@hmail.ca', '514-453-8014', 'grass516'),
('Clarrissa_Sarita78', 'Clarrissa', 'Sarita', 'ClarrissaSarita55@hmail.ca', '450-838-5713', 'clothes669'),
('Anais_Herminia05', 'Anais', 'Herminia', 'AnaisHerminia14@coldmail.com', '438-291-2069', 'sniffle329'),
('Dejaun_Linda53', 'Dejaun', 'Linda', 'DejaunLinda62@coldmail.com', '438-793-7900', 'confusion175'),
('Sherwin_Larie94', 'Sherwin', 'Larie', 'SherwinLarie83@coldmail.com', '450-695-6493', 'assistant790'),
('Drusilla_Azim12', 'Drusilla', 'Azim', 'DrusillaAzim11@hmail.ca', '438-354-8391', 'waffle632'),
('Carrera_Naguan33', 'Carrera', 'Naguan', 'CarreraNaguan39@hmail.ca', '450-036-4512', 'turtle620'),
('Keri_Aniesha20', 'Keri', 'Aniesha', 'KeriAniesha82@coldmail.com', '514-453-8014', 'badge112'),
('Brannigan_Washington83', 'Brannigan', 'Washington', 'BranniganWashington63@hmail.ca', '450-062-3871', 'protocol552'),
('Keonia_Delia09', 'Keonia', 'Delia', 'KeoniaDelia75@coldmail.com', '450-294-3858', 'complaint144'),
('Lashara_Daiana02', 'Lashara', 'Daiana', 'LasharaDaiana97@coldmail.com', '514-188-3087', 'lollipop935'),
('Kallen_Ellise30', 'Kallen', 'Ellise', 'KallenEllise58@coldmail.com', '514-219-5183', 'support369'),
('Dawyne_Vallerie27', 'Dawyne', 'Vallerie', 'DawyneVallerie66@hmail.ca', '438-461-4844', 'surplus049'),
('Lamaar_Jaquelynn68', 'Lamaar', 'Jaquelynn', 'LamaarJaquelynn28@coldmail.com', '438-663-2426', 'plagiarism010'),
('Lambert_Kenyona84', 'Lambert', 'Kenyona', 'LambertKenyona30@coldmail.com', '514-923-3210', 'torso096'),
('Nakeisha_Jury40', 'Nakeisha', 'Jury', 'NakeishaJury49@coldmail.com', '450-420-7089', 'snowflake516'),
('Corianne_Ronaldo00', 'Corianne', 'Ronaldo', 'CorianneRonaldo62@hmail.ca', '514-499-5391', 'diam995'),
('Sindy_Arland93', 'Sindy', 'Arland', 'SindyArland89@hmail.ca', '514-818-8107', 'blanket528'),
('Alejandra_Travon99', 'Alejandra', 'Travon', 'AlejandraTravon98@hmail.ca', '450-306-4551', 'opponent381'),
('Sulaiman_Latesha60', 'Sulaiman', 'Latesha', 'SulaimanLatesha50@coldmail.com', '450-439-7253', 'inhibition270'),
('Terrika_Davielle17', 'Terrika', 'Davielle', 'TerrikaDavielle90@hmail.ca', '514-219-5183', 'bombing031'),
('Absalon_Jamee95', 'Absalon', 'Jamee', 'AbsalonJamee00@coldmail.com', '514-089-0806', 'testimonial861'),
('Capri_Joshuah42', 'Capri', 'Joshuah', 'CapriJoshuah98@hmail.ca', '438-602-5508', 'term214'),
('Keya_Lukus24', 'Keya', 'Lukus', 'KeyaLukus11@coldmail.com', '514-427-3783', 'pavement294'),
('Domenik_Moshe72', 'Domenik', 'Moshe', 'DomenikMoshe65@hmail.ca', '514-962-5619', 'endothelium885'),
('Jamila_Jazzman11', 'Jamila', 'Jazzman', 'JamilaJazzman13@coldmail.com', '438-835-9535', 'nestmate575'),
('Amey_Jamespaul95', 'Amey', 'Jamespaul', 'AmeyJamespaul99@hmail.ca', '438-518-0023', 'plenty469'),
('Gricel_Trammell94', 'Gricel', 'Trammell', 'GricelTrammell84@hmail.ca', '450-688-9235', 'nun963'),
('Linde_Brittanny99', 'Linde', 'Brittanny', 'LindeBrittanny46@hmail.ca', '450-089-9836', 'shackle659');

DELETE FROM Employer;
INSERT INTO Employer(UserName, EmployerName, Category, Balance, Activated)
VALUES ('Korena_Teyana87', 'Kingston Technology', 'gold', '-18.74', True),
('Maleaha_Rubie44', 'Stratagee', 'gold', '-12.64', False),
('Ossie_Tavarus92', 'Team Uno', 'gold', '-23.93', True),
('Raul_Sherwin45', 'Payless ShoeSource', 'prime', '-42.38', True),
('Recardo_Tierica66', 'Southwest Airlines', 'gold', '90.05', True),
('Vannary_Antwone31', 'Intercontinental Manufacturing Company', 'prime', '114.68', True),
('Mahina_Scarlet90', 'CKE Restaurants', 'prime', '22.87', False),
('Damarius_Sacheen62', 'BMC Software', 'prime', '262.87', True),
('Ahsley_Johann38', 'QuickTrip', 'gold', '226.99', True),
('Ivania_Mack60', 'Sunoco', 'prime', '80.71', True),
('Teniqua_Cj48', 'Lucas Oil', 'gold', '166.75', True),
('Jonthan_Ina79', 'Vizio', 'gold', '241.2', True),
('Deontae_Corneisha73', 'Sequoia Voting Systems', 'prime', '-17.85', True),
('Tranise_Johnatan03', 'Perisolution', 'prime', '108.91', True),
('Zacharia_Sharene45', 'Asian Plan', 'gold', '196.79', True),
('Traver_Elizabethanne81', 'ABX Air', 'prime', '295.88', False),
('Jacquelynne_Traveon01', 'Fisher Electronics', 'prime', '44.24', True),
('Hope_Trapper74', 'BB&T Corporation', 'prime', '83.17', False),
('Lashawnta_Davan81', 'Applied Industrial Technologies', 'gold', '-4.75', True),
('Venancio_Brooklin04', 'Viacom', 'gold', '-8.02', True),
('Quentina_Mitcheal82', 'Garden Guru', 'prime', '-94.52', False),
('Urias_Eboney33', 'Houlihans', 'prime', '8.53', True),
('Bahar_Maceo74', 'Star Interior Design', 'gold', '57.0', True),
('Johnie_Tomekia63', 'Oracle Corporation', 'prime', '88.25', True),
('Darral_Alicyn62', 'Symantec', 'gold', '127.25', True),
('Tiwana_Conway76', 'Whole Foods Market', 'gold', '243.85', True),
('Jermario_Fiorella26', 'JL Audio', 'prime', '6.87', True),
('Lashawnta_Danell78', 'Uwajimaya', 'prime', '141.46', True),
('Nicholas_Shawnetta37', 'Qualcomm', 'gold', '177.13', True),
('Kongmeng_Kema51', 'Midwest Communications', 'gold', '-36.62', True),
('Chaka_Donn43', 'Destiny Realty Solutions', 'gold', '248.87', True),
('Jamecia_Tabbatha29', 'Renys', 'gold', '-89.73', True),
('Nely_Christiann59', 'Emerson Electric Company', 'gold', '160.53', True),
('Damien_Emelia95', 'System Star Solutions', 'prime', '132.22', True),
('Danica_Ilona89', 'Xray Eye & Vision Clinics', 'gold', '-60.09', True),
('Adrew_Kiwana91', 'Hoyden', 'prime', '199.31', True),
('Lavina_Brittnie42', 'Royal Gas', 'prime', '70.22', True),
('Carmel_Kelechi67', 'Laserfiche', 'gold', '151.56', True),
('Manu_Laquiesha41', 'Allergan', 'gold', '175.0', True),
('Dirk_Raymone10', 'Multi Tech Development', 'gold', '292.74', True),
('Desarae_Clarinda94', 'Kellogg Company', 'prime', '48.85', True),
('Valorie_Bobbiesue66', 'Jack in the Box', 'prime', '-17.48', True),
('Lakeish_Oscar02', 'Incluesiv', 'gold', '114.1', True),
('Maylynn_Emilia45', 'Colt Defense', 'gold', '119.98', False),
('Martina_Cordale40', 'Visa Inc.', 'prime', '250.59', True),
('Cabrina_Lanard02', 'Simply Appraisals', 'gold', '61.59', True),
('Britt_Hollis70', 'Ameriprise Financial', 'prime', '227.45', True),
('Lakeya_Sherrill13', 'Kimberly-Clark', 'prime', '-19.99', True),
('Naim_Tashunda67', 'Open Interface', 'prime', '85.32', True),
('Francesco_Makeia28', 'Cognizant Technology Solutions', 'gold', '-95.47', True);

DELETE FROM Applicant;
INSERT INTO Applicant(UserName, Category, Balance, Activated)
VALUES ('Drey_Asif64', 'prime', '253.54', True),
('Anda_Kyanna63', 'prime', '65.47', True),
('Brittnye_Francesa14', 'basic', '0', True),
('Iisha_Demetri54', 'prime', '-65.29', True),
('Rashidah_Marinda03', 'basic', '0', False),
('Prescott_Niasha52', 'prime', '135.15', True),
('Keela_Sherissa19', 'prime', '36.92', True),
('Denay_Dinero49', 'basic', '0', True),
('Taree_Joellen50', 'gold', '176.71', True),
('Randel_Kristelle42', 'gold', '79.1', True),
('Imran_Romana64', 'gold', '47.35', True),
('Darrien_Selah59', 'prime', '64.91', False),
('Chontel_Yamil92', 'prime', '167.68', True),
('Jairus_Kema03', 'prime', '68.01', True),
('Shenica_Adian13', 'gold', '193.7', True),
('Robet_Cynthia11', 'gold', '221.71', True),
('Barbarita_Akia34', 'gold', '-28.31', True),
('Kiffany_Delayna05', 'prime', '53.25', True),
('Kervin_Camdon36', 'gold', '65.58', True),
('Emilyanne_Kristeena78', 'gold', '-3.38', True),
('Ellis_Eduardo71', 'basic', '0', True),
('Kalynn_Ivelisse63', 'prime', '236.75', True),
('Catlin_Edelmiro70', 'gold', '-98.76', True),
('Akhil_Wm88', 'gold', '-49.11', True),
('Fareed_Yona81', 'basic', '0', True),
('Bryden_Yosef34', 'gold', '-92.69', True),
('Kendahl_Klara08', 'basic', '0', True),
('Alida_Molly79', 'gold', '-42.43', False),
('Juniper_Jawon09', 'prime', '53.67', True),
('Jovanna_Dustine63', 'basic', '0', True),
('Zed_Shianna44', 'gold', '270.81', True),
('Hallie_Salomon90', 'basic', '0', True),
('Katiejo_Sommer20', 'basic', '0', True),
('Whitney_Kaitlan42', 'basic', '0', True),
('Elmore_Laura52', 'gold', '-13.34', False),
('Burl_Yvonne72', 'prime', '12.51', True),
('Lang_Thy43', 'gold', '-87.02', True),
('Dao_Noal68', 'basic', '0', True),
('Kawika_Nam72', 'basic', '0', True),
('Christobal_Mack27', 'basic', '0', True),
('Ayelet_Jerson06', 'prime', '97.48', True),
('Shakeria_Migel22', 'basic', '0', True),
('Taria_Yannick88', 'basic', '0', True),
('Priti_Kania16', 'prime', '91.02', True),
('Elton_Sarita79', 'basic', '0', True),
('Lenore_Lakeasha07', 'basic', '0', True),
('Judea_Killian42', 'gold', '60.08', True),
('Truman_Araina38', 'prime', '241.91', True),
('Torrie_Raymund82', 'prime', '247.99', True),
('Laiza_Salena92', 'basic', '0', True),
('Jawann_Huong58', 'basic', '0', False),
('Charli_Benedict31', 'basic', '0', True),
('Briar_Candy04', 'prime', '188.78', True),
('Tyria_Anntoinette91', 'prime', '35.09', True),
('Darshan_Charly50', 'prime', '111.19', True),
('Herschell_Aerial19', 'gold', '216.06', True),
('Tamika_Reneta27', 'basic', '0', True),
('Chane_Lutisha14', 'gold', '57.43', True),
('Tyrik_Keylee65', 'gold', '184.61', True),
('Nissa_Shontae06', 'gold', '-71.63', True),
('Geraldine_Aubra86', 'prime', '279.12', True),
('Kenon_Mallori18', 'prime', '209.07', True),
('Andrena_Katalina40', 'gold', '76.9', True),
('Marka_Gonzalo02', 'basic', '0', True),
('Thanh_Deara76', 'prime', '174.32', True),
('Baxter_Charleen16', 'gold', '28.09', True),
('Lorenda_Chassie26', 'gold', '132.35', True),
('Mesha_Renelle44', 'basic', '0', True),
('Jairus_Karlis70', 'prime', '3.7', True),
('Sadiyya_Mareshah90', 'gold', '200.68', True),
('Mehgan_Pranay72', 'gold', '81.86', False),
('Frederico_Negin73', 'basic', '0', False),
('Zonia_Camilo59', 'prime', '11.19', False),
('Phuoc_Halee54', 'prime', '13.79', True),
('Juante_Shamona04', 'prime', '188.38', True),
('Kevina_Cathern14', 'basic', '0', True),
('Darbi_Cieara66', 'basic', '0', True),
('Pamella_Dwanna88', 'basic', '0', True),
('Shemika_Minna54', 'prime', '282.61', True),
('Shauntae_Gregorio69', 'basic', '0', True),
('Antwonette_Sumner76', 'prime', '174.89', True),
('Matrice_Corene42', 'basic', '0', True),
('Clarrissa_Sarita78', 'prime', '253.61', True),
('Anais_Herminia05', 'basic', '0', True),
('Dejaun_Linda53', 'prime', '73.28', True),
('Sherwin_Larie94', 'gold', '80.95', True),
('Drusilla_Azim12', 'gold', '-3.25', True),
('Carrera_Naguan33', 'gold', '-92.26', True),
('Keri_Aniesha20', 'gold', '44.7', True),
('Brannigan_Washington83', 'basic', '0', False),
('Keonia_Delia09', 'basic', '0', True),
('Lashara_Daiana02', 'basic', '0', True),
('Kallen_Ellise30', 'prime', '289.02', False),
('Dawyne_Vallerie27', 'prime', '177.74', False),
('Lamaar_Jaquelynn68', 'gold', '175.85', True),
('Lambert_Kenyona84', 'prime', '186.29', True),
('Nakeisha_Jury40', 'basic', '0', True),
('Corianne_Ronaldo00', 'basic', '0', True),
('Sindy_Arland93', 'gold', '145.16', True),
('Alejandra_Travon99', 'gold', '-57.1', True);

DELETE FROM Admin;
INSERT INTO Admin(UserName)
VALUES ('Sulaiman_Latesha60'),
('Terrika_Davielle17'),
('Absalon_Jamee95'),
('Capri_Joshuah42'),
('Keya_Lukus24'),
('Domenik_Moshe72'),
('Jamila_Jazzman11'),
('Amey_Jamespaul95'),
('Gricel_Trammell94'),
('Linde_Brittanny99');

DELETE FROM Job;
INSERT INTO Job(JobID, EmployerUserName, Title, DatePosted, Description, Category, JobStatus, EmpNeeded)
VALUES ('4351', 'Lavina_Brittnie42', 'Tech Ed Teacher', '2020-2-24', 'Looking for freedoms person. 2 years experience.',  'Health Science', '0', '1'),
('5710', 'Maylynn_Emilia45', 'Mobility Developer', '2020-9-25', 'Looking for pepping person. 2 years experience.',  'Science, Technology, Engineering, and Mathematics', '0', '4'),
('5767', 'Raul_Sherwin45', 'Textile Artist', '2020-9-26', 'Looking for outsmart person. 5 years experience.',  'Education and Training', '1', '5'),
('3526', 'Tiwana_Conway76', 'RFP Writer', '2020-7-16', 'Looking for energize person. 2 years experience.',  'Arts, Audio/Video, and Communications', '0', '4'),
('4253', 'Traver_Elizabethanne81', 'Family Medicine Chair', '2020-1-25', 'Looking for radiance person. 5 years experience.',  'Information Technology', '0', '1'),
('2744', 'Manu_Laquiesha41', 'Neon Sign Maker', '2020-9-12', 'Looking for inspire person. 3 years experience.',  'Business Management and Administration', '1', '1'),
('3960', 'Teniqua_Cj48', 'Setter, Molding-And-Coremaking Machines', '2020-10-2', 'Looking for adaptive person. 2 years experience.',  'Education and Training', '1', '4'),
('4892', 'Maleaha_Rubie44', 'Surgical Aide', '2020-2-18', 'Looking for compatible person. 4 years experience.',  'Law, Public Safety, Corrections and Security', '1', '2'),
('4487', 'Manu_Laquiesha41', 'Laboratory Phlebotomist', '2020-6-18', 'Looking for pain-free person. 3 years experience.',  'Manufacturing', '1', '3'),
('1737', 'Desarae_Clarinda94', 'Diamond Powder Technician', '2020-3-14', 'Looking for interests person. 5 years experience.',  'Business Management and Administration', '0', '5'),
('2008', 'Maleaha_Rubie44', 'Catalogue Clerk', '2020-12-12', 'Looking for victorious person. 2 years experience.',  'Law, Public Safety, Corrections and Security', '0', '4'),
('3701', 'Maylynn_Emilia45', 'Cloth Winder', '2020-7-20', 'Looking for enraptured person. 5 years experience.',  'Business Management and Administration', '0', '3'),
('4591', 'Maylynn_Emilia45', 'Plug-Cutter', '2020-8-4', 'Looking for stimulate person. 1 years experience.',  'Science, Technology, Engineering, and Mathematics', '0', '2'),
('3623', 'Desarae_Clarinda94', 'Raw Scales Operator', '2020-12-8', 'Looking for cherish person. 2 years experience.',  'Agriculture and Natural Resources', '0', '5'),
('1828', 'Quentina_Mitcheal82', 'Local Operator', '2020-5-14', 'Looking for honor person. 4 years experience.',  'Science, Technology, Engineering, and Mathematics', '0', '1'),
('2794', 'Deontae_Corneisha73', 'Method Consultant', '2020-8-16', 'Looking for easiest person. 5 years experience.',  'Information Technology', '1', '5'),
('4951', 'Urias_Eboney33', 'Underwater Trapper', '2020-3-24', 'Looking for luxuriant person. 2 years experience.',  'Architecture and Construction', '0', '3'),
('3781', 'Adrew_Kiwana91', 'Data Warehousing Architect', '2020-2-12', 'Looking for monumental person. 1 years experience.',  'Arts, Audio/Video, and Communications', '0', '4'),
('1404', 'Francesco_Makeia28', 'Porcelain-Enamel Repairer', '2020-12-18', 'Looking for quicker person. 2 years experience.',  'Transportation, Distribution and Logistics', '1', '2'),
('4859', 'Naim_Tashunda67', 'Numerical Control Drill-Press Operator', '2020-6-13', 'Looking for calmness person. 2 years experience.',  'Health Science', '0', '4'),
('2094', 'Recardo_Tierica66', 'M48-M60 Armor Crewman', '2020-1-7', 'Looking for cleanest person. 1 years experience.',  'Agriculture and Natural Resources', '0', '1'),
('2840', 'Hope_Trapper74', 'Carroting-Machine Operator', '2020-3-19', 'Looking for ardent person. 2 years experience.',  'Architecture and Construction', '1', '2'),
('2965', 'Britt_Hollis70', 'Account Manager Trainee', '2020-12-22', 'Looking for harmonize person. 1 years experience.',  'Arts, Audio/Video, and Communications', '1', '3'),
('1256', 'Naim_Tashunda67', 'Trade Show Specialist', '2020-5-25', 'Looking for bless person. 3 years experience.',  'Manufacturing', '0', '5'),
('4457', 'Nely_Christiann59', 'Music Sound Light Technician', '2020-10-11', 'Looking for tranquil person. 1 years experience.',  'Transportation, Distribution and Logistics', '0', '5'),
('3900', 'Vannary_Antwone31', 'Store Protection Specialist', '2020-10-26', 'Looking for principled person. 3 years experience.',  'Law, Public Safety, Corrections and Security', '0', '5'),
('1072', 'Quentina_Mitcheal82', 'Oxide-Furnace Tender', '2020-5-11', 'Looking for miracle person. 2 years experience.',  'Transportation, Distribution and Logistics', '0', '5'),
('1956', 'Lavina_Brittnie42', 'Groundskeeping Yardman', '2020-3-26', 'Looking for positives person. 1 years experience.',  'Finance', '1', '5'),
('4862', 'Martina_Cordale40', 'Medical Office Manager', '2020-9-7', 'Looking for rapt person. 1 years experience.',  'Marketing, Sales and Service', '0', '1'),
('4553', 'Manu_Laquiesha41', 'Dried Yeast Supervisor', '2020-6-14', 'Looking for peaceful person. 3 years experience.',  'Human Services', '0', '4'),
('4184', 'Lakeya_Sherrill13', 'Hose Operator', '2020-6-21', 'Looking for positives person. 5 years experience.',  'Health Science', '0', '3'),
('2405', 'Bahar_Maceo74', 'Dynamiter', '2020-3-26', 'Looking for masters person. 3 years experience.',  'Human Services', '0', '5'),
('3593', 'Recardo_Tierica66', 'Retail Service Specialist', '2020-8-17', 'Looking for master person. 4 years experience.',  'Government and Public Administration', '1', '2'),
('5253', 'Korena_Teyana87', 'Bulb Filler', '2020-12-22', 'Looking for enviable person. 2 years experience.',  'Hospitality and Tourism', '0', '5'),
('3169', 'Bahar_Maceo74', 'Paste Plant Supervisor', '2020-10-6', 'Looking for devout person. 5 years experience.',  'Science, Technology, Engineering, and Mathematics', '1', '5'),
('4505', 'Nicholas_Shawnetta37', 'Housing Grant Analyst', '2020-6-21', 'Looking for unbound person. 4 years experience.',  'Arts, Audio/Video, and Communications', '0', '4'),
('3955', 'Nicholas_Shawnetta37', 'Mechanical-Meter Tester', '2020-1-18', 'Looking for grandeur person. 5 years experience.',  'Information Technology', '1', '2'),
('4828', 'Maylynn_Emilia45', 'Monorail Crane Operator', '2020-9-22', 'Looking for overtaking person. 1 years experience.',  'Arts, Audio/Video, and Communications', '0', '1'),
('3844', 'Teniqua_Cj48', 'Nude Model', '2020-7-19', 'Looking for splendid person. 2 years experience.',  'Information Technology', '1', '3'),
('5671', 'Ossie_Tavarus92', 'Transmission Assembler', '2020-3-23', 'Looking for elation person. 3 years experience.',  'Education and Training', '1', '2'),
('2770', 'Jermario_Fiorella26', 'Metalizing Supervisor', '2020-5-26', 'Looking for nourishing person. 3 years experience.',  'Arts, Audio/Video, and Communications', '1', '2'),
('3265', 'Damarius_Sacheen62', 'UX UI Designer', '2020-8-7', 'Looking for improve person. 4 years experience.',  'Human Services', '1', '1'),
('5529', 'Martina_Cordale40', 'Marketing Clerk', '2020-11-12', 'Looking for monumental person. 5 years experience.',  'Health Science', '0', '2'),
('5139', 'Nicholas_Shawnetta37', 'Subscription Agent', '2020-2-13', 'Looking for goood person. 2 years experience.',  'Hospitality and Tourism', '0', '4'),
('2057', 'Traver_Elizabethanne81', 'Exhaust Machine Operator', '2020-6-15', 'Looking for improved person. 3 years experience.',  'Marketing, Sales and Service', '1', '2'),
('3845', 'Adrew_Kiwana91', 'Electronics Detail Draftsperson', '2020-5-28', 'Looking for masterful person. 3 years experience.',  'Transportation, Distribution and Logistics', '0', '3'),
('4217', 'Chaka_Donn43', 'Tool Trouble Shooter', '2020-11-28', 'Looking for enliven person. 3 years experience.',  'Finance', '1', '1'),
('5463', 'Nicholas_Shawnetta37', 'Plant Cytologist', '2020-9-4', 'Looking for goood person. 1 years experience.',  'Human Services', '1', '4'),
('4573', 'Martina_Cordale40', 'VP, HR Diversity,', '2020-2-14', 'Looking for unfettered person. 5 years experience.',  'Law, Public Safety, Corrections and Security', '0', '3'),
('4413', 'Maleaha_Rubie44', 'Shellfish Weigher', '2020-3-1', 'Looking for approve person. 4 years experience.',  'Education and Training', '1', '1'),
('2634', 'Bahar_Maceo74', 'Commercial Leasing Agent', '2020-9-3', 'Looking for bullish person. 2 years experience.',  'Human Services', '0', '2'),
('5079', 'Deontae_Corneisha73', 'VP Treasurer', '2020-5-12', 'Looking for hail person. 2 years experience.',  'Manufacturing', '0', '3'),
('1665', 'Jermario_Fiorella26', 'Sheet Layer', '2020-1-18', 'Looking for ardor person. 4 years experience.',  'Architecture and Construction', '1', '1'),
('5901', 'Lashawnta_Danell78', 'Rod Pointer', '2020-2-10', 'Looking for intimate person. 3 years experience.',  'Finance', '0', '1'),
('2745', 'Dirk_Raymone10', 'Supervisor, Volunteer Services', '2020-6-2', 'Looking for sumptuous person. 3 years experience.',  'Manufacturing', '0', '2'),
('3113', 'Tranise_Johnatan03', 'Animal Services Officer', '2020-9-15', 'Looking for wellbeing person. 3 years experience.',  'Marketing, Sales and Service', '1', '5'),
('5224', 'Mahina_Scarlet90', 'Staff Genetic Counselor', '2020-7-16', 'Looking for bright person. 3 years experience.',  'Education and Training', '1', '5'),
('3293', 'Teniqua_Cj48', 'Flood Control Engineer', '2020-6-22', 'Looking for soft person. 3 years experience.',  'Manufacturing', '1', '2'),
('4122', 'Kongmeng_Kema51', 'Grain Roaster', '2020-11-20', 'Looking for ameliorate person. 5 years experience.',  'Transportation, Distribution and Logistics', '0', '1'),
('3280', 'Korena_Teyana87', 'Construction Project Manager', '2020-10-21', 'Looking for tingle person. 3 years experience.',  'Agriculture and Natural Resources', '0', '1'),
('4588', 'Britt_Hollis70', 'Resident in Diagnostic Radiology', '2020-7-13', 'Looking for promoter person. 5 years experience.',  'Health Science', '0', '1'),
('2678', 'Urias_Eboney33', 'Algology Teacher', '2020-12-4', 'Looking for triumphal person. 5 years experience.',  'Arts, Audio/Video, and Communications', '0', '1'),
('5164', 'Jermario_Fiorella26', 'CDL Instructor', '2020-2-14', 'Looking for freed person. 4 years experience.',  'Manufacturing', '0', '5'),
('2691', 'Hope_Trapper74', 'Director Behavioral Health', '2020-1-10', 'Looking for flawless person. 4 years experience.',  'Government and Public Administration', '1', '2'),
('5605', 'Lavina_Brittnie42', 'Underwriting Analyst', '2020-7-2', 'Looking for sharper person. 5 years experience.',  'Finance', '0', '3'),
('1017', 'Jonthan_Ina79', 'Sports Attorney', '2020-1-13', 'Looking for euphoric person. 4 years experience.',  'Law, Public Safety, Corrections and Security', '0', '1'),
('1265', 'Zacharia_Sharene45', 'HR Business Partner Consultant', '2020-1-11', 'Looking for thrills person. 3 years experience.',  'Transportation, Distribution and Logistics', '1', '5'),
('4389', 'Teniqua_Cj48', 'Profiling-Machine Operator', '2020-5-25', 'Looking for ease person. 4 years experience.',  'Business Management and Administration', '1', '5'),
('3636', 'Quentina_Mitcheal82', 'SSIS Architect', '2020-9-12', 'Looking for innocuous person. 3 years experience.',  'Science, Technology, Engineering, and Mathematics', '1', '4'),
('2760', 'Jermario_Fiorella26', 'Braid Cutter', '2020-5-1', 'Looking for encourage person. 5 years experience.',  'Agriculture and Natural Resources', '1', '5'),
('1366', 'Chaka_Donn43', 'Deck Specialist', '2020-12-3', 'Looking for posh person. 1 years experience.',  'Manufacturing', '0', '5'),
('4735', 'Carmel_Kelechi67', 'Cosmetics and Toiletries Salesperson', '2020-10-16', 'Looking for enrapt person. 3 years experience.',  'Hospitality and Tourism', '1', '2'),
('2487', 'Bahar_Maceo74', 'Farm-Machine Tender', '2020-1-3', 'Looking for comfort person. 4 years experience.',  'Agriculture and Natural Resources', '0', '1'),
('1034', 'Lakeya_Sherrill13', 'Slope Runner', '2020-2-5', 'Looking for genius person. 2 years experience.',  'Law, Public Safety, Corrections and Security', '0', '5'),
('1345', 'Jamecia_Tabbatha29', 'Mold Repairer', '2020-1-9', 'Looking for subsidize person. 5 years experience.',  'Hospitality and Tourism', '1', '3'),
('4442', 'Venancio_Brooklin04', 'Fall Internship', '2020-3-28', 'Looking for diligent person. 2 years experience.',  'Architecture and Construction', '0', '1'),
('5171', 'Bahar_Maceo74', 'CDL Program Coordinator', '2020-6-29', 'Looking for workable person. 4 years experience.',  'Education and Training', '1', '4'),
('1835', 'Venancio_Brooklin04', 'Nylon Operator', '2020-10-18', 'Looking for booming person. 2 years experience.',  'Law, Public Safety, Corrections and Security', '0', '5'),
('5295', 'Lakeish_Oscar02', 'Master Hearth Technician', '2020-10-12', 'Looking for revival person. 3 years experience.',  'Human Services', '1', '2'),
('2002', 'Francesco_Makeia28', 'Enroute Controller', '2020-10-16', 'Looking for subsidized person. 1 years experience.',  'Information Technology', '0', '4'),
('2712', 'Jamecia_Tabbatha29', 'Enrollment Management Vice President', '2020-10-16', 'Looking for rightful person. 4 years experience.',  'Information Technology', '1', '4'),
('4081', 'Kongmeng_Kema51', 'Machinist', '2020-12-27', 'Looking for attraction person. 1 years experience.',  'Information Technology', '0', '4'),
('5780', 'Ivania_Mack60', 'Acute Care Assistant', '2020-7-16', 'Looking for bravo person. 3 years experience.',  'Law, Public Safety, Corrections and Security', '1', '3'),
('5853', 'Carmel_Kelechi67', 'Tank Car Loader', '2020-5-4', 'Looking for unrivaled person. 3 years experience.',  'Agriculture and Natural Resources', '0', '4'),
('4159', 'Jermario_Fiorella26', 'Rubber Mill Operator', '2020-4-28', 'Looking for promising person. 3 years experience.',  'Arts, Audio/Video, and Communications', '1', '5'),
('1704', 'Deontae_Corneisha73', 'Sample Coordinator', '2020-12-5', 'Looking for dawn person. 2 years experience.',  'Agriculture and Natural Resources', '0', '5'),
('5723', 'Nely_Christiann59', 'Waistline Joiner, Overlock', '2020-10-29', 'Looking for prominence person. 3 years experience.',  'Hospitality and Tourism', '1', '1'),
('5460', 'Carmel_Kelechi67', 'Audio-Visual-Equipment-Rental Clerk', '2020-7-19', 'Looking for beckon person. 5 years experience.',  'Hospitality and Tourism', '1', '1'),
('5666', 'Manu_Laquiesha41', 'Crating-And-Moving Estimator', '2020-3-4', 'Looking for supported person. 5 years experience.',  'Health Science', '1', '4'),
('4699', 'Ossie_Tavarus92', 'Bed Laster', '2020-12-5', 'Looking for marvellous person. 5 years experience.',  'Human Services', '0', '3'),
('5959', 'Damien_Emelia95', 'Licensed Home Inspector', '2020-8-14', 'Looking for surpass person. 2 years experience.',  'Education and Training', '0', '4'),
('5697', 'Kongmeng_Kema51', 'Steak Sauce Maker', '2020-12-19', 'Looking for pros person. 1 years experience.',  'Transportation, Distribution and Logistics', '0', '3'),
('5218', 'Maleaha_Rubie44', 'Yarn Sizer', '2020-9-18', 'Looking for swankier person. 2 years experience.',  'Government and Public Administration', '1', '1'),
('3311', 'Tiwana_Conway76', 'Tire Classifier', '2020-6-23', 'Looking for economical person. 1 years experience.',  'Education and Training', '1', '5'),
('5526', 'Dirk_Raymone10', 'Brine Tank Operator', '2020-2-11', 'Looking for rightful person. 3 years experience.',  'Agriculture and Natural Resources', '1', '3'),
('1560', 'Ahsley_Johann38', 'Teaching Supervisor', '2020-5-28', 'Looking for posh person. 5 years experience.',  'Marketing, Sales and Service', '0', '2'),
('3431', 'Lakeish_Oscar02', 'Store Keeper', '2020-5-10', 'Looking for prospros person. 1 years experience.',  'Information Technology', '1', '2'),
('5743', 'Ossie_Tavarus92', 'Sporting Goods Salesperson', '2020-2-29', 'Looking for daring person. 4 years experience.',  'Hospitality and Tourism', '1', '2'),
('4216', 'Mahina_Scarlet90', 'Behavioral Science Chair', '2020-7-18', 'Looking for blameless person. 2 years experience.',  'Education and Training', '1', '3'),
('4466', 'Tiwana_Conway76', 'International Sales Manager', '2020-10-8', 'Looking for cleanest person. 1 years experience.',  'Finance', '0', '1');

DELETE FROM CreditCardInfo;
INSERT INTO CreditCardInfo(CCNumber, ExpireDate, CCBNumber, IsDefault, Auto_Manual)
VALUES ('0870444438171586', '2022-11-14', '147', '1', '1'),
('2218592716807917', '2022-4-1', '352', '0', '0'),
('6430445408502777', '2021-3-20', '730', '0', '0'),
('6922767320854627', '2022-6-25', '972', '1', '1'),
('9998971383473415', '2022-9-11', '632', '0', '0'),
('4976430218010532', '2022-7-6', '042', '0', '0'),
('5434744339304008', '2022-5-27', '944', '0', '0'),
('6315437578883169', '2021-6-22', '329', '0', '0'),
('9535137740633566', '2022-2-2', '692', '1', '1'),
('7071845427276121', '2021-2-2', '393', '0', '0'),
('8419314639504457', '2022-8-23', '325', '0', '0'),
('5379488224739425', '2021-1-8', '230', '0', '0'),
('9322937858139156', '2022-2-19', '829', '0', '0'),
('6695087874773393', '2022-5-19', '475', '0', '0'),
('4542765793386097', '2021-3-4', '671', '1', '1'),
('2105261044394776', '2021-5-21', '309', '0', '0'),
('2466831312929045', '2021-10-25', '328', '0', '0'),
('5304822218045451', '2021-9-24', '153', '0', '0'),
('1429377659862772', '2021-11-1', '984', '0', '0'),
('1882772084580732', '2022-10-28', '464', '0', '0'),
('9195896033921117', '2021-4-5', '173', '1', '1'),
('4694672374214031', '2021-8-15', '409', '0', '0'),
('7017141871674513', '2022-1-23', '063', '0', '0'),
('5398248026876346', '2021-9-9', '228', '0', '0'),
('4306727302769615', '2021-9-13', '861', '0', '0'),
('2131363682373526', '2022-2-11', '175', '0', '0'),
('4608587886257763', '2021-7-1', '079', '0', '0'),
('0520535284827353', '2021-8-27', '821', '1', '1'),
('4883987069253613', '2022-2-12', '574', '0', '0'),
('5490797306421281', '2021-2-18', '340', '1', '1'),
('5536091670754826', '2022-3-27', '894', '0', '0'),
('0899477877933277', '2021-10-24', '580', '0', '0'),
('0895811069601597', '2022-11-12', '760', '0', '0'),
('5089620113913549', '2021-9-9', '302', '0', '0'),
('1428677057403512', '2022-7-8', '615', '0', '0'),
('6901620281567451', '2022-11-17', '600', '0', '0'),
('6104218856308792', '2022-5-14', '204', '0', '0'),
('1302649545887643', '2021-4-16', '952', '0', '0'),
('4628276941031238', '2022-11-4', '532', '0', '0'),
('6040607331697186', '2022-10-15', '375', '1', '1'),
('9206160175580860', '2022-2-4', '809', '0', '0'),
('3637020265316328', '2021-10-14', '737', '0', '0'),
('7104673852881811', '2022-9-24', '657', '0', '0'),
('1370481308510674', '2021-2-11', '103', '0', '0'),
('7025415614760225', '2022-9-23', '643', '0', '0'),
('7390111656400177', '2022-9-1', '912', '0', '0'),
('4719074442536837', '2022-11-22', '417', '0', '0'),
('1323230493142125', '2022-10-21', '851', '0', '0'),
('7548727425957978', '2022-8-5', '152', '0', '0'),
('1480647469273640', '2022-1-5', '054', '1', '1'),
('2544526716086723', '2022-4-2', '902', '0', '0'),
('9004713816084632', '2022-6-18', '928', '0', '0'),
('7145203611015431', '2021-8-26', '231', '0', '0'),
('8859652096440098', '2021-5-23', '539', '0', '0'),
('5229999117379128', '2022-2-4', '197', '0', '0'),
('3993576819715184', '2021-10-11', '994', '0', '0'),
('8242124769840246', '2021-9-25', '748', '0', '0'),
('9886188445012938', '2022-1-26', '952', '0', '0'),
('9460255255864116', '2021-9-16', '597', '1', '1'),
('2581413443448581', '2021-10-27', '985', '0', '0'),
('8622698902918055', '2022-11-28', '365', '0', '0'),
('2757272984469990', '2022-5-15', '161', '0', '0'),
('3458281504357910', '2021-11-2', '665', '0', '0'),
('0995367407896842', '2022-9-8', '377', '0', '0'),
('1281387275785273', '2021-4-26', '607', '0', '0'),
('5845057781658910', '2021-7-18', '905', '0', '0'),
('4329723049392021', '2021-3-19', '835', '0', '0'),
('0053204209539245', '2022-7-25', '903', '1', '1'),
('8991431059679183', '2021-3-24', '278', '0', '0'),
('7935389926860038', '2021-10-7', '886', '0', '0'),
('1211806338161642', '2021-1-7', '620', '1', '1'),
('0699242700856260', '2021-10-24', '193', '0', '0'),
('9022015645865418', '2022-7-6', '341', '0', '0'),
('7661030344006191', '2022-7-13', '124', '0', '0'),
('1575578046345368', '2021-10-28', '004', '0', '0'),
('6833346355637143', '2021-9-28', '691', '0', '0'),
('4495773512828980', '2022-5-19', '833', '0', '0'),
('1055769586137593', '2021-7-17', '509', '0', '0'),
('1118280919345074', '2021-2-8', '327', '1', '1'),
('3363532882021037', '2021-5-2', '495', '1', '1'),
('8106140128525049', '2021-7-24', '366', '0', '0'),
('9713254636763135', '2022-11-13', '574', '1', '1'),
('2852390861219662', '2022-9-18', '213', '0', '0'),
('6545251071026983', '2021-9-16', '902', '0', '0'),
('0699097748448938', '2021-10-16', '616', '0', '0'),
('5466532766522043', '2021-2-13', '332', '1', '1'),
('6366347050906856', '2021-1-12', '843', '0', '0'),
('3638500445172492', '2022-1-9', '495', '0', '0'),
('3415169602752599', '2021-5-15', '849', '0', '0'),
('9619024503759998', '2022-2-26', '661', '0', '0'),
('6439398179233394', '2022-3-26', '200', '0', '0'),
('1653237609106217', '2021-3-22', '237', '0', '0'),
('5531109514004227', '2021-7-16', '548', '1', '1'),
('7548978881910309', '2021-11-19', '744', '0', '0'),
('1109623166583278', '2021-1-13', '790', '0', '0'),
('3992849323918843', '2022-9-21', '536', '0', '0'),
('5973780404257138', '2021-2-5', '495', '1', '1'),
('7692004225927072', '2022-7-13', '249', '0', '0'),
('8773561421186016', '2022-9-7', '699', '0', '0'),
('4635042123166133', '2022-10-5', '492', '1', '1'),
('0513231407183179', '2021-11-17', '581', '0', '0'),
('7041254660572676', '2022-6-5', '909', '0', '0'),
('2659025883849645', '2021-9-1', '113', '0', '0'),
('4711677745443740', '2022-1-2', '693', '0', '0'),
('5092681873464563', '2022-2-12', '296', '0', '0'),
('4368037025304304', '2022-4-2', '371', '0', '0'),
('2857875996408910', '2021-2-20', '728', '0', '0'),
('9608350789995960', '2022-10-23', '747', '0', '0'),
('3788217880189411', '2022-8-23', '939', '1', '1'),
('7514674092838548', '2022-2-16', '979', '0', '0'),
('4181180638198072', '2021-5-4', '047', '0', '0'),
('2848363380553350', '2022-7-14', '199', '0', '0'),
('6405643122442295', '2021-3-14', '189', '0', '0'),
('0264793711319584', '2022-7-15', '204', '1', '1'),
('4594013034554785', '2021-10-9', '286', '0', '0'),
('0995958285127152', '2021-2-22', '046', '0', '0'),
('3377742345118351', '2022-8-8', '895', '0', '0'),
('7442198401128340', '2022-3-26', '975', '0', '0'),
('5368346250948090', '2022-10-6', '636', '0', '0'),
('6451045144232674', '2022-6-22', '785', '0', '0'),
('5316274880372227', '2021-5-25', '006', '0', '0'),
('6313984638709134', '2022-6-27', '234', '0', '0'),
('0144987159809605', '2022-5-23', '748', '0', '0'),
('3082177811745272', '2022-10-24', '961', '0', '0'),
('9399990342012046', '2022-9-15', '619', '0', '0'),
('4778131265476702', '2021-4-23', '371', '1', '1'),
('3004680156350613', '2022-3-25', '972', '0', '0'),
('6122953846034563', '2022-4-25', '701', '1', '1'),
('4966881176763342', '2021-7-11', '875', '0', '0'),
('4875333618990219', '2021-6-1', '083', '0', '0'),
('6816027444304914', '2021-8-18', '457', '0', '0'),
('7527475031648181', '2021-9-5', '812', '0', '0'),
('5145249715950553', '2022-5-22', '445', '0', '0'),
('2642596597730468', '2021-10-10', '124', '1', '1'),
('5085195748711642', '2022-5-13', '026', '0', '0'),
('2698083115620019', '2022-5-20', '202', '1', '1'),
('0758941286412356', '2021-4-11', '297', '0', '0'),
('0420793121301954', '2022-2-1', '183', '0', '0'),
('7544428225686138', '2021-2-25', '382', '0', '0'),
('4064556402948915', '2021-2-16', '176', '1', '1'),
('7902925808706213', '2021-11-18', '036', '0', '0'),
('4412390392589042', '2021-7-17', '507', '0', '0'),
('1219169213919016', '2022-4-20', '599', '0', '0'),
('5952825087353330', '2022-9-2', '361', '0', '0'),
('5587998668643924', '2021-7-6', '732', '0', '0'),
('8490985454606347', '2022-6-5', '398', '0', '0'),
('6211736539625697', '2021-4-13', '107', '0', '0'),
('2931701821032496', '2021-9-4', '953', '0', '0'),
('4673788824023881', '2022-7-20', '903', '0', '0'),
('5879276940554708', '2021-3-24', '247', '1', '1'),
('4777363562612945', '2022-3-23', '697', '0', '0'),
('4395167456819572', '2022-9-21', '960', '1', '1'),
('3500137404877033', '2021-3-17', '872', '0', '0'),
('9846203280015615', '2021-5-17', '435', '1', '1'),
('3819294319477266', '2022-2-7', '410', '1', '1'),
('8179250205821857', '2021-9-22', '149', '0', '0'),
('7077017872055625', '2021-11-19', '702', '0', '0'),
('7990582449043857', '2021-11-20', '205', '0', '0'),
('3859367115391564', '2022-9-17', '554', '1', '1'),
('0338881267431874', '2021-3-26', '325', '0', '0'),
('9897208555461627', '2022-11-14', '391', '0', '0'),
('8353966899729819', '2021-6-12', '155', '1', '1'),
('3556132122215796', '2021-11-26', '191', '0', '0'),
('5511009961705468', '2022-2-17', '383', '0', '0'),
('8935320679816531', '2022-4-4', '486', '0', '0'),
('9688753207959539', '2022-8-18', '637', '0', '0'),
('3913808604809463', '2022-5-17', '250', '0', '0'),
('6525036779095960', '2022-7-7', '689', '0', '0'),
('1015726459563152', '2021-6-28', '345', '0', '0'),
('7247596889152437', '2021-10-24', '868', '0', '0'),
('8600417094621767', '2022-8-5', '622', '1', '1'),
('0343908425559101', '2021-7-12', '930', '0', '0'),
('9196283974599182', '2022-3-6', '557', '0', '0'),
('6368165233133223', '2021-2-11', '877', '0', '0'),
('8010383235937176', '2021-2-23', '534', '1', '1'),
('2124313756876168', '2022-7-25', '670', '0', '0'),
('7537585416760397', '2021-8-20', '967', '0', '0'),
('8748013125982314', '2022-10-12', '451', '0', '0'),
('2094080864099678', '2021-1-6', '399', '0', '0'),
('9451328601474853', '2021-11-24', '039', '0', '0'),
('7078740298875596', '2021-10-2', '207', '0', '0'),
('1685928591344172', '2022-6-26', '636', '0', '0'),
('2688705847939021', '2022-9-22', '535', '0', '0'),
('8210048568415379', '2022-7-12', '312', '0', '0'),
('2041480292866076', '2021-2-8', '183', '0', '0'),
('5151424779362038', '2022-7-7', '225', '0', '0'),
('3218248589601523', '2021-8-22', '303', '0', '0'),
('8412344357443165', '2021-3-5', '247', '0', '0'),
('9069762005127400', '2022-2-24', '531', '1', '1'),
('7443756890478126', '2021-11-28', '646', '0', '0'),
('3725720706507455', '2022-5-21', '240', '0', '0'),
('9653833090024215', '2021-8-23', '043', '0', '0'),
('7884538976810118', '2022-5-25', '269', '0', '0'),
('5369993188367688', '2021-11-18', '980', '1', '1'),
('3302858610852203', '2022-3-9', '989', '0', '0'),
('1022583892681080', '2021-4-1', '092', '0', '0'),
('9304439557001607', '2021-4-8', '280', '0', '0'),
('3970361759973748', '2022-10-20', '904', '1', '1'),
('6959680426891163', '2022-8-1', '446', '1', '1'),
('5774759963011389', '2021-6-18', '192', '0', '0'),
('6978178873329135', '2021-4-7', '153', '0', '0'),
('6324504744232357', '2022-9-7', '905', '0', '0'),
('2169615133808097', '2022-9-8', '363', '1', '1'),
('6394254980614728', '2022-11-24', '618', '0', '0'),
('3432930005566248', '2021-3-1', '783', '0', '0'),
('2014559669822508', '2022-5-2', '989', '0', '0'),
('8220710473216836', '2021-10-7', '082', '1', '1'),
('7990481314417976', '2021-3-20', '802', '0', '0'),
('8119482800230766', '2021-3-20', '000', '0', '0'),
('1830300853725337', '2021-7-14', '551', '1', '1'),
('8435915293013296', '2021-5-6', '205', '0', '0'),
('8024352604853654', '2021-2-25', '671', '0', '0'),
('9306469306739775', '2021-9-21', '642', '0', '0'),
('7696792067796977', '2021-9-4', '728', '1', '1'),
('7552994253788238', '2021-3-8', '966', '0', '0'),
('1981640907050027', '2022-4-15', '379', '0', '0'),
('9748546746208276', '2021-4-25', '894', '0', '0'),
('5037692598415109', '2021-1-19', '625', '0', '0'),
('3107684722643255', '2021-5-10', '291', '0', '0'),
('7623305129230740', '2021-8-4', '873', '0', '0'),
('4189430186587385', '2022-5-16', '630', '0', '0'),
('0448529716894623', '2021-4-15', '065', '1', '1'),
('5905982032356798', '2022-9-5', '825', '0', '0'),
('3689521737170514', '2021-1-28', '923', '0', '0'),
('8136113999583606', '2021-11-20', '164', '0', '0'),
('6297146628883858', '2021-11-18', '065', '1', '1'),
('4613045791438522', '2022-2-3', '991', '0', '0'),
('4996768879911987', '2022-5-26', '415', '0', '0'),
('9114124350064103', '2021-3-10', '665', '0', '0'),
('9732974749061970', '2021-6-21', '217', '0', '0'),
('3510652998064534', '2022-2-25', '068', '0', '0'),
('7302489330157941', '2021-8-11', '436', '0', '0'),
('0738416667531175', '2022-7-2', '395', '0', '0'),
('1230763133969764', '2021-3-1', '906', '0', '0'),
('4146144417119864', '2022-3-9', '855', '1', '1'),
('5615879600915230', '2021-2-7', '584', '0', '0'),
('3070515684803602', '2021-6-23', '653', '0', '0'),
('5557359731846170', '2021-4-20', '466', '1', '1'),
('7313692356432011', '2022-6-4', '560', '1', '1'),
('7626009225625357', '2022-8-21', '647', '0', '0'),
('4678348055076008', '2022-11-2', '958', '1', '1'),
('2712905956074047', '2022-3-27', '934', '0', '0'),
('7453739419934095', '2022-11-23', '900', '0', '0'),
('1851408122803431', '2022-1-9', '501', '1', '1'),
('6887273052227805', '2022-11-4', '349', '0', '0'),
('5236516898869973', '2022-1-12', '387', '0', '0'),
('3011625288332276', '2022-1-14', '503', '1', '1'),
('3554100053019435', '2021-1-6', '883', '0', '0'),
('9501334590842281', '2021-6-15', '665', '0', '0'),
('8794823992541783', '2022-11-24', '805', '0', '0'),
('0911834691025816', '2022-10-17', '100', '0', '0'),
('6132410084676857', '2022-10-27', '022', '0', '0'),
('1959954382024159', '2021-8-19', '552', '0', '0'),
('1722943487447737', '2022-9-10', '012', '0', '0'),
('8700408331664791', '2022-7-23', '049', '0', '0'),
('2953888634180632', '2022-11-13', '641', '0', '0'),
('0072823481834605', '2021-1-22', '004', '0', '0'),
('6646696997035680', '2021-9-18', '871', '0', '0'),
('8338145310362079', '2022-1-4', '480', '0', '0'),
('5437469193516896', '2022-6-4', '790', '0', '0'),
('1403969771862703', '2022-9-14', '160', '0', '0'),
('4057695772861518', '2022-6-25', '840', '0', '0'),
('0748057227772798', '2022-11-10', '328', '1', '1'),
('8262742897955881', '2021-6-28', '161', '1', '1'),
('7753421426406102', '2022-8-2', '328', '0', '0'),
('2580200383318057', '2022-9-16', '688', '0', '0'),
('8333118877903227', '2022-7-21', '731', '0', '0'),
('7098912118847408', '2022-5-3', '509', '1', '1'),
('8355022435552720', '2021-5-26', '343', '0', '0'),
('6987000145955772', '2021-9-6', '970', '0', '0'),
('6415247259236886', '2022-1-3', '131', '0', '0'),
('4681640722887005', '2021-5-4', '897', '0', '0'),
('4186807448677024', '2021-4-10', '176', '0', '0'),
('2350747900192678', '2022-11-12', '841', '0', '0'),
('2633760638864702', '2022-11-17', '106', '0', '0'),
('8466308307397560', '2021-1-17', '744', '0', '0'),
('6622458110711576', '2021-8-8', '541', '0', '0'),
('7005454498965884', '2021-10-19', '915', '0', '0'),
('8827854405623301', '2021-6-19', '739', '0', '0'),
('0215520624482721', '2021-7-15', '030', '0', '0'),
('7912704357366492', '2021-5-25', '181', '0', '0'),
('5014062509140320', '2022-11-2', '020', '0', '0'),
('5235518950943990', '2021-1-12', '218', '0', '0'),
('7973632059016909', '2022-1-24', '795', '0', '0'),
('0702047822096488', '2022-3-5', '859', '1', '1'),
('2706929899401566', '2022-10-21', '864', '0', '0'),
('3127725067180207', '2022-4-21', '684', '0', '0'),
('7521955279497897', '2022-2-17', '385', '0', '0'),
('7081882814520848', '2022-2-4', '506', '0', '0'),
('6687455751089725', '2021-2-4', '992', '0', '0'),
('1021562611771289', '2021-7-16', '406', '1', '1'),
('9431259387499169', '2021-9-25', '032', '0', '0'),
('7196484161642046', '2021-3-7', '180', '0', '0'),
('2526081030691349', '2022-6-12', '085', '0', '0'),
('2491744898704826', '2022-4-6', '465', '0', '0'),
('7430585269700887', '2021-1-9', '939', '0', '0'),
('0822762086600109', '2022-3-16', '267', '1', '1'),
('2785145093944988', '2021-9-8', '275', '0', '0'),
('9072035090424834', '2022-11-8', '426', '0', '0'),
('0335785153656868', '2021-8-11', '374', '0', '0'),
('2443844718135105', '2022-7-11', '632', '0', '0'),
('0697444195911191', '2021-1-4', '415', '0', '0'),
('1555571680157438', '2021-11-12', '209', '0', '0'),
('9666648846370413', '2022-11-12', '524', '1', '1'),
('0538267574492240', '2022-10-17', '423', '0', '0'),
('9296391465792070', '2021-1-26', '693', '0', '0'),
('3859044219783192', '2022-4-2', '898', '0', '0'),
('7123862842372401', '2021-1-25', '437', '1', '1'),
('5328952442503761', '2021-8-7', '020', '0', '0'),
('7260426542158033', '2022-4-27', '986', '0', '0'),
('0225881932860469', '2022-9-3', '404', '0', '0'),
('4791171659376747', '2022-9-22', '210', '0', '0'),
('8913234456675673', '2022-11-10', '728', '0', '0'),
('1198809719744734', '2021-6-13', '697', '0', '0'),
('8803704388576928', '2022-6-4', '704', '0', '0'),
('4448768465942932', '2022-1-17', '315', '0', '0'),
('3776759059121915', '2021-8-9', '178', '1', '1'),
('2288732164760948', '2022-1-14', '775', '0', '0'),
('4369586565953948', '2022-3-14', '059', '0', '0'),
('2478342503298718', '2022-5-11', '047', '1', '1'),
('1461274911046969', '2021-4-17', '449', '0', '0'),
('0709829436185510', '2021-9-15', '693', '0', '0'),
('3819661444522625', '2022-6-4', '725', '1', '1'),
('1255158750452902', '2021-2-19', '814', '0', '0'),
('9486970242763507', '2021-5-26', '922', '0', '0'),
('2339308094067073', '2021-8-11', '301', '0', '0'),
('8293663704606417', '2021-6-25', '641', '1', '1'),
('4912965816733523', '2021-11-1', '831', '0', '0'),
('8432269644994569', '2022-8-10', '173', '0', '0'),
('0483482168843710', '2022-11-20', '459', '0', '0'),
('8095123621323143', '2022-5-17', '580', '0', '0'),
('9947383732032695', '2022-3-22', '701', '0', '0'),
('3114536430814951', '2021-11-21', '217', '0', '0'),
('2804739495036638', '2021-10-18', '993', '0', '0'),
('6041311091705215', '2022-1-17', '414', '0', '0'),
('2524819773424424', '2021-6-12', '260', '1', '1'),
('7487772460556529', '2021-10-7', '510', '1', '1'),
('2766116664677342', '2021-1-4', '342', '1', '1'),
('2384596864043146', '2022-6-7', '152', '0', '0'),
('4757290632052865', '2021-7-16', '158', '0', '0'),
('5375053077759896', '2022-3-1', '114', '0', '0'),
('8933076541374804', '2022-9-24', '805', '0', '0'),
('5735882785375700', '2021-1-6', '005', '0', '0'),
('1635432480287107', '2021-2-7', '702', '0', '0'),
('8199912961448680', '2022-6-22', '626', '0', '0'),
('5364631036170974', '2021-10-28', '770', '1', '1'),
('3755667399108616', '2022-2-9', '088', '0', '0'),
('6938049466016107', '2021-8-23', '166', '0', '0'),
('9500469104411785', '2021-9-17', '708', '0', '0'),
('7540736263837950', '2021-6-2', '778', '0', '0'),
('1158075359298980', '2021-1-20', '200', '1', '1'),
('1882911448917712', '2021-4-2', '584', '0', '0'),
('1369860352156868', '2021-5-21', '084', '1', '1'),
('5399515754394024', '2022-4-9', '593', '0', '0'),
('5193138742058165', '2022-3-8', '329', '0', '0'),
('7820157564916159', '2021-4-6', '984', '0', '0'),
('6204717956418952', '2022-2-14', '461', '1', '1'),
('0649538084920692', '2022-7-17', '650', '0', '0'),
('0137642255200917', '2022-2-8', '291', '0', '0'),
('0746253405871974', '2022-6-24', '490', '0', '0'),
('5592579856184250', '2022-2-21', '570', '1', '1'),
('0392671500626976', '2022-8-28', '074', '0', '0'),
('4897457960191700', '2021-1-2', '530', '0', '0'),
('5842552275544943', '2021-4-1', '631', '0', '0'),
('0837509807032767', '2022-5-3', '983', '0', '0'),
('9779160291130537', '2022-1-23', '142', '0', '0'),
('0880867165748512', '2022-3-12', '338', '1', '1'),
('9431457597319988', '2022-6-20', '870', '0', '0'),
('5979059726487074', '2022-5-23', '036', '0', '0');

DELETE FROM PADInfo;
INSERT INTO PADInfo(AccountNumber, InstituteNumber, BranchNumber, IsDefault, Auto_Manual)
VALUES ('0903765', '608', '88050', '0', '0'),
('1173715', '352', '99903', '0', '0'),
('8498489', '803', '68342', '0', '0'),
('6224559', '250', '31943', '0', '0'),
('3131910', '509', '64177', '1', '1'),
('5771769', '829', '12408', '0', '0'),
('9532493', '846', '20585', '0', '0'),
('9421609', '003', '58833', '0', '0'),
('9189378', '321', '85656', '1', '1'),
('3880343', '318', '72828', '0', '0'),
('2713605', '003', '90540', '0', '0'),
('4588205', '265', '58983', '1', '1'),
('9281918', '358', '63046', '0', '0'),
('0088513', '532', '27429', '1', '1'),
('8880379', '879', '26661', '0', '0'),
('6819937', '315', '30285', '0', '0'),
('9566868', '290', '12592', '1', '1'),
('0562299', '853', '44327', '0', '0'),
('6111325', '332', '68494', '0', '0'),
('4813956', '507', '52178', '1', '1'),
('0983093', '603', '29396', '0', '0'),
('3671939', '311', '95071', '0', '0'),
('9107818', '548', '76597', '0', '0'),
('2433174', '002', '30049', '0', '0'),
('2818989', '540', '59354', '1', '1'),
('1731495', '328', '42364', '0', '0'),
('9108940', '269', '33409', '0', '0'),
('4333657', '241', '84988', '0', '0'),
('4145410', '342', '23973', '0', '0'),
('5345050', '301', '11157', '1', '1'),
('3959099', '815', '47378', '0', '0'),
('0564935', '250', '31949', '0', '0'),
('5130850', '361', '62936', '1', '1'),
('3644621', '003', '25952', '0', '0'),
('4359293', '326', '52182', '0', '0'),
('1689901', '344', '49046', '0', '0'),
('1818997', '315', '38792', '0', '0'),
('8615421', '277', '48246', '0', '0'),
('7868326', '245', '49913', '0', '0'),
('7992210', '290', '99359', '0', '0'),
('2458819', '550', '90716', '0', '0'),
('0609238', '536', '16900', '1', '1'),
('6189954', '829', '83980', '0', '0'),
('3728770', '853', '87098', '0', '0'),
('1048095', '625', '96418', '0', '0'),
('5608343', '550', '64039', '1', '1'),
('3435829', '327', '32759', '1', '1'),
('0562869', '260', '39501', '0', '0'),
('5748153', '352', '39959', '0', '0'),
('7711843', '626', '43250', '1', '1'),
('1557458', '854', '49779', '0', '0'),
('8126359', '342', '78599', '1', '1'),
('9728355', '507', '90884', '0', '0'),
('5624222', '349', '10643', '0', '0'),
('5981503', '310', '91385', '1', '1'),
('5958388', '614', '73371', '0', '0'),
('3084784', '342', '36271', '1', '1'),
('0584329', '004', '58008', '0', '0'),
('5198206', '550', '39962', '0', '0'),
('3222014', '336', '48098', '1', '1'),
('9622524', '879', '82773', '1', '1'),
('4781300', '309', '32635', '0', '0'),
('9002689', '620', '21179', '0', '0'),
('3953583', '322', '52679', '0', '0'),
('2232099', '343', '72985', '0', '0'),
('4948922', '310', '73023', '0', '0'),
('8494687', '307', '83022', '1', '1'),
('6342432', '608', '73307', '0', '0'),
('6017989', '839', '83846', '1', '1'),
('7779783', '630', '49832', '0', '0'),
('3223486', '338', '30504', '1', '1'),
('7277611', '810', '92738', '0', '0'),
('4893616', '626', '49484', '0', '0'),
('7170717', '358', '62529', '0', '0'),
('2606807', '819', '40826', '1', '1'),
('1307444', '829', '15476', '1', '1'),
('1036506', '608', '28329', '0', '0'),
('9520832', '345', '19133', '0', '0'),
('4306357', '828', '64792', '0', '0'),
('7680836', '509', '61725', '0', '0'),
('2329160', '219', '40459', '0', '0'),
('1870555', '332', '78629', '0', '0'),
('3531346', '623', '39075', '0', '0'),
('9638608', '318', '62441', '0', '0'),
('4752240', '290', '23071', '0', '0'),
('3988352', '315', '58326', '0', '0'),
('6069566', '618', '31788', '0', '0'),
('8143807', '608', '89951', '0', '0'),
('6867329', '899', '19728', '1', '1'),
('7814759', '322', '44317', '0', '0'),
('0150923', '336', '95558', '0', '0'),
('4059048', '004', '86311', '0', '0'),
('5391099', '308', '30644', '0', '0'),
('6928191', '336', '44371', '0', '0'),
('9782084', '309', '71936', '1', '1'),
('5244912', '809', '18295', '1', '1'),
('9866271', '808', '84889', '0', '0'),
('7958181', '844', '75076', '0', '0'),
('3283688', '568', '99100', '0', '0'),
('8161555', '815', '55446', '0', '0'),
('1034725', '301', '92486', '1', '1'),
('2999408', '819', '91655', '0', '0'),
('6515560', '889', '23413', '0', '0'),
('3551843', '568', '78762', '0', '0'),
('8687114', '349', '37495', '0', '0'),
('6633075', '899', '89521', '1', '1'),
('1096573', '355', '40403', '1', '1'),
('5872660', '551', '99137', '0', '0'),
('4035325', '250', '26831', '1', '1'),
('5158389', '342', '34624', '0', '0'),
('4001994', '242', '74068', '1', '1'),
('4443691', '840', '18122', '0', '0'),
('3408058', '343', '44329', '0', '0'),
('0176133', '590', '23261', '0', '0'),
('8232514', '603', '61156', '1', '1'),
('5893833', '250', '12683', '0', '0'),
('6863092', '001', '14470', '0', '0'),
('8510379', '308', '72145', '1', '1'),
('5129003', '344', '41332', '0', '0'),
('0923976', '507', '62186', '0', '0'),
('6081529', '358', '58899', '0', '0'),
('7641640', '342', '66428', '0', '0'),
('9128583', '039', '70961', '0', '0'),
('0098623', '303', '72446', '0', '0'),
('1221911', '327', '56448', '1', '1'),
('7786751', '570', '54888', '0', '0'),
('2426273', '301', '45487', '0', '0'),
('4565215', '010', '17083', '0', '0'),
('7671106', '322', '36192', '0', '0'),
('1560483', '522', '28119', '1', '1'),
('8644892', '808', '27945', '0', '0'),
('2907113', '340', '44655', '0', '0'),
('6396410', '854', '33351', '1', '1'),
('2097504', '890', '97419', '1', '1'),
('7912509', '265', '73858', '0', '0'),
('0056940', '890', '46876', '0', '0'),
('0247729', '344', '54149', '0', '0'),
('4024076', '828', '54632', '0', '0'),
('4321871', '608', '27698', '0', '0'),
('4904871', '269', '73982', '0', '0'),
('8729032', '842', '55309', '0', '0'),
('6769511', '548', '36682', '0', '0'),
('4164436', '323', '29846', '0', '0'),
('1232549', '837', '39043', '0', '0'),
('6111200', '343', '21362', '0', '0'),
('1121260', '311', '21512', '0', '0'),
('8318299', '344', '85081', '0', '0'),
('2427574', '807', '90632', '0', '0'),
('8736912', '590', '30591', '0', '0'),
('6255417', '819', '94833', '0', '0'),
('9098237', '358', '63295', '1', '1'),
('8660090', '327', '74522', '0', '0'),
('9298508', '809', '96960', '0', '0'),
('6735081', '608', '18468', '0', '0'),
('1762253', '260', '52528', '1', '1'),
('4747749', '321', '99537', '0', '0'),
('3847512', '890', '66162', '0', '0'),
('5594874', '625', '32958', '0', '0'),
('3091425', '294', '30415', '0', '0'),
('9648608', '625', '98915', '0', '0'),
('7529797', '830', '17736', '0', '0'),
('7691551', '301', '17783', '0', '0'),
('5160027', '621', '12313', '1', '1'),
('6064871', '603', '50508', '0', '0'),
('3878006', '250', '27566', '0', '0'),
('9324893', '626', '75227', '0', '0'),
('6328481', '879', '26506', '1', '1'),
('9666454', '551', '51194', '1', '1'),
('8826616', '294', '57591', '0', '0'),
('2809400', '315', '18434', '0', '0'),
('7128197', '540', '76981', '0', '0'),
('3177263', '002', '99310', '1', '1'),
('3909088', '608', '48292', '1', '1'),
('4610716', '219', '28150', '1', '1'),
('9386088', '551', '26867', '0', '0'),
('8054490', '010', '78133', '0', '0'),
('5126429', '590', '63100', '0', '0'),
('0408290', '889', '50548', '1', '1'),
('0225579', '242', '55278', '0', '0'),
('3100764', '002', '62049', '0', '0'),
('9260696', '241', '55390', '0', '0'),
('9158725', '260', '61078', '0', '0'),
('9518401', '001', '66944', '0', '0'),
('2798561', '347', '36056', '0', '0'),
('0319190', '245', '45047', '0', '0'),
('3021271', '311', '80999', '0', '0'),
('1475264', '265', '36865', '0', '0'),
('0613323', '828', '34192', '0', '0'),
('7996808', '839', '21383', '0', '0'),
('0989427', '338', '29619', '0', '0'),
('6208711', '242', '55564', '0', '0'),
('4144476', '507', '26184', '0', '0'),
('4139130', '342', '55018', '0', '0'),
('0394600', '001', '62674', '0', '0'),
('3043953', '001', '13120', '0', '0'),
('1823894', '269', '58784', '0', '0'),
('3960288', '889', '77318', '0', '0'),
('4996612', '626', '71891', '0', '0'),
('0868796', '522', '57565', '1', '1'),
('3257499', '322', '72661', '0', '0'),
('5575057', '270', '74341', '0', '0'),
('3059484', '809', '24182', '1', '1'),
('8235764', '548', '39357', '0', '0'),
('5582102', '039', '88057', '0', '0'),
('6789528', '355', '24160', '0', '0'),
('9218176', '568', '15253', '0', '0'),
('0438582', '260', '16699', '0', '0'),
('4163472', '358', '27442', '1', '1'),
('0795924', '277', '73378', '0', '0'),
('3500560', '354', '91237', '0', '0'),
('1733564', '620', '18022', '1', '1'),
('1155977', '829', '28578', '0', '0'),
('5491578', '349', '23831', '0', '0'),
('1225149', '010', '39921', '0', '0'),
('5312476', '343', '49259', '0', '0'),
('9057941', '003', '42599', '0', '0'),
('8830350', '301', '94716', '0', '0'),
('8668797', '361', '43919', '1', '1'),
('0916199', '597', '17901', '0', '0'),
('6731053', '620', '70757', '0', '0'),
('3076341', '275', '21855', '0', '0'),
('5071316', '829', '19353', '0', '0'),
('3379017', '360', '90636', '0', '0'),
('3836451', '240', '80952', '0', '0'),
('9179833', '352', '95934', '0', '0'),
('7997749', '347', '64198', '0', '0'),
('3643717', '241', '18721', '0', '0'),
('3001882', '001', '30504', '0', '0'),
('0227484', '352', '89454', '0', '0'),
('3106208', '623', '40670', '1', '1'),
('6293477', '626', '52255', '0', '0'),
('7646613', '819', '58863', '0', '0'),
('1606002', '030', '45915', '0', '0'),
('1200073', '865', '70555', '0', '0'),
('0545255', '039', '57556', '0', '0'),
('3630357', '292', '79890', '1', '1'),
('5192980', '303', '58688', '0', '0'),
('1418801', '336', '24774', '1', '1'),
('5642672', '301', '97357', '0', '0'),
('0453552', '349', '64200', '0', '0'),
('0521718', '568', '51455', '0', '0'),
('0449716', '597', '72849', '1', '1'),
('0722243', '844', '28851', '1', '1'),
('8354677', '548', '25666', '0', '0'),
('6117680', '338', '24613', '0', '0'),
('0975303', '623', '54462', '1', '1'),
('3334947', '004', '59865', '0', '0'),
('7802368', '277', '27033', '0', '0'),
('9324691', '260', '35590', '0', '0'),
('9165979', '625', '39917', '1', '1'),
('0296627', '846', '83116', '0', '0'),
('5525280', '323', '12685', '0', '0'),
('0505326', '354', '42769', '0', '0'),
('1280383', '865', '38238', '0', '0'),
('3422689', '265', '60616', '0', '0'),
('7455617', '839', '63099', '0', '0'),
('8690604', '310', '15122', '0', '0'),
('0529594', '358', '72429', '0', '0'),
('7163174', '349', '20863', '0', '0'),
('2594656', '250', '91076', '1', '1'),
('3179080', '265', '38697', '1', '1'),
('4568119', '606', '18977', '0', '0'),
('5196376', '344', '30902', '1', '1'),
('0473189', '010', '48282', '0', '0'),
('4321012', '339', '94328', '0', '0'),
('1794179', '347', '62188', '1', '1'),
('3444315', '522', '88162', '0', '0'),
('1371467', '846', '52388', '1', '1'),
('3354982', '275', '97168', '0', '0'),
('4446089', '837', '80799', '0', '0'),
('7647014', '819', '55306', '1', '1'),
('6121942', '828', '48050', '0', '0'),
('0194177', '314', '98062', '0', '0'),
('9714008', '620', '45855', '0', '0'),
('5899214', '322', '18312', '0', '0'),
('8645190', '608', '42429', '0', '0'),
('5310534', '240', '71191', '0', '0'),
('2937442', '354', '78859', '1', '1'),
('0246072', '548', '68561', '0', '0'),
('7873756', '002', '28530', '0', '0'),
('6025590', '570', '23231', '0', '0'),
('9748990', '334', '22824', '0', '0'),
('2491468', '342', '71383', '1', '1'),
('4212100', '853', '30839', '0', '0'),
('0183974', '250', '46139', '0', '0'),
('7675041', '603', '76225', '0', '0'),
('4879665', '810', '98232', '1', '1'),
('3043395', '342', '48559', '0', '0'),
('0255441', '815', '13328', '0', '0'),
('8908520', '803', '47713', '0', '0'),
('5940455', '819', '57504', '0', '0'),
('4371241', '608', '88264', '0', '0'),
('3448389', '625', '92602', '1', '1'),
('4975772', '301', '94078', '0', '0'),
('1700587', '342', '41382', '1', '1'),
('7124158', '614', '99397', '0', '0'),
('5494229', '865', '97806', '0', '0'),
('1873325', '321', '83715', '0', '0'),
('9120741', '344', '92972', '1', '1'),
('8282012', '323', '74038', '0', '0'),
('5867549', '314', '95867', '0', '0'),
('8066280', '340', '38856', '0', '0'),
('1906339', '620', '45228', '1', '1'),
('9721449', '269', '72889', '0', '0'),
('5108180', '039', '10280', '0', '0'),
('6211014', '568', '13098', '0', '0'),
('9416753', '522', '76886', '0', '0'),
('5376185', '345', '77538', '0', '0'),
('4304565', '854', '26077', '0', '0'),
('1761221', '879', '36279', '0', '0'),
('5620049', '321', '40494', '1', '1'),
('5828009', '270', '62453', '0', '0'),
('7990270', '240', '96194', '0', '0'),
('6034406', '245', '94628', '0', '0'),
('6958626', '292', '74634', '0', '0'),
('6776115', '359', '13145', '1', '1'),
('3456608', '621', '12446', '1', '1'),
('7334017', '006', '49104', '0', '0'),
('9289294', '290', '15987', '0', '0'),
('6837752', '347', '75574', '0', '0'),
('5324133', '318', '59948', '0', '0'),
('2071032', '039', '92725', '0', '0'),
('3203438', '003', '75660', '0', '0'),
('1550479', '354', '54502', '0', '0'),
('8569693', '551', '88362', '0', '0'),
('5470121', '346', '30485', '1', '1'),
('6279895', '240', '55270', '0', '0'),
('2302604', '269', '34172', '1', '1'),
('6072545', '265', '32050', '0', '0'),
('8385334', '551', '36900', '0', '0'),
('0683708', '819', '32645', '0', '0'),
('1759959', '846', '36458', '1', '1'),
('3357165', '830', '99261', '0', '0'),
('4566987', '357', '46756', '0', '0'),
('6375848', '328', '11505', '0', '0'),
('0219209', '357', '26616', '0', '0'),
('1860642', '540', '37248', '0', '0'),
('8059145', '810', '45863', '0', '0'),
('5106058', '614', '72924', '0', '0'),
('9622782', '265', '17133', '0', '0'),
('8854154', '318', '43686', '0', '0'),
('8812625', '310', '73672', '0', '0'),
('6703801', '292', '30461', '0', '0'),
('2165319', '290', '68775', '1', '1'),
('7611943', '803', '77485', '0', '0'),
('3928786', '807', '63710', '1', '1'),
('0857248', '269', '49419', '0', '0'),
('6130271', '314', '46248', '0', '0'),
('3688947', '292', '19284', '0', '0'),
('1181405', '551', '70517', '0', '0');

DELETE FROM Application;
INSERT INTO Application(ApplicantUserName, JobID, ApplicationStatus, ApplicationDate)
VALUES ('Bryden_Yosef34', '4351', 'hired', '2020-7-5'),
('Shenica_Adian13', '4351', 'denied', '2020-6-18'),
('Fareed_Yona81', '4351', 'denied', '2020-12-10'),
('Katiejo_Sommer20', '4351', 'review', '2020-4-13'),
('Denay_Dinero49', '4351', 'sent', '2020-3-18'),
('Lambert_Kenyona84', '4351', 'denied', '2020-6-11'),
('Judea_Killian42', '4351', 'sent', '2020-12-21'),
('Anda_Kyanna63', '4351', 'denied', '2020-4-7'),
('Sadiyya_Mareshah90', '4351', 'denied', '2020-9-19'),
('Alida_Molly79', '5710', 'review', '2020-1-11'),
('Zed_Shianna44', '5710', 'sent', '2020-3-24'),
('Laiza_Salena92', '5710', 'denied', '2020-3-5'),
('Iisha_Demetri54', '5710', 'hired', '2020-8-25'),
('Taree_Joellen50', '5710', 'hired', '2020-5-8'),
('Tamika_Reneta27', '5710', 'sent', '2020-3-17'),
('Jovanna_Dustine63', '5767', 'sent', '2020-5-8'),
('Sherwin_Larie94', '5767', 'denied', '2020-2-1'),
('Darrien_Selah59', '5767', 'denied', '2020-2-21'),
('Kiffany_Delayna05', '5767', 'sent', '2020-6-26'),
('Pamella_Dwanna88', '5767', 'review', '2020-9-9'),
('Darshan_Charly50', '5767', 'sent', '2020-8-18'),
('Mesha_Renelle44', '3526', 'review', '2020-5-24'),
('Shemika_Minna54', '3526', 'sent', '2020-3-5'),
('Elton_Sarita79', '3526', 'review', '2020-10-29'),
('Denay_Dinero49', '3526', 'hired', '2020-6-22'),
('Mehgan_Pranay72', '3526', 'hired', '2020-12-23'),
('Barbarita_Akia34', '3526', 'sent', '2020-7-6'),
('Briar_Candy04', '3526', 'review', '2020-9-4'),
('Matrice_Corene42', '3526', 'hired', '2020-5-17'),
('Geraldine_Aubra86', '3526', 'review', '2020-5-3'),
('Jairus_Karlis70', '4253', 'denied', '2020-2-16'),
('Christobal_Mack27', '4253', 'hired', '2020-6-19'),
('Baxter_Charleen16', '4253', 'denied', '2020-2-26'),
('Antwonette_Sumner76', '4253', 'denied', '2020-2-13'),
('Dejaun_Linda53', '4253', 'review', '2020-8-2'),
('Kendahl_Klara08', '4253', 'denied', '2020-7-23'),
('Kalynn_Ivelisse63', '4253', 'review', '2020-2-19'),
('Phuoc_Halee54', '2744', 'review', '2020-10-29'),
('Juniper_Jawon09', '2744', 'denied', '2020-3-6'),
('Catlin_Edelmiro70', '2744', 'denied', '2020-4-29'),
('Robet_Cynthia11', '2744', 'review', '2020-7-16'),
('Dao_Noal68', '2744', 'review', '2020-5-18'),
('Imran_Romana64', '2744', 'sent', '2020-5-18'),
('Marka_Gonzalo02', '2744', 'denied', '2020-5-26'),
('Dawyne_Vallerie27', '2744', 'review', '2020-9-18'),
('Briar_Candy04', '3960', 'sent', '2020-9-11'),
('Imran_Romana64', '3960', 'sent', '2020-5-26'),
('Pamella_Dwanna88', '3960', 'sent', '2020-7-27'),
('Burl_Yvonne72', '3960', 'denied', '2020-8-3'),
('Hallie_Salomon90', '3960', 'denied', '2020-5-27'),
('Alida_Molly79', '3960', 'hired', '2020-2-27'),
('Juante_Shamona04', '3960', 'sent', '2020-2-13'),
('Denay_Dinero49', '3960', 'hired', '2020-12-3'),
('Kenon_Mallori18', '4892', 'hired', '2020-9-24'),
('Katiejo_Sommer20', '4892', 'sent', '2020-7-25'),
('Tamika_Reneta27', '4487', 'hired', '2020-6-21'),
('Dawyne_Vallerie27', '4487', 'review', '2020-3-15'),
('Bryden_Yosef34', '4487', 'hired', '2020-4-1'),
('Jairus_Kema03', '4487', 'sent', '2020-9-21'),
('Brittnye_Francesa14', '4487', 'hired', '2020-8-17'),
('Sadiyya_Mareshah90', '4487', 'review', '2020-5-23'),
('Kalynn_Ivelisse63', '1737', 'denied', '2020-12-3'),
('Drusilla_Azim12', '1737', 'denied', '2020-7-27'),
('Pamella_Dwanna88', '1737', 'hired', '2020-8-26'),
('Iisha_Demetri54', '1737', 'hired', '2020-11-27'),
('Tamika_Reneta27', '1737', 'hired', '2020-4-26'),
('Tyrik_Keylee65', '1737', 'sent', '2020-7-6'),
('Zonia_Camilo59', '1737', 'sent', '2020-12-1'),
('Alida_Molly79', '2008', 'denied', '2020-9-2'),
('Alejandra_Travon99', '2008', 'review', '2020-11-21'),
('Elmore_Laura52', '2008', 'sent', '2020-2-15'),
('Robet_Cynthia11', '2008', 'denied', '2020-1-3'),
('Tyrik_Keylee65', '2008', 'sent', '2020-8-23'),
('Keela_Sherissa19', '2008', 'review', '2020-1-19'),
('Chontel_Yamil92', '2008', 'review', '2020-2-8'),
('Shakeria_Migel22', '3701', 'denied', '2020-6-2'),
('Taree_Joellen50', '3701', 'hired', '2020-9-16'),
('Andrena_Katalina40', '3701', 'denied', '2020-2-3'),
('Denay_Dinero49', '3701', 'denied', '2020-8-11'),
('Geraldine_Aubra86', '3701', 'sent', '2020-8-4'),
('Catlin_Edelmiro70', '4591', 'denied', '2020-1-16'),
('Mesha_Renelle44', '4591', 'denied', '2020-3-21'),
('Kallen_Ellise30', '4591', 'sent', '2020-8-13'),
('Bryden_Yosef34', '4591', 'denied', '2020-8-24'),
('Sadiyya_Mareshah90', '4591', 'sent', '2020-3-9'),
('Keri_Aniesha20', '4591', 'review', '2020-7-13'),
('Lenore_Lakeasha07', '4591', 'hired', '2020-2-8'),
('Rashidah_Marinda03', '4591', 'denied', '2020-2-13'),
('Geraldine_Aubra86', '3623', 'sent', '2020-7-10'),
('Sadiyya_Mareshah90', '3623', 'denied', '2020-7-11'),
('Prescott_Niasha52', '3623', 'review', '2020-9-10'),
('Jovanna_Dustine63', '1828', 'review', '2020-7-9'),
('Tyria_Anntoinette91', '1828', 'sent', '2020-5-26'),
('Laiza_Salena92', '1828', 'review', '2020-6-28'),
('Robet_Cynthia11', '2794', 'sent', '2020-3-5'),
('Truman_Araina38', '2794', 'hired', '2020-9-29'),
('Brittnye_Francesa14', '2794', 'hired', '2020-8-9'),
('Kawika_Nam72', '2794', 'denied', '2020-8-11'),
('Jairus_Kema03', '4951', 'sent', '2020-3-3'),
('Herschell_Aerial19', '4951', 'review', '2020-4-7'),
('Taree_Joellen50', '4951', 'hired', '2020-8-19'),
('Clarrissa_Sarita78', '4951', 'review', '2020-10-29'),
('Brannigan_Washington83', '3781', 'hired', '2020-7-21'),
('Frederico_Negin73', '3781', 'sent', '2020-8-9'),
('Bryden_Yosef34', '3781', 'sent', '2020-4-11'),
('Sindy_Arland93', '3781', 'review', '2020-6-10'),
('Laiza_Salena92', '3781', 'hired', '2020-1-15'),
('Brittnye_Francesa14', '3781', 'sent', '2020-8-29'),
('Drusilla_Azim12', '3781', 'hired', '2020-1-5'),
('Kenon_Mallori18', '1404', 'review', '2020-7-16'),
('Burl_Yvonne72', '1404', 'sent', '2020-1-12'),
('Sadiyya_Mareshah90', '1404', 'hired', '2020-8-9'),
('Mesha_Renelle44', '1404', 'denied', '2020-8-24'),
('Darshan_Charly50', '1404', 'hired', '2020-2-24'),
('Clarrissa_Sarita78', '1404', 'denied', '2020-9-3'),
('Judea_Killian42', '1404', 'sent', '2020-10-10'),
('Carrera_Naguan33', '1404', 'denied', '2020-12-4'),
('Keonia_Delia09', '1404', 'sent', '2020-10-23'),
('Thanh_Deara76', '4859', 'hired', '2020-11-16'),
('Corianne_Ronaldo00', '4859', 'review', '2020-11-3'),
('Marka_Gonzalo02', '4859', 'hired', '2020-9-1'),
('Ayelet_Jerson06', '4859', 'denied', '2020-7-22'),
('Robet_Cynthia11', '2094', 'review', '2020-11-16'),
('Whitney_Kaitlan42', '2094', 'denied', '2020-10-15'),
('Sadiyya_Mareshah90', '2094', 'denied', '2020-10-23'),
('Iisha_Demetri54', '2840', 'sent', '2020-12-15'),
('Darshan_Charly50', '2840', 'hired', '2020-8-25'),
('Kenon_Mallori18', '2840', 'sent', '2020-11-26'),
('Alejandra_Travon99', '2840', 'denied', '2020-8-17'),
('Kendahl_Klara08', '2965', 'denied', '2020-4-3'),
('Tamika_Reneta27', '2965', 'denied', '2020-9-8'),
('Matrice_Corene42', '2965', 'denied', '2020-1-6'),
('Kawika_Nam72', '2965', 'sent', '2020-7-15'),
('Briar_Candy04', '2965', 'denied', '2020-4-17'),
('Kiffany_Delayna05', '2965', 'denied', '2020-7-23'),
('Corianne_Ronaldo00', '2965', 'denied', '2020-8-28'),
('Kevina_Cathern14', '2965', 'denied', '2020-7-14'),
('Mehgan_Pranay72', '1256', 'review', '2020-6-15'),
('Imran_Romana64', '1256', 'review', '2020-11-19'),
('Taria_Yannick88', '1256', 'hired', '2020-2-2'),
('Kevina_Cathern14', '4457', 'review', '2020-7-6'),
('Juniper_Jawon09', '4457', 'review', '2020-12-12'),
('Keela_Sherissa19', '4457', 'denied', '2020-2-22'),
('Bryden_Yosef34', '4457', 'denied', '2020-1-20'),
('Rashidah_Marinda03', '4457', 'sent', '2020-8-19'),
('Ellis_Eduardo71', '4457', 'denied', '2020-11-3'),
('Randel_Kristelle42', '3900', 'denied', '2020-1-3'),
('Nakeisha_Jury40', '3900', 'hired', '2020-1-1'),
('Kendahl_Klara08', '3900', 'sent', '2020-11-13'),
('Pamella_Dwanna88', '1072', 'review', '2020-2-29'),
('Rashidah_Marinda03', '1072', 'review', '2020-11-10'),
('Nissa_Shontae06', '1072', 'sent', '2020-5-26'),
('Jairus_Karlis70', '1072', 'review', '2020-6-27'),
('Darbi_Cieara66', '1072', 'hired', '2020-2-23'),
('Iisha_Demetri54', '1072', 'hired', '2020-6-2'),
('Matrice_Corene42', '1072', 'review', '2020-7-24'),
('Kalynn_Ivelisse63', '1072', 'sent', '2020-2-16'),
('Whitney_Kaitlan42', '1956', 'hired', '2020-11-12'),
('Kendahl_Klara08', '1956', 'review', '2020-8-27'),
('Shakeria_Migel22', '4862', 'review', '2020-11-5'),
('Tamika_Reneta27', '4862', 'denied', '2020-12-28'),
('Dejaun_Linda53', '4862', 'review', '2020-4-23'),
('Briar_Candy04', '4862', 'review', '2020-6-4'),
('Darshan_Charly50', '4862', 'review', '2020-4-14'),
('Denay_Dinero49', '4862', 'sent', '2020-1-3'),
('Nissa_Shontae06', '4862', 'sent', '2020-9-3'),
('Andrena_Katalina40', '4862', 'denied', '2020-1-10'),
('Ellis_Eduardo71', '4553', 'review', '2020-4-7'),
('Elton_Sarita79', '4553', 'denied', '2020-8-21'),
('Ayelet_Jerson06', '4184', 'hired', '2020-2-8'),
('Kendahl_Klara08', '4184', 'sent', '2020-4-10'),
('Jawann_Huong58', '4184', 'review', '2020-9-10'),
('Torrie_Raymund82', '4184', 'hired', '2020-12-25'),
('Akhil_Wm88', '4184', 'denied', '2020-10-5'),
('Nissa_Shontae06', '4184', 'sent', '2020-6-16'),
('Ellis_Eduardo71', '2405', 'review', '2020-6-16'),
('Whitney_Kaitlan42', '2405', 'sent', '2020-5-9'),
('Whitney_Kaitlan42', '3593', 'review', '2020-11-15'),
('Jovanna_Dustine63', '3593', 'denied', '2020-2-21'),
('Brittnye_Francesa14', '3593', 'sent', '2020-1-23'),
('Jairus_Karlis70', '3593', 'review', '2020-8-7'),
('Elton_Sarita79', '5253', 'sent', '2020-11-4'),
('Sindy_Arland93', '5253', 'denied', '2020-7-7'),
('Pamella_Dwanna88', '5253', 'sent', '2020-3-25'),
('Randel_Kristelle42', '5253', 'denied', '2020-3-22'),
('Prescott_Niasha52', '5253', 'review', '2020-8-22'),
('Tamika_Reneta27', '5253', 'hired', '2020-1-5'),
('Chontel_Yamil92', '5253', 'review', '2020-11-10'),
('Judea_Killian42', '3169', 'hired', '2020-10-26'),
('Whitney_Kaitlan42', '3169', 'sent', '2020-8-9'),
('Sherwin_Larie94', '3169', 'denied', '2020-8-3'),
('Thanh_Deara76', '3169', 'denied', '2020-8-17'),
('Fareed_Yona81', '3169', 'review', '2020-7-12'),
('Prescott_Niasha52', '3169', 'sent', '2020-5-22'),
('Kiffany_Delayna05', '3169', 'review', '2020-8-28'),
('Lenore_Lakeasha07', '3169', 'hired', '2020-5-2'),
('Imran_Romana64', '4505', 'review', '2020-11-7'),
('Kalynn_Ivelisse63', '4505', 'hired', '2020-10-27'),
('Barbarita_Akia34', '4505', 'review', '2020-8-7'),
('Kervin_Camdon36', '4505', 'hired', '2020-11-28'),
('Whitney_Kaitlan42', '4505', 'hired', '2020-3-6'),
('Keela_Sherissa19', '3955', 'review', '2020-12-15'),
('Drey_Asif64', '3955', 'sent', '2020-12-6'),
('Drusilla_Azim12', '3955', 'denied', '2020-3-25'),
('Judea_Killian42', '3955', 'hired', '2020-11-5'),
('Christobal_Mack27', '4828', 'review', '2020-9-21'),
('Jovanna_Dustine63', '4828', 'review', '2020-4-28'),
('Brannigan_Washington83', '4828', 'review', '2020-1-10'),
('Priti_Kania16', '4828', 'denied', '2020-8-9'),
('Baxter_Charleen16', '4828', 'hired', '2020-6-29'),
('Briar_Candy04', '4828', 'review', '2020-5-1'),
('Prescott_Niasha52', '4828', 'review', '2020-1-8'),
('Andrena_Katalina40', '4828', 'sent', '2020-11-29'),
('Geraldine_Aubra86', '3844', 'hired', '2020-8-26'),
('Shauntae_Gregorio69', '3844', 'hired', '2020-2-28'),
('Elton_Sarita79', '3844', 'denied', '2020-11-15'),
('Truman_Araina38', '3844', 'hired', '2020-10-25'),
('Lambert_Kenyona84', '3844', 'review', '2020-6-3'),
('Herschell_Aerial19', '3844', 'sent', '2020-1-11'),
('Frederico_Negin73', '3844', 'denied', '2020-2-9'),
('Whitney_Kaitlan42', '3844', 'review', '2020-7-3'),
('Emilyanne_Kristeena78', '5671', 'hired', '2020-12-13'),
('Ellis_Eduardo71', '5671', 'review', '2020-11-3'),
('Nakeisha_Jury40', '5671', 'hired', '2020-12-5'),
('Herschell_Aerial19', '5671', 'review', '2020-5-1'),
('Frederico_Negin73', '2770', 'hired', '2020-12-1'),
('Torrie_Raymund82', '2770', 'denied', '2020-8-7'),
('Pamella_Dwanna88', '2770', 'denied', '2020-5-16'),
('Kendahl_Klara08', '2770', 'hired', '2020-2-23'),
('Kalynn_Ivelisse63', '2770', 'review', '2020-8-24'),
('Jairus_Karlis70', '2770', 'denied', '2020-12-26'),
('Nissa_Shontae06', '3265', 'sent', '2020-1-22'),
('Catlin_Edelmiro70', '3265', 'review', '2020-3-14'),
('Barbarita_Akia34', '3265', 'sent', '2020-12-4'),
('Kawika_Nam72', '5529', 'denied', '2020-3-22'),
('Charli_Benedict31', '5529', 'review', '2020-9-16'),
('Darbi_Cieara66', '5529', 'hired', '2020-8-18'),
('Sadiyya_Mareshah90', '5139', 'denied', '2020-4-7'),
('Anda_Kyanna63', '5139', 'sent', '2020-8-1'),
('Charli_Benedict31', '5139', 'sent', '2020-3-9'),
('Shakeria_Migel22', '5139', 'review', '2020-9-6'),
('Fareed_Yona81', '5139', 'denied', '2020-9-17'),
('Jairus_Kema03', '5139', 'sent', '2020-12-8'),
('Catlin_Edelmiro70', '2057', 'review', '2020-3-1'),
('Geraldine_Aubra86', '2057', 'review', '2020-1-17'),
('Darshan_Charly50', '2057', 'denied', '2020-12-4'),
('Jairus_Kema03', '3845', 'review', '2020-2-8'),
('Kawika_Nam72', '3845', 'hired', '2020-1-17'),
('Randel_Kristelle42', '3845', 'hired', '2020-1-16'),
('Alejandra_Travon99', '3845', 'denied', '2020-10-21'),
('Juniper_Jawon09', '3845', 'sent', '2020-12-4'),
('Darrien_Selah59', '3845', 'sent', '2020-9-19'),
('Clarrissa_Sarita78', '3845', 'hired', '2020-9-4'),
('Laiza_Salena92', '4217', 'sent', '2020-7-2'),
('Dejaun_Linda53', '4217', 'review', '2020-3-27'),
('Lorenda_Chassie26', '5463', 'hired', '2020-12-7'),
('Bryden_Yosef34', '5463', 'denied', '2020-8-10'),
('Hallie_Salomon90', '4573', 'review', '2020-9-21'),
('Frederico_Negin73', '4573', 'review', '2020-4-10'),
('Zonia_Camilo59', '4573', 'review', '2020-12-6'),
('Keonia_Delia09', '4573', 'review', '2020-3-12'),
('Burl_Yvonne72', '4573', 'sent', '2020-10-4'),
('Zonia_Camilo59', '4413', 'denied', '2020-11-11'),
('Brannigan_Washington83', '4413', 'hired', '2020-2-20'),
('Sadiyya_Mareshah90', '4413', 'review', '2020-12-24'),
('Imran_Romana64', '4413', 'sent', '2020-6-8'),
('Chontel_Yamil92', '4413', 'sent', '2020-12-9'),
('Jawann_Huong58', '4413', 'review', '2020-8-3'),
('Jovanna_Dustine63', '4413', 'review', '2020-10-2'),
('Barbarita_Akia34', '2634', 'denied', '2020-11-2'),
('Lorenda_Chassie26', '2634', 'sent', '2020-11-21'),
('Charli_Benedict31', '2634', 'hired', '2020-9-7'),
('Jairus_Karlis70', '2634', 'sent', '2020-12-10'),
('Lashara_Daiana02', '2634', 'review', '2020-3-16'),
('Clarrissa_Sarita78', '2634', 'sent', '2020-4-9'),
('Catlin_Edelmiro70', '2634', 'sent', '2020-8-5'),
('Nakeisha_Jury40', '2634', 'hired', '2020-10-3'),
('Tyrik_Keylee65', '2634', 'denied', '2020-10-26'),
('Whitney_Kaitlan42', '5079', 'hired', '2020-8-15'),
('Ellis_Eduardo71', '5079', 'review', '2020-9-10'),
('Darrien_Selah59', '5079', 'review', '2020-5-12'),
('Burl_Yvonne72', '5079', 'sent', '2020-5-19'),
('Randel_Kristelle42', '1665', 'denied', '2020-4-24'),
('Antwonette_Sumner76', '1665', 'sent', '2020-12-22'),
('Mehgan_Pranay72', '1665', 'denied', '2020-1-11'),
('Frederico_Negin73', '1665', 'hired', '2020-6-28'),
('Imran_Romana64', '1665', 'sent', '2020-8-12'),
('Barbarita_Akia34', '5901', 'review', '2020-5-18'),
('Keonia_Delia09', '5901', 'denied', '2020-12-10'),
('Shauntae_Gregorio69', '5901', 'review', '2020-8-11'),
('Catlin_Edelmiro70', '5901', 'hired', '2020-3-29'),
('Brannigan_Washington83', '2745', 'hired', '2020-8-12'),
('Rashidah_Marinda03', '2745', 'hired', '2020-9-22'),
('Drey_Asif64', '2745', 'review', '2020-2-24'),
('Dejaun_Linda53', '2745', 'denied', '2020-7-29'),
('Bryden_Yosef34', '3113', 'sent', '2020-12-24'),
('Christobal_Mack27', '3113', 'sent', '2020-2-20'),
('Darshan_Charly50', '3113', 'review', '2020-6-23'),
('Matrice_Corene42', '3113', 'hired', '2020-3-21'),
('Baxter_Charleen16', '5224', 'sent', '2020-7-13'),
('Imran_Romana64', '5224', 'denied', '2020-10-17'),
('Alejandra_Travon99', '5224', 'hired', '2020-12-11'),
('Sadiyya_Mareshah90', '5224', 'hired', '2020-12-28'),
('Briar_Candy04', '5224', 'review', '2020-2-20'),
('Juante_Shamona04', '5224', 'sent', '2020-12-14'),
('Elton_Sarita79', '3293', 'hired', '2020-5-10'),
('Kawika_Nam72', '3293', 'denied', '2020-6-11'),
('Zed_Shianna44', '3293', 'review', '2020-11-25'),
('Clarrissa_Sarita78', '3293', 'hired', '2020-5-19'),
('Keri_Aniesha20', '3293', 'denied', '2020-1-24'),
('Truman_Araina38', '3293', 'sent', '2020-1-17'),
('Chontel_Yamil92', '3293', 'sent', '2020-4-14'),
('Lorenda_Chassie26', '4122', 'review', '2020-4-9'),
('Corianne_Ronaldo00', '4122', 'sent', '2020-8-16'),
('Tyria_Anntoinette91', '4122', 'denied', '2020-6-7'),
('Kevina_Cathern14', '4122', 'denied', '2020-4-29'),
('Nakeisha_Jury40', '4122', 'denied', '2020-1-3'),
('Mesha_Renelle44', '4122', 'denied', '2020-5-16'),
('Tamika_Reneta27', '4122', 'sent', '2020-9-26'),
('Mehgan_Pranay72', '4122', 'sent', '2020-7-26'),
('Thanh_Deara76', '4122', 'sent', '2020-9-24'),
('Dawyne_Vallerie27', '3280', 'denied', '2020-8-22'),
('Juante_Shamona04', '3280', 'hired', '2020-8-5'),
('Baxter_Charleen16', '3280', 'denied', '2020-10-16'),
('Mehgan_Pranay72', '3280', 'denied', '2020-8-16'),
('Fareed_Yona81', '3280', 'sent', '2020-7-10'),
('Dejaun_Linda53', '3280', 'sent', '2020-7-3'),
('Torrie_Raymund82', '3280', 'review', '2020-1-26'),
('Alejandra_Travon99', '3280', 'review', '2020-8-24'),
('Darrien_Selah59', '3280', 'denied', '2020-9-10'),
('Kevina_Cathern14', '4588', 'hired', '2020-6-27'),
('Jairus_Karlis70', '4588', 'review', '2020-1-13'),
('Drusilla_Azim12', '4588', 'denied', '2020-5-10'),
('Herschell_Aerial19', '4588', 'denied', '2020-12-13'),
('Priti_Kania16', '4588', 'review', '2020-2-25'),
('Chane_Lutisha14', '2678', 'sent', '2020-1-5'),
('Jawann_Huong58', '2678', 'review', '2020-12-8'),
('Corianne_Ronaldo00', '2678', 'denied', '2020-3-13'),
('Kalynn_Ivelisse63', '2678', 'hired', '2020-10-15'),
('Bryden_Yosef34', '5164', 'denied', '2020-11-11'),
('Torrie_Raymund82', '5164', 'review', '2020-8-1'),
('Nakeisha_Jury40', '5164', 'hired', '2020-4-3'),
('Kenon_Mallori18', '5164', 'hired', '2020-2-27'),
('Alejandra_Travon99', '5164', 'denied', '2020-6-6'),
('Tyria_Anntoinette91', '2691', 'review', '2020-7-4'),
('Nakeisha_Jury40', '2691', 'review', '2020-5-18'),
('Jawann_Huong58', '2691', 'denied', '2020-10-26'),
('Kiffany_Delayna05', '2691', 'hired', '2020-2-22'),
('Corianne_Ronaldo00', '2691', 'denied', '2020-10-20'),
('Kervin_Camdon36', '2691', 'denied', '2020-12-27'),
('Barbarita_Akia34', '2691', 'review', '2020-12-25'),
('Brannigan_Washington83', '2691', 'hired', '2020-5-20'),
('Carrera_Naguan33', '5605', 'hired', '2020-10-12'),
('Sherwin_Larie94', '5605', 'review', '2020-4-26'),
('Keri_Aniesha20', '5605', 'review', '2020-10-24'),
('Emilyanne_Kristeena78', '5605', 'review', '2020-11-19'),
('Hallie_Salomon90', '5605', 'sent', '2020-2-2'),
('Mesha_Renelle44', '5605', 'sent', '2020-12-19'),
('Kevina_Cathern14', '5605', 'hired', '2020-2-10'),
('Pamella_Dwanna88', '5605', 'review', '2020-11-22'),
('Priti_Kania16', '5605', 'hired', '2020-6-9'),
('Ayelet_Jerson06', '1017', 'review', '2020-1-12'),
('Lashara_Daiana02', '1017', 'sent', '2020-8-27'),
('Chane_Lutisha14', '1017', 'hired', '2020-7-16'),
('Shenica_Adian13', '1017', 'sent', '2020-8-24'),
('Ellis_Eduardo71', '1265', 'sent', '2020-2-10'),
('Laiza_Salena92', '1265', 'sent', '2020-4-21'),
('Zed_Shianna44', '1265', 'sent', '2020-4-25'),
('Burl_Yvonne72', '1265', 'sent', '2020-4-12'),
('Dawyne_Vallerie27', '1265', 'review', '2020-5-17'),
('Sherwin_Larie94', '1265', 'hired', '2020-6-2'),
('Antwonette_Sumner76', '1265', 'hired', '2020-11-1'),
('Akhil_Wm88', '1265', 'denied', '2020-6-3'),
('Charli_Benedict31', '4389', 'hired', '2020-7-18'),
('Chane_Lutisha14', '4389', 'sent', '2020-8-29'),
('Keela_Sherissa19', '4389', 'denied', '2020-12-24'),
('Elmore_Laura52', '4389', 'review', '2020-8-9'),
('Pamella_Dwanna88', '3636', 'sent', '2020-8-24'),
('Sherwin_Larie94', '3636', 'denied', '2020-3-5'),
('Sadiyya_Mareshah90', '3636', 'sent', '2020-10-2'),
('Juniper_Jawon09', '3636', 'denied', '2020-1-12'),
('Antwonette_Sumner76', '3636', 'denied', '2020-2-10'),
('Shakeria_Migel22', '3636', 'review', '2020-10-7'),
('Robet_Cynthia11', '3636', 'hired', '2020-3-10'),
('Zed_Shianna44', '2760', 'review', '2020-11-29'),
('Geraldine_Aubra86', '2760', 'sent', '2020-11-25'),
('Brittnye_Francesa14', '2760', 'review', '2020-6-27'),
('Torrie_Raymund82', '2760', 'review', '2020-12-1'),
('Taria_Yannick88', '1366', 'denied', '2020-5-6'),
('Tamika_Reneta27', '1366', 'sent', '2020-9-13'),
('Kiffany_Delayna05', '1366', 'review', '2020-2-8'),
('Elton_Sarita79', '1366', 'sent', '2020-9-14'),
('Dao_Noal68', '4735', 'denied', '2020-8-23'),
('Mehgan_Pranay72', '4735', 'denied', '2020-1-25'),
('Marka_Gonzalo02', '4735', 'review', '2020-5-27'),
('Fareed_Yona81', '4735', 'review', '2020-4-7'),
('Brannigan_Washington83', '4735', 'sent', '2020-10-4'),
('Kevina_Cathern14', '4735', 'review', '2020-9-22'),
('Shenica_Adian13', '4735', 'sent', '2020-11-12'),
('Hallie_Salomon90', '2487', 'review', '2020-5-6'),
('Taree_Joellen50', '2487', 'denied', '2020-5-24'),
('Jairus_Karlis70', '2487', 'hired', '2020-9-15'),
('Kalynn_Ivelisse63', '1034', 'sent', '2020-4-25'),
('Tamika_Reneta27', '1034', 'review', '2020-12-18'),
('Ellis_Eduardo71', '1034', 'sent', '2020-6-26'),
('Tyrik_Keylee65', '1034', 'hired', '2020-11-23'),
('Shakeria_Migel22', '1034', 'sent', '2020-3-14'),
('Denay_Dinero49', '1034', 'denied', '2020-9-3'),
('Nakeisha_Jury40', '1345', 'hired', '2020-5-11'),
('Keonia_Delia09', '1345', 'hired', '2020-9-5'),
('Jawann_Huong58', '1345', 'review', '2020-10-18'),
('Jairus_Kema03', '1345', 'sent', '2020-7-1'),
('Antwonette_Sumner76', '1345', 'hired', '2020-7-22'),
('Torrie_Raymund82', '1345', 'denied', '2020-9-9'),
('Clarrissa_Sarita78', '1345', 'denied', '2020-7-8'),
('Jovanna_Dustine63', '1345', 'sent', '2020-3-1'),
('Taria_Yannick88', '4442', 'review', '2020-4-13'),
('Akhil_Wm88', '4442', 'hired', '2020-8-20'),
('Dawyne_Vallerie27', '4442', 'sent', '2020-8-9'),
('Burl_Yvonne72', '5171', 'review', '2020-6-19'),
('Lashara_Daiana02', '5171', 'sent', '2020-12-24'),
('Herschell_Aerial19', '5171', 'review', '2020-4-29'),
('Hallie_Salomon90', '5171', 'denied', '2020-3-10'),
('Dao_Noal68', '5171', 'hired', '2020-1-27'),
('Kevina_Cathern14', '5171', 'sent', '2020-5-19'),
('Denay_Dinero49', '5171', 'sent', '2020-6-1'),
('Zed_Shianna44', '1835', 'hired', '2020-4-20'),
('Matrice_Corene42', '1835', 'hired', '2020-12-5'),
('Nakeisha_Jury40', '1835', 'hired', '2020-10-15'),
('Robet_Cynthia11', '1835', 'denied', '2020-3-16'),
('Kawika_Nam72', '1835', 'hired', '2020-8-25'),
('Bryden_Yosef34', '5295', 'sent', '2020-11-27'),
('Frederico_Negin73', '5295', 'review', '2020-2-8'),
('Darshan_Charly50', '5295', 'review', '2020-1-23'),
('Kervin_Camdon36', '5295', 'hired', '2020-7-4'),
('Elmore_Laura52', '5295', 'sent', '2020-11-27'),
('Kiffany_Delayna05', '5295', 'sent', '2020-9-3'),
('Alejandra_Travon99', '5295', 'denied', '2020-10-18'),
('Katiejo_Sommer20', '5295', 'hired', '2020-4-29'),
('Randel_Kristelle42', '2002', 'sent', '2020-6-9'),
('Elmore_Laura52', '2002', 'hired', '2020-11-17'),
('Nakeisha_Jury40', '2002', 'review', '2020-10-13'),
('Emilyanne_Kristeena78', '2002', 'denied', '2020-9-6'),
('Kenon_Mallori18', '2712', 'denied', '2020-1-3'),
('Robet_Cynthia11', '2712', 'review', '2020-8-19'),
('Akhil_Wm88', '2712', 'review', '2020-12-15'),
('Whitney_Kaitlan42', '2712', 'sent', '2020-3-9'),
('Kevina_Cathern14', '2712', 'sent', '2020-10-27'),
('Tyrik_Keylee65', '2712', 'hired', '2020-1-18'),
('Frederico_Negin73', '2712', 'denied', '2020-2-8'),
('Priti_Kania16', '2712', 'hired', '2020-1-9'),
('Taree_Joellen50', '2712', 'review', '2020-11-10'),
('Akhil_Wm88', '4081', 'sent', '2020-7-14'),
('Jawann_Huong58', '4081', 'denied', '2020-9-12'),
('Ellis_Eduardo71', '4081', 'hired', '2020-5-2'),
('Anda_Kyanna63', '4081', 'hired', '2020-6-7'),
('Whitney_Kaitlan42', '5780', 'review', '2020-10-20'),
('Ellis_Eduardo71', '5780', 'sent', '2020-4-11'),
('Kawika_Nam72', '5780', 'denied', '2020-5-2'),
('Emilyanne_Kristeena78', '5853', 'denied', '2020-4-19'),
('Lang_Thy43', '5853', 'denied', '2020-5-26'),
('Baxter_Charleen16', '4159', 'review', '2020-10-21'),
('Darbi_Cieara66', '4159', 'denied', '2020-11-10'),
('Robet_Cynthia11', '4159', 'review', '2020-12-12'),
('Randel_Kristelle42', '4159', 'hired', '2020-7-9'),
('Darshan_Charly50', '4159', 'review', '2020-11-21'),
('Kiffany_Delayna05', '1704', 'sent', '2020-4-13'),
('Kenon_Mallori18', '1704', 'denied', '2020-1-8'),
('Zed_Shianna44', '1704', 'review', '2020-2-10'),
('Prescott_Niasha52', '1704', 'review', '2020-3-27'),
('Torrie_Raymund82', '1704', 'denied', '2020-11-23'),
('Tyrik_Keylee65', '5723', 'denied', '2020-11-11'),
('Shakeria_Migel22', '5723', 'hired', '2020-3-13'),
('Jairus_Karlis70', '5723', 'denied', '2020-8-23'),
('Carrera_Naguan33', '5460', 'sent', '2020-12-28'),
('Truman_Araina38', '5460', 'sent', '2020-10-9'),
('Chontel_Yamil92', '5460', 'review', '2020-8-19'),
('Thanh_Deara76', '5460', 'hired', '2020-4-28'),
('Randel_Kristelle42', '5460', 'review', '2020-7-9'),
('Dao_Noal68', '5460', 'review', '2020-11-8'),
('Jairus_Kema03', '5460', 'denied', '2020-11-20'),
('Briar_Candy04', '5666', 'denied', '2020-9-11'),
('Judea_Killian42', '5666', 'sent', '2020-11-16'),
('Elmore_Laura52', '4699', 'denied', '2020-7-19'),
('Priti_Kania16', '4699', 'review', '2020-11-19'),
('Dao_Noal68', '4699', 'review', '2020-7-14'),
('Hallie_Salomon90', '4699', 'sent', '2020-6-15'),
('Randel_Kristelle42', '4699', 'hired', '2020-8-25'),
('Lang_Thy43', '4699', 'review', '2020-11-18'),
('Kenon_Mallori18', '4699', 'denied', '2020-5-23'),
('Marka_Gonzalo02', '5959', 'denied', '2020-2-21'),
('Lang_Thy43', '5959', 'review', '2020-12-3'),
('Darrien_Selah59', '5959', 'review', '2020-8-10'),
('Shauntae_Gregorio69', '5959', 'review', '2020-10-13'),
('Antwonette_Sumner76', '5959', 'hired', '2020-10-9'),
('Corianne_Ronaldo00', '5959', 'sent', '2020-2-6'),
('Imran_Romana64', '5959', 'hired', '2020-10-15'),
('Drey_Asif64', '5959', 'denied', '2020-6-7'),
('Corianne_Ronaldo00', '5697', 'hired', '2020-7-18'),
('Sadiyya_Mareshah90', '5697', 'hired', '2020-7-26'),
('Drey_Asif64', '5697', 'denied', '2020-2-29'),
('Alida_Molly79', '5697', 'denied', '2020-4-18'),
('Barbarita_Akia34', '5697', 'hired', '2020-12-22'),
('Shakeria_Migel22', '5697', 'denied', '2020-4-8'),
('Carrera_Naguan33', '5218', 'denied', '2020-5-11'),
('Andrena_Katalina40', '5218', 'sent', '2020-2-23'),
('Briar_Candy04', '5218', 'review', '2020-6-21'),
('Burl_Yvonne72', '3311', 'review', '2020-11-17'),
('Phuoc_Halee54', '3311', 'sent', '2020-10-11'),
('Sadiyya_Mareshah90', '5526', 'review', '2020-2-4'),
('Jovanna_Dustine63', '5526', 'sent', '2020-11-29'),
('Lang_Thy43', '5526', 'review', '2020-11-12'),
('Zed_Shianna44', '5526', 'denied', '2020-11-25'),
('Anais_Herminia05', '5526', 'review', '2020-5-18'),
('Drusilla_Azim12', '5526', 'sent', '2020-11-4'),
('Torrie_Raymund82', '5526', 'sent', '2020-4-23'),
('Randel_Kristelle42', '5526', 'hired', '2020-10-25'),
('Judea_Killian42', '1560', 'denied', '2020-7-6'),
('Ellis_Eduardo71', '1560', 'review', '2020-5-24'),
('Denay_Dinero49', '1560', 'hired', '2020-3-28'),
('Priti_Kania16', '1560', 'sent', '2020-8-18'),
('Darshan_Charly50', '1560', 'hired', '2020-10-18'),
('Fareed_Yona81', '1560', 'review', '2020-9-15'),
('Drusilla_Azim12', '3431', 'hired', '2020-7-17'),
('Dawyne_Vallerie27', '3431', 'sent', '2020-12-20'),
('Jovanna_Dustine63', '3431', 'hired', '2020-3-23'),
('Matrice_Corene42', '3431', 'review', '2020-12-21'),
('Dejaun_Linda53', '3431', 'review', '2020-10-9'),
('Chane_Lutisha14', '3431', 'sent', '2020-8-14'),
('Kevina_Cathern14', '3431', 'denied', '2020-1-6'),
('Kervin_Camdon36', '5743', 'denied', '2020-1-20'),
('Shakeria_Migel22', '5743', 'denied', '2020-2-22'),
('Lashara_Daiana02', '5743', 'hired', '2020-11-27'),
('Nissa_Shontae06', '5743', 'review', '2020-2-24'),
('Fareed_Yona81', '5743', 'denied', '2020-12-28'),
('Burl_Yvonne72', '4216', 'denied', '2020-12-15'),
('Dawyne_Vallerie27', '4216', 'review', '2020-12-23'),
('Kalynn_Ivelisse63', '4216', 'denied', '2020-6-2'),
('Priti_Kania16', '4216', 'sent', '2020-11-2'),
('Anda_Kyanna63', '4216', 'denied', '2020-8-6'),
('Jovanna_Dustine63', '4466', 'review', '2020-7-17'),
('Shakeria_Migel22', '4466', 'sent', '2020-3-19'),
('Priti_Kania16', '4466', 'denied', '2020-5-24'),
('Chane_Lutisha14', '4466', 'denied', '2020-6-13'),
('Catlin_Edelmiro70', '4466', 'sent', '2020-3-11');

DELETE FROM EmployerCC;
INSERT INTO EmployerCC(EmployerUserName, CCNumber)
VALUES ('Korena_Teyana87', '0870444438171586'),
('Korena_Teyana87', '2218592716807917'),
('Korena_Teyana87', '6430445408502777'),
('Maleaha_Rubie44', '6922767320854627'),
('Ossie_Tavarus92', '9998971383473415'),
('Raul_Sherwin45', '4976430218010532'),
('Recardo_Tierica66', '5434744339304008'),
('Recardo_Tierica66', '6315437578883169'),
('Vannary_Antwone31', '9535137740633566'),
('Mahina_Scarlet90', '7071845427276121'),
('Damarius_Sacheen62', '8419314639504457'),
('Damarius_Sacheen62', '5379488224739425'),
('Ahsley_Johann38', '9322937858139156'),
('Ahsley_Johann38', '6695087874773393'),
('Ivania_Mack60', '4542765793386097'),
('Ivania_Mack60', '2105261044394776'),
('Ivania_Mack60', '2466831312929045'),
('Teniqua_Cj48', '5304822218045451'),
('Teniqua_Cj48', '1429377659862772'),
('Teniqua_Cj48', '1882772084580732'),
('Jonthan_Ina79', '9195896033921117'),
('Jonthan_Ina79', '4694672374214031'),
('Deontae_Corneisha73', '7017141871674513'),
('Tranise_Johnatan03', '5398248026876346'),
('Tranise_Johnatan03', '4306727302769615'),
('Tranise_Johnatan03', '2131363682373526'),
('Tranise_Johnatan03', '4608587886257763'),
('Zacharia_Sharene45', '0520535284827353'),
('Zacharia_Sharene45', '4883987069253613'),
('Traver_Elizabethanne81', '5490797306421281'),
('Jacquelynne_Traveon01', '5536091670754826'),
('Jacquelynne_Traveon01', '0899477877933277'),
('Jacquelynne_Traveon01', '0895811069601597'),
('Jacquelynne_Traveon01', '5089620113913549'),
('Hope_Trapper74', '1428677057403512'),
('Hope_Trapper74', '6901620281567451'),
('Lashawnta_Davan81', '6104218856308792'),
('Lashawnta_Davan81', '1302649545887643'),
('Lashawnta_Davan81', '4628276941031238'),
('Venancio_Brooklin04', '6040607331697186'),
('Venancio_Brooklin04', '9206160175580860'),
('Venancio_Brooklin04', '3637020265316328'),
('Quentina_Mitcheal82', '7104673852881811'),
('Urias_Eboney33', '1370481308510674'),
('Urias_Eboney33', '7025415614760225'),
('Urias_Eboney33', '7390111656400177'),
('Bahar_Maceo74', '4719074442536837'),
('Bahar_Maceo74', '1323230493142125'),
('Bahar_Maceo74', '7548727425957978'),
('Johnie_Tomekia63', '1480647469273640'),
('Darral_Alicyn62', '2544526716086723'),
('Darral_Alicyn62', '9004713816084632'),
('Darral_Alicyn62', '7145203611015431'),
('Tiwana_Conway76', '8859652096440098'),
('Jermario_Fiorella26', '5229999117379128'),
('Jermario_Fiorella26', '3993576819715184'),
('Jermario_Fiorella26', '8242124769840246'),
('Jermario_Fiorella26', '9886188445012938'),
('Lashawnta_Danell78', '9460255255864116'),
('Lashawnta_Danell78', '2581413443448581'),
('Nicholas_Shawnetta37', '8622698902918055'),
('Nicholas_Shawnetta37', '2757272984469990'),
('Nicholas_Shawnetta37', '3458281504357910'),
('Nicholas_Shawnetta37', '0995367407896842'),
('Kongmeng_Kema51', '1281387275785273'),
('Chaka_Donn43', '5845057781658910'),
('Chaka_Donn43', '4329723049392021'),
('Jamecia_Tabbatha29', '0053204209539245'),
('Jamecia_Tabbatha29', '8991431059679183'),
('Jamecia_Tabbatha29', '7935389926860038'),
('Nely_Christiann59', '1211806338161642'),
('Nely_Christiann59', '0699242700856260'),
('Nely_Christiann59', '9022015645865418'),
('Nely_Christiann59', '7661030344006191'),
('Damien_Emelia95', '1575578046345368'),
('Damien_Emelia95', '6833346355637143'),
('Danica_Ilona89', '4495773512828980'),
('Danica_Ilona89', '1055769586137593'),
('Adrew_Kiwana91', '1118280919345074'),
('Lavina_Brittnie42', '3363532882021037'),
('Lavina_Brittnie42', '8106140128525049'),
('Carmel_Kelechi67', '9713254636763135'),
('Carmel_Kelechi67', '2852390861219662'),
('Carmel_Kelechi67', '6545251071026983'),
('Carmel_Kelechi67', '0699097748448938'),
('Manu_Laquiesha41', '5466532766522043'),
('Manu_Laquiesha41', '6366347050906856'),
('Manu_Laquiesha41', '3638500445172492'),
('Manu_Laquiesha41', '3415169602752599'),
('Dirk_Raymone10', '9619024503759998'),
('Dirk_Raymone10', '6439398179233394'),
('Dirk_Raymone10', '1653237609106217'),
('Desarae_Clarinda94', '5531109514004227'),
('Desarae_Clarinda94', '7548978881910309'),
('Desarae_Clarinda94', '1109623166583278'),
('Desarae_Clarinda94', '3992849323918843'),
('Valorie_Bobbiesue66', '5973780404257138'),
('Valorie_Bobbiesue66', '7692004225927072'),
('Valorie_Bobbiesue66', '8773561421186016'),
('Lakeish_Oscar02', '4635042123166133'),
('Lakeish_Oscar02', '0513231407183179'),
('Lakeish_Oscar02', '7041254660572676'),
('Lakeish_Oscar02', '2659025883849645'),
('Maylynn_Emilia45', '4711677745443740'),
('Maylynn_Emilia45', '5092681873464563'),
('Martina_Cordale40', '4368037025304304'),
('Martina_Cordale40', '2857875996408910'),
('Martina_Cordale40', '9608350789995960'),
('Cabrina_Lanard02', '3788217880189411'),
('Cabrina_Lanard02', '7514674092838548'),
('Britt_Hollis70', '4181180638198072'),
('Britt_Hollis70', '2848363380553350'),
('Britt_Hollis70', '6405643122442295'),
('Lakeya_Sherrill13', '0264793711319584'),
('Naim_Tashunda67', '4594013034554785'),
('Francesco_Makeia28', '0995958285127152'),
('Francesco_Makeia28', '3377742345118351'),
('Francesco_Makeia28', '7442198401128340'),
('Francesco_Makeia28', '5368346250948090');

DELETE FROM EmployerPAD;
INSERT INTO EmployerPAD(EmployerUserName, AccountNumber)
VALUES ('Korena_Teyana87', '0903765'),
('Korena_Teyana87', '1173715'),
('Maleaha_Rubie44', '8498489'),
('Maleaha_Rubie44', '6224559'),
('Ossie_Tavarus92', '3131910'),
('Ossie_Tavarus92', '5771769'),
('Ossie_Tavarus92', '9532493'),
('Ossie_Tavarus92', '9421609'),
('Raul_Sherwin45', '9189378'),
('Raul_Sherwin45', '3880343'),
('Raul_Sherwin45', '2713605'),
('Recardo_Tierica66', '4588205'),
('Vannary_Antwone31', '9281918'),
('Mahina_Scarlet90', '0088513'),
('Mahina_Scarlet90', '8880379'),
('Mahina_Scarlet90', '6819937'),
('Damarius_Sacheen62', '9566868'),
('Damarius_Sacheen62', '0562299'),
('Damarius_Sacheen62', '6111325'),
('Ahsley_Johann38', '4813956'),
('Ivania_Mack60', '0983093'),
('Ivania_Mack60', '3671939'),
('Ivania_Mack60', '9107818'),
('Ivania_Mack60', '2433174'),
('Teniqua_Cj48', '2818989'),
('Teniqua_Cj48', '1731495'),
('Teniqua_Cj48', '9108940'),
('Teniqua_Cj48', '4333657'),
('Jonthan_Ina79', '4145410'),
('Deontae_Corneisha73', '5345050'),
('Deontae_Corneisha73', '3959099'),
('Deontae_Corneisha73', '0564935'),
('Tranise_Johnatan03', '5130850'),
('Tranise_Johnatan03', '3644621'),
('Tranise_Johnatan03', '4359293'),
('Zacharia_Sharene45', '1689901'),
('Zacharia_Sharene45', '1818997'),
('Traver_Elizabethanne81', '8615421'),
('Traver_Elizabethanne81', '7868326'),
('Traver_Elizabethanne81', '7992210'),
('Traver_Elizabethanne81', '2458819'),
('Jacquelynne_Traveon01', '0609238'),
('Jacquelynne_Traveon01', '6189954'),
('Jacquelynne_Traveon01', '3728770'),
('Jacquelynne_Traveon01', '1048095'),
('Hope_Trapper74', '5608343'),
('Lashawnta_Davan81', '3435829'),
('Lashawnta_Davan81', '0562869'),
('Venancio_Brooklin04', '5748153'),
('Quentina_Mitcheal82', '7711843'),
('Quentina_Mitcheal82', '1557458'),
('Urias_Eboney33', '8126359'),
('Urias_Eboney33', '9728355'),
('Urias_Eboney33', '5624222'),
('Bahar_Maceo74', '5981503'),
('Johnie_Tomekia63', '5958388'),
('Darral_Alicyn62', '3084784'),
('Darral_Alicyn62', '0584329'),
('Darral_Alicyn62', '5198206'),
('Tiwana_Conway76', '3222014'),
('Jermario_Fiorella26', '9622524'),
('Jermario_Fiorella26', '4781300'),
('Lashawnta_Danell78', '9002689'),
('Lashawnta_Danell78', '3953583'),
('Lashawnta_Danell78', '2232099'),
('Lashawnta_Danell78', '4948922'),
('Nicholas_Shawnetta37', '8494687'),
('Nicholas_Shawnetta37', '6342432'),
('Kongmeng_Kema51', '6017989'),
('Kongmeng_Kema51', '7779783'),
('Chaka_Donn43', '3223486'),
('Chaka_Donn43', '7277611'),
('Jamecia_Tabbatha29', '4893616'),
('Nely_Christiann59', '7170717'),
('Damien_Emelia95', '2606807'),
('Danica_Ilona89', '1307444'),
('Danica_Ilona89', '1036506'),
('Danica_Ilona89', '9520832'),
('Danica_Ilona89', '4306357'),
('Adrew_Kiwana91', '7680836'),
('Adrew_Kiwana91', '2329160'),
('Adrew_Kiwana91', '1870555'),
('Adrew_Kiwana91', '3531346'),
('Lavina_Brittnie42', '9638608'),
('Lavina_Brittnie42', '4752240'),
('Carmel_Kelechi67', '3988352'),
('Manu_Laquiesha41', '6069566'),
('Manu_Laquiesha41', '8143807'),
('Dirk_Raymone10', '6867329'),
('Dirk_Raymone10', '7814759'),
('Desarae_Clarinda94', '0150923'),
('Valorie_Bobbiesue66', '4059048'),
('Valorie_Bobbiesue66', '5391099'),
('Lakeish_Oscar02', '6928191'),
('Maylynn_Emilia45', '9782084'),
('Martina_Cordale40', '5244912'),
('Martina_Cordale40', '9866271'),
('Cabrina_Lanard02', '7958181'),
('Cabrina_Lanard02', '3283688'),
('Cabrina_Lanard02', '8161555'),
('Britt_Hollis70', '1034725'),
('Lakeya_Sherrill13', '2999408'),
('Lakeya_Sherrill13', '6515560'),
('Lakeya_Sherrill13', '3551843'),
('Lakeya_Sherrill13', '8687114'),
('Naim_Tashunda67', '6633075'),
('Francesco_Makeia28', '1096573'),
('Francesco_Makeia28', '5872660');

DELETE FROM ApplicantCC;
INSERT INTO ApplicantCC(ApplicantUserName, CCNumber)
VALUES ('Drey_Asif64', '6451045144232674'),
('Drey_Asif64', '5316274880372227'),
('Drey_Asif64', '6313984638709134'),
('Anda_Kyanna63', '0144987159809605'),
('Anda_Kyanna63', '3082177811745272'),
('Anda_Kyanna63', '9399990342012046'),
('Brittnye_Francesa14', '4778131265476702'),
('Iisha_Demetri54', '3004680156350613'),
('Rashidah_Marinda03', '6122953846034563'),
('Rashidah_Marinda03', '4966881176763342'),
('Rashidah_Marinda03', '4875333618990219'),
('Rashidah_Marinda03', '6816027444304914'),
('Prescott_Niasha52', '7527475031648181'),
('Prescott_Niasha52', '5145249715950553'),
('Keela_Sherissa19', '2642596597730468'),
('Keela_Sherissa19', '5085195748711642'),
('Denay_Dinero49', '2698083115620019'),
('Taree_Joellen50', '0758941286412356'),
('Taree_Joellen50', '0420793121301954'),
('Taree_Joellen50', '7544428225686138'),
('Randel_Kristelle42', '4064556402948915'),
('Randel_Kristelle42', '7902925808706213'),
('Randel_Kristelle42', '4412390392589042'),
('Randel_Kristelle42', '1219169213919016'),
('Imran_Romana64', '5952825087353330'),
('Darrien_Selah59', '5587998668643924'),
('Chontel_Yamil92', '8490985454606347'),
('Chontel_Yamil92', '6211736539625697'),
('Chontel_Yamil92', '2931701821032496'),
('Chontel_Yamil92', '4673788824023881'),
('Jairus_Kema03', '5879276940554708'),
('Jairus_Kema03', '4777363562612945'),
('Shenica_Adian13', '4395167456819572'),
('Shenica_Adian13', '3500137404877033'),
('Robet_Cynthia11', '9846203280015615'),
('Barbarita_Akia34', '3819294319477266'),
('Barbarita_Akia34', '8179250205821857'),
('Barbarita_Akia34', '7077017872055625'),
('Barbarita_Akia34', '7990582449043857'),
('Kiffany_Delayna05', '3859367115391564'),
('Kiffany_Delayna05', '0338881267431874'),
('Kiffany_Delayna05', '9897208555461627'),
('Kervin_Camdon36', '8353966899729819'),
('Kervin_Camdon36', '3556132122215796'),
('Kervin_Camdon36', '5511009961705468'),
('Kervin_Camdon36', '8935320679816531'),
('Emilyanne_Kristeena78', '9688753207959539'),
('Emilyanne_Kristeena78', '3913808604809463'),
('Ellis_Eduardo71', '6525036779095960'),
('Ellis_Eduardo71', '1015726459563152'),
('Ellis_Eduardo71', '7247596889152437'),
('Kalynn_Ivelisse63', '8600417094621767'),
('Kalynn_Ivelisse63', '0343908425559101'),
('Kalynn_Ivelisse63', '9196283974599182'),
('Kalynn_Ivelisse63', '6368165233133223'),
('Catlin_Edelmiro70', '8010383235937176'),
('Akhil_Wm88', '2124313756876168'),
('Akhil_Wm88', '7537585416760397'),
('Fareed_Yona81', '8748013125982314'),
('Fareed_Yona81', '2094080864099678'),
('Fareed_Yona81', '9451328601474853'),
('Bryden_Yosef34', '7078740298875596'),
('Bryden_Yosef34', '1685928591344172'),
('Kendahl_Klara08', '2688705847939021'),
('Alida_Molly79', '8210048568415379'),
('Alida_Molly79', '2041480292866076'),
('Alida_Molly79', '5151424779362038'),
('Alida_Molly79', '3218248589601523'),
('Juniper_Jawon09', '8412344357443165'),
('Jovanna_Dustine63', '9069762005127400'),
('Jovanna_Dustine63', '7443756890478126'),
('Jovanna_Dustine63', '3725720706507455'),
('Zed_Shianna44', '9653833090024215'),
('Zed_Shianna44', '7884538976810118'),
('Hallie_Salomon90', '5369993188367688'),
('Hallie_Salomon90', '3302858610852203'),
('Hallie_Salomon90', '1022583892681080'),
('Hallie_Salomon90', '9304439557001607'),
('Katiejo_Sommer20', '3970361759973748'),
('Whitney_Kaitlan42', '6959680426891163'),
('Whitney_Kaitlan42', '5774759963011389'),
('Whitney_Kaitlan42', '6978178873329135'),
('Whitney_Kaitlan42', '6324504744232357'),
('Elmore_Laura52', '2169615133808097'),
('Elmore_Laura52', '6394254980614728'),
('Elmore_Laura52', '3432930005566248'),
('Elmore_Laura52', '2014559669822508'),
('Burl_Yvonne72', '8220710473216836'),
('Burl_Yvonne72', '7990481314417976'),
('Burl_Yvonne72', '8119482800230766'),
('Lang_Thy43', '1830300853725337'),
('Lang_Thy43', '8435915293013296'),
('Lang_Thy43', '8024352604853654'),
('Lang_Thy43', '9306469306739775'),
('Dao_Noal68', '7696792067796977'),
('Dao_Noal68', '7552994253788238'),
('Dao_Noal68', '1981640907050027'),
('Kawika_Nam72', '9748546746208276'),
('Kawika_Nam72', '5037692598415109'),
('Kawika_Nam72', '3107684722643255'),
('Kawika_Nam72', '7623305129230740'),
('Christobal_Mack27', '4189430186587385'),
('Ayelet_Jerson06', '0448529716894623'),
('Ayelet_Jerson06', '5905982032356798'),
('Ayelet_Jerson06', '3689521737170514'),
('Ayelet_Jerson06', '8136113999583606'),
('Shakeria_Migel22', '6297146628883858'),
('Shakeria_Migel22', '4613045791438522'),
('Shakeria_Migel22', '4996768879911987'),
('Taria_Yannick88', '9114124350064103'),
('Taria_Yannick88', '9732974749061970'),
('Priti_Kania16', '3510652998064534'),
('Priti_Kania16', '7302489330157941'),
('Priti_Kania16', '0738416667531175'),
('Priti_Kania16', '1230763133969764'),
('Elton_Sarita79', '4146144417119864'),
('Lenore_Lakeasha07', '5615879600915230'),
('Lenore_Lakeasha07', '3070515684803602'),
('Judea_Killian42', '5557359731846170'),
('Truman_Araina38', '7313692356432011'),
('Truman_Araina38', '7626009225625357'),
('Torrie_Raymund82', '4678348055076008'),
('Torrie_Raymund82', '2712905956074047'),
('Laiza_Salena92', '7453739419934095'),
('Jawann_Huong58', '1851408122803431'),
('Jawann_Huong58', '6887273052227805'),
('Jawann_Huong58', '5236516898869973'),
('Charli_Benedict31', '3011625288332276'),
('Charli_Benedict31', '3554100053019435'),
('Charli_Benedict31', '9501334590842281'),
('Briar_Candy04', '8794823992541783'),
('Tyria_Anntoinette91', '0911834691025816'),
('Tyria_Anntoinette91', '6132410084676857'),
('Tyria_Anntoinette91', '1959954382024159'),
('Darshan_Charly50', '1722943487447737'),
('Herschell_Aerial19', '8700408331664791'),
('Tamika_Reneta27', '2953888634180632'),
('Tamika_Reneta27', '0072823481834605'),
('Tamika_Reneta27', '6646696997035680'),
('Chane_Lutisha14', '8338145310362079'),
('Chane_Lutisha14', '5437469193516896'),
('Chane_Lutisha14', '1403969771862703'),
('Chane_Lutisha14', '4057695772861518'),
('Tyrik_Keylee65', '0748057227772798'),
('Nissa_Shontae06', '8262742897955881'),
('Nissa_Shontae06', '7753421426406102'),
('Nissa_Shontae06', '2580200383318057'),
('Nissa_Shontae06', '8333118877903227'),
('Geraldine_Aubra86', '7098912118847408'),
('Geraldine_Aubra86', '8355022435552720'),
('Geraldine_Aubra86', '6987000145955772'),
('Kenon_Mallori18', '6415247259236886'),
('Kenon_Mallori18', '4681640722887005'),
('Kenon_Mallori18', '4186807448677024'),
('Andrena_Katalina40', '2350747900192678'),
('Andrena_Katalina40', '2633760638864702'),
('Andrena_Katalina40', '8466308307397560'),
('Andrena_Katalina40', '6622458110711576'),
('Marka_Gonzalo02', '7005454498965884'),
('Marka_Gonzalo02', '8827854405623301'),
('Marka_Gonzalo02', '0215520624482721'),
('Thanh_Deara76', '7912704357366492'),
('Thanh_Deara76', '5014062509140320'),
('Thanh_Deara76', '5235518950943990'),
('Baxter_Charleen16', '7973632059016909'),
('Lorenda_Chassie26', '0702047822096488'),
('Lorenda_Chassie26', '2706929899401566'),
('Mesha_Renelle44', '3127725067180207'),
('Mesha_Renelle44', '7521955279497897'),
('Mesha_Renelle44', '7081882814520848'),
('Mesha_Renelle44', '6687455751089725'),
('Jairus_Karlis70', '1021562611771289'),
('Jairus_Karlis70', '9431259387499169'),
('Sadiyya_Mareshah90', '7196484161642046'),
('Sadiyya_Mareshah90', '2526081030691349'),
('Sadiyya_Mareshah90', '2491744898704826'),
('Sadiyya_Mareshah90', '7430585269700887'),
('Mehgan_Pranay72', '0822762086600109'),
('Mehgan_Pranay72', '2785145093944988'),
('Frederico_Negin73', '9072035090424834'),
('Frederico_Negin73', '0335785153656868'),
('Frederico_Negin73', '2443844718135105'),
('Frederico_Negin73', '0697444195911191'),
('Zonia_Camilo59', '1555571680157438'),
('Phuoc_Halee54', '9666648846370413'),
('Juante_Shamona04', '0538267574492240'),
('Kevina_Cathern14', '9296391465792070'),
('Kevina_Cathern14', '3859044219783192'),
('Darbi_Cieara66', '7123862842372401'),
('Pamella_Dwanna88', '5328952442503761'),
('Pamella_Dwanna88', '7260426542158033'),
('Pamella_Dwanna88', '0225881932860469'),
('Pamella_Dwanna88', '4791171659376747'),
('Shemika_Minna54', '8913234456675673'),
('Shemika_Minna54', '1198809719744734'),
('Shemika_Minna54', '8803704388576928'),
('Shemika_Minna54', '4448768465942932'),
('Shauntae_Gregorio69', '3776759059121915'),
('Shauntae_Gregorio69', '2288732164760948'),
('Shauntae_Gregorio69', '4369586565953948'),
('Antwonette_Sumner76', '2478342503298718'),
('Antwonette_Sumner76', '1461274911046969'),
('Antwonette_Sumner76', '0709829436185510'),
('Matrice_Corene42', '3819661444522625'),
('Matrice_Corene42', '1255158750452902'),
('Clarrissa_Sarita78', '9486970242763507'),
('Clarrissa_Sarita78', '2339308094067073'),
('Anais_Herminia05', '8293663704606417'),
('Anais_Herminia05', '4912965816733523'),
('Anais_Herminia05', '8432269644994569'),
('Anais_Herminia05', '0483482168843710'),
('Dejaun_Linda53', '8095123621323143'),
('Dejaun_Linda53', '9947383732032695'),
('Dejaun_Linda53', '3114536430814951'),
('Dejaun_Linda53', '2804739495036638'),
('Sherwin_Larie94', '6041311091705215'),
('Drusilla_Azim12', '2524819773424424'),
('Carrera_Naguan33', '7487772460556529'),
('Keri_Aniesha20', '2766116664677342'),
('Keri_Aniesha20', '2384596864043146'),
('Keri_Aniesha20', '4757290632052865'),
('Brannigan_Washington83', '5375053077759896'),
('Brannigan_Washington83', '8933076541374804'),
('Brannigan_Washington83', '5735882785375700'),
('Brannigan_Washington83', '1635432480287107'),
('Keonia_Delia09', '8199912961448680'),
('Lashara_Daiana02', '5364631036170974'),
('Lashara_Daiana02', '3755667399108616'),
('Kallen_Ellise30', '6938049466016107'),
('Kallen_Ellise30', '9500469104411785'),
('Kallen_Ellise30', '7540736263837950'),
('Dawyne_Vallerie27', '1158075359298980'),
('Dawyne_Vallerie27', '1882911448917712'),
('Lamaar_Jaquelynn68', '1369860352156868'),
('Lamaar_Jaquelynn68', '5399515754394024'),
('Lamaar_Jaquelynn68', '5193138742058165'),
('Lamaar_Jaquelynn68', '7820157564916159'),
('Lambert_Kenyona84', '6204717956418952'),
('Lambert_Kenyona84', '0649538084920692'),
('Lambert_Kenyona84', '0137642255200917'),
('Lambert_Kenyona84', '0746253405871974'),
('Nakeisha_Jury40', '5592579856184250'),
('Nakeisha_Jury40', '0392671500626976'),
('Corianne_Ronaldo00', '4897457960191700'),
('Sindy_Arland93', '5842552275544943'),
('Sindy_Arland93', '0837509807032767'),
('Sindy_Arland93', '9779160291130537'),
('Alejandra_Travon99', '0880867165748512'),
('Alejandra_Travon99', '9431457597319988'),
('Alejandra_Travon99', '5979059726487074');

DELETE FROM ApplicantPAD;
INSERT INTO ApplicantPAD(ApplicantUserName, AccountNumber)
VALUES ('Drey_Asif64', '4035325'),
('Drey_Asif64', '5158389'),
('Anda_Kyanna63', '4001994'),
('Anda_Kyanna63', '4443691'),
('Brittnye_Francesa14', '3408058'),
('Brittnye_Francesa14', '0176133'),
('Iisha_Demetri54', '8232514'),
('Iisha_Demetri54', '5893833'),
('Rashidah_Marinda03', '6863092'),
('Prescott_Niasha52', '8510379'),
('Keela_Sherissa19', '5129003'),
('Keela_Sherissa19', '0923976'),
('Keela_Sherissa19', '6081529'),
('Keela_Sherissa19', '7641640'),
('Denay_Dinero49', '9128583'),
('Denay_Dinero49', '0098623'),
('Taree_Joellen50', '1221911'),
('Randel_Kristelle42', '7786751'),
('Randel_Kristelle42', '2426273'),
('Randel_Kristelle42', '4565215'),
('Randel_Kristelle42', '7671106'),
('Imran_Romana64', '1560483'),
('Imran_Romana64', '8644892'),
('Imran_Romana64', '2907113'),
('Darrien_Selah59', '6396410'),
('Chontel_Yamil92', '2097504'),
('Chontel_Yamil92', '7912509'),
('Jairus_Kema03', '0056940'),
('Jairus_Kema03', '0247729'),
('Shenica_Adian13', '4024076'),
('Shenica_Adian13', '4321871'),
('Shenica_Adian13', '4904871'),
('Shenica_Adian13', '8729032'),
('Robet_Cynthia11', '6769511'),
('Robet_Cynthia11', '4164436'),
('Robet_Cynthia11', '1232549'),
('Barbarita_Akia34', '6111200'),
('Kiffany_Delayna05', '1121260'),
('Kiffany_Delayna05', '8318299'),
('Kiffany_Delayna05', '2427574'),
('Kiffany_Delayna05', '8736912'),
('Kervin_Camdon36', '6255417'),
('Emilyanne_Kristeena78', '9098237'),
('Emilyanne_Kristeena78', '8660090'),
('Emilyanne_Kristeena78', '9298508'),
('Emilyanne_Kristeena78', '6735081'),
('Ellis_Eduardo71', '1762253'),
('Ellis_Eduardo71', '4747749'),
('Ellis_Eduardo71', '3847512'),
('Kalynn_Ivelisse63', '5594874'),
('Catlin_Edelmiro70', '3091425'),
('Catlin_Edelmiro70', '9648608'),
('Catlin_Edelmiro70', '7529797'),
('Catlin_Edelmiro70', '7691551'),
('Akhil_Wm88', '5160027'),
('Akhil_Wm88', '6064871'),
('Akhil_Wm88', '3878006'),
('Akhil_Wm88', '9324893'),
('Fareed_Yona81', '6328481'),
('Bryden_Yosef34', '9666454'),
('Bryden_Yosef34', '8826616'),
('Bryden_Yosef34', '2809400'),
('Bryden_Yosef34', '7128197'),
('Kendahl_Klara08', '3177263'),
('Alida_Molly79', '3909088'),
('Juniper_Jawon09', '4610716'),
('Jovanna_Dustine63', '9386088'),
('Jovanna_Dustine63', '8054490'),
('Jovanna_Dustine63', '5126429'),
('Zed_Shianna44', '0408290'),
('Zed_Shianna44', '0225579'),
('Zed_Shianna44', '3100764'),
('Zed_Shianna44', '9260696'),
('Hallie_Salomon90', '9158725'),
('Hallie_Salomon90', '9518401'),
('Hallie_Salomon90', '2798561'),
('Katiejo_Sommer20', '0319190'),
('Katiejo_Sommer20', '3021271'),
('Whitney_Kaitlan42', '1475264'),
('Whitney_Kaitlan42', '0613323'),
('Whitney_Kaitlan42', '7996808'),
('Elmore_Laura52', '0989427'),
('Burl_Yvonne72', '6208711'),
('Burl_Yvonne72', '4144476'),
('Burl_Yvonne72', '4139130'),
('Burl_Yvonne72', '0394600'),
('Lang_Thy43', '3043953'),
('Lang_Thy43', '1823894'),
('Dao_Noal68', '3960288'),
('Dao_Noal68', '4996612'),
('Kawika_Nam72', '0868796'),
('Kawika_Nam72', '3257499'),
('Kawika_Nam72', '5575057'),
('Christobal_Mack27', '3059484'),
('Christobal_Mack27', '8235764'),
('Christobal_Mack27', '5582102'),
('Christobal_Mack27', '6789528'),
('Ayelet_Jerson06', '9218176'),
('Shakeria_Migel22', '0438582'),
('Taria_Yannick88', '4163472'),
('Taria_Yannick88', '0795924'),
('Taria_Yannick88', '3500560'),
('Priti_Kania16', '1733564'),
('Priti_Kania16', '1155977'),
('Priti_Kania16', '5491578'),
('Priti_Kania16', '1225149'),
('Elton_Sarita79', '5312476'),
('Elton_Sarita79', '9057941'),
('Elton_Sarita79', '8830350'),
('Lenore_Lakeasha07', '8668797'),
('Lenore_Lakeasha07', '0916199'),
('Lenore_Lakeasha07', '6731053'),
('Lenore_Lakeasha07', '3076341'),
('Judea_Killian42', '5071316'),
('Judea_Killian42', '3379017'),
('Judea_Killian42', '3836451'),
('Judea_Killian42', '9179833'),
('Truman_Araina38', '7997749'),
('Torrie_Raymund82', '3643717'),
('Torrie_Raymund82', '3001882'),
('Torrie_Raymund82', '0227484'),
('Laiza_Salena92', '3106208'),
('Laiza_Salena92', '6293477'),
('Jawann_Huong58', '7646613'),
('Jawann_Huong58', '1606002'),
('Charli_Benedict31', '1200073'),
('Charli_Benedict31', '0545255'),
('Briar_Candy04', '3630357'),
('Briar_Candy04', '5192980'),
('Tyria_Anntoinette91', '1418801'),
('Tyria_Anntoinette91', '5642672'),
('Tyria_Anntoinette91', '0453552'),
('Tyria_Anntoinette91', '0521718'),
('Darshan_Charly50', '0449716'),
('Herschell_Aerial19', '0722243'),
('Herschell_Aerial19', '8354677'),
('Herschell_Aerial19', '6117680'),
('Tamika_Reneta27', '0975303'),
('Tamika_Reneta27', '3334947'),
('Tamika_Reneta27', '7802368'),
('Tamika_Reneta27', '9324691'),
('Chane_Lutisha14', '9165979'),
('Chane_Lutisha14', '0296627'),
('Tyrik_Keylee65', '5525280'),
('Tyrik_Keylee65', '0505326'),
('Tyrik_Keylee65', '1280383'),
('Nissa_Shontae06', '3422689'),
('Nissa_Shontae06', '7455617'),
('Nissa_Shontae06', '8690604'),
('Nissa_Shontae06', '0529594'),
('Geraldine_Aubra86', '7163174'),
('Kenon_Mallori18', '2594656'),
('Andrena_Katalina40', '3179080'),
('Andrena_Katalina40', '4568119'),
('Marka_Gonzalo02', '5196376'),
('Marka_Gonzalo02', '0473189'),
('Marka_Gonzalo02', '4321012'),
('Thanh_Deara76', '1794179'),
('Thanh_Deara76', '3444315'),
('Baxter_Charleen16', '1371467'),
('Baxter_Charleen16', '3354982'),
('Lorenda_Chassie26', '4446089'),
('Mesha_Renelle44', '7647014'),
('Mesha_Renelle44', '6121942'),
('Mesha_Renelle44', '0194177'),
('Jairus_Karlis70', '9714008'),
('Jairus_Karlis70', '5899214'),
('Jairus_Karlis70', '8645190'),
('Jairus_Karlis70', '5310534'),
('Sadiyya_Mareshah90', '2937442'),
('Sadiyya_Mareshah90', '0246072'),
('Sadiyya_Mareshah90', '7873756'),
('Mehgan_Pranay72', '6025590'),
('Mehgan_Pranay72', '9748990'),
('Frederico_Negin73', '2491468'),
('Frederico_Negin73', '4212100'),
('Frederico_Negin73', '0183974'),
('Frederico_Negin73', '7675041'),
('Zonia_Camilo59', '4879665'),
('Zonia_Camilo59', '3043395'),
('Zonia_Camilo59', '0255441'),
('Zonia_Camilo59', '8908520'),
('Phuoc_Halee54', '5940455'),
('Phuoc_Halee54', '4371241'),
('Juante_Shamona04', '3448389'),
('Juante_Shamona04', '4975772'),
('Kevina_Cathern14', '1700587'),
('Kevina_Cathern14', '7124158'),
('Darbi_Cieara66', '5494229'),
('Darbi_Cieara66', '1873325'),
('Pamella_Dwanna88', '9120741'),
('Pamella_Dwanna88', '8282012'),
('Pamella_Dwanna88', '5867549'),
('Pamella_Dwanna88', '8066280'),
('Shemika_Minna54', '1906339'),
('Shauntae_Gregorio69', '9721449'),
('Shauntae_Gregorio69', '5108180'),
('Shauntae_Gregorio69', '6211014'),
('Antwonette_Sumner76', '9416753'),
('Antwonette_Sumner76', '5376185'),
('Antwonette_Sumner76', '4304565'),
('Matrice_Corene42', '1761221'),
('Clarrissa_Sarita78', '5620049'),
('Clarrissa_Sarita78', '5828009'),
('Anais_Herminia05', '7990270'),
('Anais_Herminia05', '6034406'),
('Anais_Herminia05', '6958626'),
('Dejaun_Linda53', '6776115'),
('Sherwin_Larie94', '3456608'),
('Sherwin_Larie94', '7334017'),
('Sherwin_Larie94', '9289294'),
('Drusilla_Azim12', '6837752'),
('Drusilla_Azim12', '5324133'),
('Drusilla_Azim12', '2071032'),
('Carrera_Naguan33', '3203438'),
('Keri_Aniesha20', '1550479'),
('Keri_Aniesha20', '8569693'),
('Brannigan_Washington83', '5470121'),
('Brannigan_Washington83', '6279895'),
('Keonia_Delia09', '2302604'),
('Keonia_Delia09', '6072545'),
('Lashara_Daiana02', '8385334'),
('Lashara_Daiana02', '0683708'),
('Kallen_Ellise30', '1759959'),
('Kallen_Ellise30', '3357165'),
('Kallen_Ellise30', '4566987'),
('Dawyne_Vallerie27', '6375848'),
('Dawyne_Vallerie27', '0219209'),
('Lamaar_Jaquelynn68', '1860642'),
('Lamaar_Jaquelynn68', '8059145'),
('Lamaar_Jaquelynn68', '5106058'),
('Lambert_Kenyona84', '9622782'),
('Lambert_Kenyona84', '8854154'),
('Nakeisha_Jury40', '8812625'),
('Nakeisha_Jury40', '6703801'),
('Corianne_Ronaldo00', '2165319'),
('Corianne_Ronaldo00', '7611943'),
('Sindy_Arland93', '3928786'),
('Sindy_Arland93', '0857248'),
('Alejandra_Travon99', '6130271'),
('Alejandra_Travon99', '3688947'),
('Alejandra_Travon99', '1181405');

