USE cxc55311;

INSERT INTO User(UserName, FirstName, LastName, Email, ContactNumber, Password)
VALUES ('Avery_S77', 'Avery', 'Smith', 'AverySmith00@hmail.ca', '514-610-1201', 'administrator127'),
('Riley_J76', 'Riley', 'Johnson', 'RileyJohnson95@hmail.ca', '450-728-5212', 'innervation088'),
('Peyton_W59', 'Peyton', 'Williams', 'PeytonWilliams34@coldmail.com', '450-139-5916', 'jazz823'),
('Logan_J16', 'Logan', 'Jones', 'LoganJones54@coldmail.com', '438-863-8442', 'sponsor934'),
('Taylor_B25', 'Taylor', 'Brown', 'TaylorBrown23@hmail.ca', '438-204-9422', 'mixer109'),
('Ryan_D90', 'Ryan', 'Davis', 'RyanDavis02@hmail.ca', '438-558-8087', 'cria091'),
('Jordan_M92', 'Jordan', 'Miller', 'JordanMiller04@hmail.ca', '514-671-4354', 'deck141'),
('Cameron_W88', 'Cameron', 'Wilson', 'CameronWilson95@hmail.ca', '450-998-7962', 'chicory841'),
('Blake_M35', 'Blake', 'Moore', 'BlakeMoore11@coldmail.com', '514-325-1380', 'ocean468'),
('Skylar_T30', 'Skylar', 'Taylor', 'SkylarTaylor99@hmail.ca', '438-930-2955', 'terrace981'),
('Emerson_A30', 'Emerson', 'Anderson', 'EmersonAnderson33@coldmail.com', '438-025-5585', 'orangutan389'),
('Phoenix_T26', 'Phoenix', 'Thomas', 'PhoenixThomas49@coldmail.com', '450-773-9271', 'centurion074'),
('Hunter_J43', 'Hunter', 'Jackson', 'HunterJackson73@coldmail.com', '450-618-0081', 'tog824'),
('Amari_W87', 'Amari', 'White', 'AmariWhite78@coldmail.com', '514-286-6473', 'fragrance862'),
('River_H85', 'River', 'Harris', 'RiverHarris92@coldmail.com', '514-972-8232', 'dome633'),
('Casey_M68', 'Casey', 'Martin', 'CaseyMartin08@coldmail.com', '514-338-0802', 'company292'),
('Tatum_T51', 'Tatum', 'Thompson', 'TatumThompson02@hmail.ca', '438-811-6980', 'voter641'),
('Alex_G66', 'Alex', 'Garcia', 'AlexGarcia20@coldmail.com', '514-778-2775', 'criterion473'),
('Addison_M64', 'Addison', 'Martinez', 'AddisonMartinez69@coldmail.com', '438-937-8860', 'vibrissae759'),
('Tyler_R00', 'Tyler', 'Robinson', 'TylerRobinson24@hmail.ca', '438-425-5622', 'hesitation329'),
('Addison_C56', 'Addison', 'Clark', 'AddisonClark13@coldmail.com', '438-971-5332', 'shape893'),
('Adrian_R75', 'Adrian', 'Rodriguez', 'AdrianRodriguez35@coldmail.com', '450-635-7857', 'rib014'),
('Ainsley_L20', 'Ainsley', 'Lewis', 'AinsleyLewis56@coldmail.com', '450-037-8608', 'high899'),
('Alex_L99', 'Alex', 'Lee', 'AlexLee94@coldmail.com', '438-649-4317', 'vellum639'),
('Andy_W88', 'Andy', 'Walker', 'AndyWalker07@coldmail.com', '450-466-4588', 'neighbor576'),
('Ari_H29', 'Ari', 'Hall', 'AriHall17@hmail.ca', '514-212-1483', 'turmeric803'),
('Ash_A45', 'Ash', 'Allen', 'AshAllen59@coldmail.com', '438-882-7786', 'harbour202'),
('Aspen_Y51', 'Aspen', 'Young', 'AspenYoung27@coldmail.com', '450-043-1433', 'progenitor784'),
('Aubrey_H14', 'Aubrey', 'Hernandez', 'AubreyHernandez09@hmail.ca', '514-170-6169', 'kitchen120'),
('Bailey_K73', 'Bailey', 'King', 'BaileyKing43@coldmail.com', '438-114-2243', 'put348'),
('Bay_W87', 'Bay', 'Wright', 'BayWright07@hmail.ca', '438-540-2115', 'stool702'),
('Blaine_L63', 'Blaine', 'Lopez', 'BlaineLopez73@coldmail.com', '450-072-1719', 'snuggle265'),
('Bobbie_H32', 'Bobbie', 'Hill', 'BobbieHill76@hmail.ca', '514-814-2158', 'presence731'),
('Brett_S27', 'Brett', 'Scott', 'BrettScott01@coldmail.com', '450-905-2921', 'behalf138'),
('Brook_G51', 'Brook', 'Green', 'BrookGreen24@hmail.ca', '438-712-7002', 'pineapple803'),
('Caelan_A45', 'Caelan', 'Adams', 'CaelanAdams94@hmail.ca', '438-421-1450', 'crystal787'),
('Campbell_B00', 'Campbell', 'Baker', 'CampbellBaker48@hmail.ca', '438-636-7325', 'closure610'),
('Carroll_G78', 'Carroll', 'Gonzalez', 'CarrollGonzalez89@hmail.ca', '438-438-1524', 'dwelling534'),
('Charlie_N40', 'Charlie', 'Nelson', 'CharlieNelson61@hmail.ca', '438-150-6098', 'chivalry633'),
('Chris_C12', 'Chris', 'Carter', 'ChrisCarter90@coldmail.com', '438-508-6627', 'centre997'),
('Clay_M34', 'Clay', 'Mitchell', 'ClayMitchell72@coldmail.com', '450-306-4121', 'mocha133'),
('Corey_P10', 'Corey', 'Perez', 'CoreyPerez88@coldmail.com', '514-475-4808', 'supervision400'),
('Dana_R54', 'Dana', 'Roberts', 'DanaRoberts99@hmail.ca', '450-023-6028', 'brushfire220'),
('Dakota_T49', 'Dakota', 'Turner', 'DakotaTurner02@hmail.ca', '514-459-3437', 'signify180'),
('Dale_P78', 'Dale', 'Phillips', 'DalePhillips85@coldmail.com', '438-592-9348', 'parole915'),
('Daryl_C62', 'Daryl', 'Campbell', 'DarylCampbell45@hmail.ca', '450-009-3482', 'misrepresentation500'),
('Devin_P38', 'Devin', 'Parker', 'DevinParker69@hmail.ca', '438-875-0091', 'sand786'),
('Dorian_E97', 'Dorian', 'Evans', 'DorianEvans97@coldmail.com', '438-083-8576', 'patriarch268'),
('Drew_E63', 'Drew', 'Edwards', 'DrewEdwards99@hmail.ca', '514-579-6267', 'visitor189'),
('Eddie_C89', 'Eddie', 'Collins', 'EddieCollins48@hmail.ca', '450-183-3009', 'variety948'),
('Eli_S33', 'Eli', 'Stewart', 'EliStewart34@hmail.ca', '438-775-6178', 'identification310'),
('Elliott_S32', 'Elliott', 'Sanchez', 'ElliottSanchez10@hmail.ca', '450-117-4011', 'bandwidth033'),
('Frances_M45', 'Frances', 'Morris', 'FrancesMorris16@hmail.ca', '438-997-9675', 'gerbil378'),
('Frankie_R06', 'Frankie', 'Rogers', 'FrankieRogers45@hmail.ca', '438-343-9371', 'feel966'),
('Gabriel_R94', 'Gabriel', 'Reed', 'GabrielReed67@coldmail.com', '450-866-0000', 'cooperation798'),
('Glenn_C06', 'Glenn', 'Cook', 'GlennCook43@hmail.ca', '450-731-8416', 'uncertainty226'),
('Gray_M27', 'Gray', 'Morgan', 'GrayMorgan17@coldmail.com', '514-690-3836', 'art474'),
('Harper_B41', 'Harper', 'Bell', 'HarperBell47@coldmail.com', '438-708-5948', 'tissue748'),
('Hayden_M09', 'Hayden', 'Murphy', 'HaydenMurphy48@coldmail.com', '438-607-5730', 'concentrate565'),
('Jamie_B56', 'Jamie', 'Bailey', 'JamieBailey18@hmail.ca', '514-577-3112', 'capital621'),
('Jean_R05', 'Jean', 'Rivera', 'JeanRivera56@coldmail.com', '438-440-5917', 'calculation302'),
('Jesse_C06', 'Jesse', 'Cooper', 'JesseCooper93@coldmail.com', '514-847-5335', 'commander571'),
('Jordan_R91', 'Jordan', 'Richardson', 'JordanRichardson38@coldmail.com', '450-871-4583', 'yoga621'),
('Jules_C86', 'Jules', 'Cox', 'JulesCox98@coldmail.com', '514-064-6766', 'banker592'),
('Julian_H34', 'Julian', 'Howard', 'JulianHoward47@coldmail.com', '514-254-3584', 'perspective142'),
('Kaden_W09', 'Kaden', 'Ward', 'KadenWard79@hmail.ca', '514-880-5802', 'cyclone154'),
('Kelly_T96', 'Kelly', 'Torres', 'KellyTorres50@hmail.ca', '438-442-2612', 'chap303'),
('Kennedy_P13', 'Kennedy', 'Peterson', 'KennedyPeterson34@hmail.ca', '450-741-2267', 'leprosy637'),
('Lake_G55', 'Lake', 'Gray', 'LakeGray89@coldmail.com', '514-718-1054', 'trapezium229'),
('Logan_R42', 'Logan', 'Ramirez', 'LoganRamirez64@coldmail.com', '514-869-4074', 'coonskin388'),
('Max_J34', 'Max', 'James', 'MaxJames95@coldmail.com', '514-376-6609', 'cheetah146'),
('Morgan_W41', 'Morgan', 'Watson', 'MorganWatson15@coldmail.com', '438-090-0778', 'usual417'),
('Pat_B69', 'Pat', 'Brooks', 'PatBrooks06@hmail.ca', '438-166-0558', 'tackle992'),
('Peyton_K24', 'Peyton', 'Kelly', 'PeytonKelly41@hmail.ca', '450-746-5154', 'zampone528'),
('Ray_S01', 'Ray', 'Sanders', 'RaySanders07@hmail.ca', '438-686-8486', 'translation304'),
('Reed_P92', 'Reed', 'Price', 'ReedPrice37@hmail.ca', '438-902-9038', 'oregano435'),
('Riley_B11', 'Riley', 'Bennett', 'RileyBennett67@hmail.ca', '450-305-3792', 'question123'),
('River_W33', 'River', 'Wood', 'RiverWood01@coldmail.com', '514-728-9499', 'yogurt228'),
('Roan_B90', 'Roan', 'Barnes', 'RoanBarnes72@hmail.ca', '450-452-7058', 'particular257'),
('Rudy_R28', 'Rudy', 'Ross', 'RudyRoss94@hmail.ca', '514-015-1802', 'data744'),
('Ryan_H87', 'Ryan', 'Henderson', 'RyanHenderson09@hmail.ca', '514-210-9642', 'pike780'),
('Sage_C09', 'Sage', 'Coleman', 'SageColeman20@hmail.ca', '450-982-1224', 'thunderbolt735'),
('Sam_J11', 'Sam', 'Jenkins', 'SamJenkins73@hmail.ca', '514-704-0080', 'hamster250'),
('Shawn_P40', 'Shawn', 'Perry', 'ShawnPerry24@hmail.ca', '438-080-8523', 'man548'),
('Sean_P46', 'Sean', 'Powell', 'SeanPowell26@hmail.ca', '514-389-7352', 'corral500'),
('Stevie_L72', 'Stevie', 'Long', 'StevieLong64@hmail.ca', '514-055-1149', 'input721'),
('Tanner_P09', 'Tanner', 'Patterson', 'TannerPatterson22@coldmail.com', '514-868-9541', 'majority884'),
('Taylor_H42', 'Taylor', 'Hughes', 'TaylorHughes59@hmail.ca', '438-772-2212', 'substance357'),
('Toby_F40', 'Toby', 'Flores', 'TobyFlores30@coldmail.com', '514-083-3428', 'due421'),
('Tyler_W17', 'Tyler', 'Washington', 'TylerWashington28@coldmail.com', '438-710-7995', 'starboard455'),
('Val_B26', 'Val', 'Butler', 'ValButler07@hmail.ca', '438-306-3365', 'stopwatch445'),
('West_S25', 'West', 'Simmons', 'WestSimmons23@coldmail.com', '514-435-1934', 'forte198'),
('Winter_F22', 'Winter', 'Foster', 'WinterFoster27@hmail.ca', '514-339-3568', 'diplomacy194'),
('Landry_G52', 'Landry', 'Gonzales', 'LandryGonzales21@coldmail.com', '450-586-7198', 'swimsuit016'),
('Azariah_B18', 'Azariah', 'Bryant', 'AzariahBryant59@hmail.ca', '514-139-3991', 'pulse590'),
('Oakley_A06', 'Oakley', 'Alexander', 'OakleyAlexander04@coldmail.com', '514-924-5533', 'tour850'),
('Lennon_R94', 'Lennon', 'Russell', 'LennonRussell11@hmail.ca', '450-416-7766', 'heartwood660'),
('Charlie_G46', 'Charlie', 'Griffin', 'CharlieGriffin03@coldmail.com', '438-571-0695', 'vascular662'),
('Skyler_D48', 'Skyler', 'Diaz', 'SkylerDiaz00@hmail.ca', '514-598-0999', 'conversion191'),
('Dakota_H86', 'Dakota', 'Hayes', 'DakotaHayes63@hmail.ca', '438-088-4669', 'entrance351'),
('Armani_M36', 'Armani', 'Myers', 'ArmaniMyers07@coldmail.com', '438-099-4181', 'obedience686'),
('Phoenix_F14', 'Phoenix', 'Ford', 'PhoenixFord17@coldmail.com', '438-707-5234', 'skyscraper284'),
('Justice_H30', 'Justice', 'Hamilton', 'JusticeHamilton00@coldmail.com', '450-414-9964', 'wheel087'),
('Casey_G39', 'Casey', 'Graham', 'CaseyGraham73@hmail.ca', '514-396-1491', 'few738'),
('Emory_S26', 'Emory', 'Sullivan', 'EmorySullivan42@hmail.ca', '450-749-8809', 'parka840'),
('Remy_W05', 'Remy', 'Wallace', 'RemyWallace01@hmail.ca', '450-669-4464', 'bungalow325'),
('Emerson_W32', 'Emerson', 'Woods', 'EmersonWoods56@coldmail.com', '438-410-6321', 'monotheism796'),
('Amari_C79', 'Amari', 'Cole', 'AmariCole00@coldmail.com', '514-119-9494', 'haircut811'),
('Hayden_W98', 'Hayden', 'West', 'HaydenWest73@hmail.ca', '514-844-2960', 'advantage740'),
('River_J54', 'River', 'Jordan', 'RiverJordan90@coldmail.com', '438-863-7848', 'sarong348'),
('Milan_O26', 'Milan', 'Owens', 'MilanOwens20@coldmail.com', '450-852-0746', 'organising108'),
('Tatum_R53', 'Tatum', 'Reynolds', 'TatumReynolds17@coldmail.com', '438-462-3958', 'number513'),
('Jessie_F59', 'Jessie', 'Fisher', 'JessieFisher91@coldmail.com', '514-768-1040', 'apse164'),
('Finley_E06', 'Finley', 'Ellis', 'FinleyEllis74@hmail.ca', '450-434-7106', 'landform811'),
('Riley_H70', 'Riley', 'Harrison', 'RileyHarrison81@hmail.ca', '438-333-5500', 'spark667'),
('Rowan_G14', 'Rowan', 'Gibson', 'RowanGibson15@coldmail.com', '450-820-3804', 'turmeric329'),
('Sage_M62', 'Sage', 'Mcdonald', 'SageMcdonald81@hmail.ca', '450-577-3229', 'monastery379'),
('Jamie_C80', 'Jamie', 'Cruz', 'JamieCruz04@hmail.ca', '438-908-7534', 'honor439'),
('Rory_M00', 'Rory', 'Marshall', 'RoryMarshall22@coldmail.com', '450-214-8678', 'hall082'),
('Harley_O76', 'Harley', 'Ortiz', 'HarleyOrtiz50@hmail.ca', '438-180-7193', 'pard337'),
('Leighton_G04', 'Leighton', 'Gomez', 'LeightonGomez16@hmail.ca', '438-590-0936', 'dispute301'),
('Peyton_M61', 'Peyton', 'Murray', 'PeytonMurray59@coldmail.com', '438-829-3754', 'vise066'),
('Dallas_F95', 'Dallas', 'Freeman', 'DallasFreeman91@hmail.ca', '450-326-9959', 'alcove969'),
('Remington_W68', 'Remington', 'Wells', 'RemingtonWells19@coldmail.com', '438-345-8335', 'standardization229'),
('Quinn_W41', 'Quinn', 'Webb', 'QuinnWebb30@hmail.ca', '514-938-3513', 'conifer101'),
('Alexis_S26', 'Alexis', 'Simpson', 'AlexisSimpson67@hmail.ca', '514-461-7441', 'marshland288'),
('Sawyer_S81', 'Sawyer', 'Stevens', 'SawyerStevens64@coldmail.com', '438-493-1301', 'interval822'),
('Kamryn_T64', 'Kamryn', 'Tucker', 'KamrynTucker54@hmail.ca', '438-287-8730', 'inlay643'),
('Parker_P96', 'Parker', 'Porter', 'ParkerPorter69@hmail.ca', '438-011-1691', 'month519'),
('Avery_H25', 'Avery', 'Hunter', 'AveryHunter70@hmail.ca', '450-018-9076', 'admin459'),
('Eden_H82', 'Eden', 'Hicks', 'EdenHicks67@coldmail.com', '450-608-7699', 'rations714'),
('Lyric_C84', 'Lyric', 'Crawford', 'LyricCrawford73@coldmail.com', '514-861-4105', 'bob230'),
('Elliot_H57', 'Elliot', 'Henry', 'ElliotHenry29@coldmail.com', '450-252-3238', 'lap896'),
('Elliott_B79', 'Elliott', 'Boyd', 'ElliottBoyd06@hmail.ca', '514-290-5963', 'salary626'),
('Reese_M93', 'Reese', 'Mason', 'ReeseMason47@coldmail.com', '438-671-3662', 'optimal368'),
('Zion_M46', 'Zion', 'Morales', 'ZionMorales88@hmail.ca', '514-299-5459', 'quartz507'),
('Rylan_K06', 'Rylan', 'Kennedy', 'RylanKennedy97@hmail.ca', '438-689-1897', 'revitalisation309'),
('Jordan_W83', 'Jordan', 'Warren', 'JordanWarren92@hmail.ca', '514-267-4568', 'independence823'),
('Angel_D47', 'Angel', 'Dixon', 'AngelDixon49@coldmail.com', '438-446-9869', 'fledgling456'),
('Taylor_R13', 'Taylor', 'Ramos', 'TaylorRamos82@coldmail.com', '450-297-9431', 'cocktail670'),
('Emery_R02', 'Emery', 'Reyes', 'EmeryReyes45@coldmail.com', '450-539-2293', 'selection878'),
('Payton_B37', 'Payton', 'Burns', 'PaytonBurns95@coldmail.com', '438-036-5432', 'burlesque567'),
('Teagan_G66', 'Teagan', 'Gordon', 'TeaganGordon49@hmail.ca', '438-075-8238', 'zone076'),
('Marley_S31', 'Marley', 'Shaw', 'MarleyShaw28@hmail.ca', '438-985-0885', 'citron591'),
('Morgan_H20', 'Morgan', 'Holmes', 'MorganHolmes07@coldmail.com', '438-989-5354', 'tear330'),
('London_R14', 'London', 'Rice', 'LondonRice04@hmail.ca', '514-159-8580', 'livestock708'),
('Ariel_R62', 'Ariel', 'Robertson', 'ArielRobertson05@coldmail.com', '450-535-6667', 'suspension076'),
('Karter_H26', 'Karter', 'Hunt', 'KarterHunt38@coldmail.com', '514-725-9545', 'year716'),
('Kendall_B77', 'Kendall', 'Black', 'KendallBlack69@hmail.ca', '514-663-6033', 'wetsuit775'),
('Kai_D21', 'Kai', 'Daniels', 'KaiDaniels91@hmail.ca', '450-100-2863', 'pollution135');

INSERT INTO Employer(UserName, EmployerName, AccStatus, Category, Balance)
VALUES ('Ryan_H87', 'Red Hat', '1', 'gold', '1.85'),
('Sage_C09', 'Bradley Pharmaceuticals', '0', 'prime', '-10.78'),
('Sam_J11', 'SBC Communications', '0', 'prime', '-8.51'),
('Shawn_P40', 'Transocean', '1', 'prime', '273.48'),
('Sean_P46', 'Lockheed Martin', '1', 'gold', '196.36'),
('Stevie_L72', 'Bucyrus International', '1', 'gold', '160.37'),
('Tanner_P09', 'Aon Corporation', '1', 'prime', '247.61'),
('Taylor_H42', 'NCR Corporation', '1', 'gold', '215.69'),
('Toby_F40', 'Vari-Tec', '1', 'gold', '191.7'),
('Tyler_W17', 'LinkedIn', '1', 'gold', '102.45'),
('Val_B26', 'Clear Channel Communications', '1', 'gold', '82.58'),
('West_S25', 'W. R. Berkley', '1', 'gold', '176.21'),
('Winter_F22', 'Principal Financial Group', '1', 'prime', '9.85'),
('Landry_G52', 'Welchs', '1', 'prime', '142.86'),
('Azariah_B18', 'Ann Taylor', '1', 'gold', '200.22'),
('Oakley_A06', 'Acuserv', '1', 'gold', '5.81'),
('Lennon_R94', 'Wizards of the Coast', '1', 'gold', '224.07'),
('Charlie_G46', 'One-Up Realtors', '1', 'gold', '262.09'),
('Skyler_D48', 'Xilinx', '1', 'gold', '72.0'),
('Dakota_H86', 'Baldor Electric Company', '0', 'prime', '-18.36'),
('Armani_M36', 'Gateway Computers', '1', 'gold', '272.28'),
('Phoenix_F14', 'Cut Rite', '1', 'prime', '267.48'),
('Justice_H30', 'Zig Zag Children Clothes', '1', 'prime', '191.11'),
('Casey_G39', 'Gartner', '1', 'gold', '152.05'),
('Emory_S26', 'Life Plan Counselling', '1', 'prime', '290.61'),
('Remy_W05', 'Bio-Rad Laboratories', '1', 'gold', '89.06'),
('Emerson_W32', 'Intercontinental Manufacturing Company', '0', 'gold', '-54.85'),
('Amari_C79', 'Independent Investors', '1', 'gold', '219.96'),
('Hayden_W98', 'Union Oil Company of California (Unocal)', '1', 'gold', '201.63'),
('River_J54', 'Vibrant Man', '0', 'prime', '-10.75'),
('Milan_O26', 'Parts and Pieces', '0', 'prime', '-76.15'),
('Tatum_R53', 'Morgan Stanley', '0', 'prime', '-93.38'),
('Jessie_F59', 'The Goose and Duck', '1', 'prime', '137.62'),
('Finley_E06', 'Kohler Company', '1', 'prime', '65.85'),
('Riley_H70', 'Rayovac', '1', 'prime', '135.31'),
('Rowan_G14', 'Midway Games', '1', 'gold', '225.15'),
('Sage_M62', 'Hyland Software', '1', 'gold', '120.52'),
('Jamie_C80', 'Dollar Tree', '1', 'gold', '139.66'),
('Rory_M00', 'Conseco', '0', 'prime', '-52.19'),
('Harley_O76', 'Realty Solution', '1', 'prime', '286.54'),
('Leighton_G04', 'AirTran Holdings', '1', 'prime', '69.14'),
('Peyton_M61', 'Las Vegas Yard Management', '0', 'prime', '-52.01'),
('Dallas_F95', 'Royal Caribbean International', '1', 'prime', '118.89'),
('Remington_W68', 'Lowes', '1', 'gold', '136.47'),
('Quinn_W41', 'Fluor Corp', '1', 'gold', '108.0'),
('Alexis_S26', 'Magna Solution', '0', 'gold', '-28.34'),
('Sawyer_S81', 'Eddie Bauer', '0', 'prime', '-70.01'),
('Kamryn_T64', 'Take-Two Interactive', '0', 'prime', '-64.33'),
('Parker_P96', 'Fisher Electronics', '1', 'gold', '287.75'),
('Avery_H25', 'GHD Inc.', '1', 'gold', '135.04'),
('Eden_H82', 'Star Interior Design', '1', 'prime', '231.11'),
('Lyric_C84', 'Tanadgusix Corporation', '1', 'gold', '264.6'),
('Elliot_H57', 'Gold Leaf Garden Management', '1', 'prime', '209.55'),
('Elliott_B79', 'Specific Appraisals', '0', 'prime', '-90.37'),
('Reese_M93', 'AutoZone', '1', 'gold', '285.96'),
('Zion_M46', 'Architectural Genie', '1', 'gold', '30.98'),
('Rylan_K06', 'Nike', '1', 'gold', '31.33'),
('Jordan_W83', 'ABM Industries', '0', 'prime', '-33.59'),
('Angel_D47', 'WWE', '0', 'gold', '-0.22'),
('Taylor_R13', 'Rockwell Collins', '1', 'prime', '244.02');

INSERT INTO Applicant(UserName, AccStatus, Category, Balance)
VALUES ('Avery_S77', '1', 'gold', '257.49'),
('Riley_J76', '1', 'prime', '141.67'),
('Peyton_W59', '1', 'prime', '182.56'),
('Logan_J16', '1', 'prime', '79.68'),
('Taylor_B25', '0', 'basic', '-2.71'),
('Ryan_D90', '0', 'basic', '-8.83'),
('Jordan_M92', '0', 'prime', '-27.4'),
('Cameron_W88', '1', 'gold', '200.94'),
('Blake_M35', '1', 'prime', '84.54'),
('Skylar_T30', '0', 'basic', '-99.18'),
('Emerson_A30', '1', 'basic', '53.31'),
('Phoenix_T26', '1', 'basic', '209.66'),
('Hunter_J43', '1', 'gold', '182.81'),
('Amari_W87', '1', 'prime', '40.77'),
('River_H85', '0', 'gold', '-23.29'),
('Casey_M68', '1', 'gold', '51.62'),
('Tatum_T51', '0', 'prime', '-45.78'),
('Alex_G66', '1', 'basic', '147.38'),
('Addison_M64', '1', 'prime', '100.8'),
('Tyler_R00', '0', 'prime', '-49.82'),
('Addison_C56', '1', 'gold', '215.83'),
('Adrian_R75', '1', 'basic', '208.47'),
('Ainsley_L20', '1', 'prime', '11.12'),
('Alex_L99', '1', 'prime', '95.19'),
('Andy_W88', '1', 'gold', '68.79'),
('Ari_H29', '1', 'basic', '269.01'),
('Ash_A45', '0', 'prime', '-81.78'),
('Aspen_Y51', '0', 'basic', '-80.8'),
('Aubrey_H14', '1', 'basic', '15.34'),
('Bailey_K73', '0', 'basic', '-29.3'),
('Bay_W87', '0', 'gold', '-31.39'),
('Blaine_L63', '1', 'prime', '60.18'),
('Bobbie_H32', '1', 'gold', '249.44'),
('Brett_S27', '1', 'basic', '7.16'),
('Brook_G51', '1', 'prime', '67.95'),
('Caelan_A45', '1', 'gold', '268.26'),
('Campbell_B00', '1', 'basic', '300.31'),
('Carroll_G78', '1', 'basic', '108.67'),
('Charlie_N40', '1', 'basic', '53.05'),
('Chris_C12', '1', 'prime', '141.09'),
('Clay_M34', '1', 'prime', '143.58'),
('Corey_P10', '1', 'gold', '37.6'),
('Dana_R54', '1', 'prime', '182.03'),
('Dakota_T49', '1', 'basic', '225.53'),
('Dale_P78', '1', 'prime', '26.53'),
('Daryl_C62', '0', 'gold', '-58.93'),
('Devin_P38', '0', 'basic', '-29.2'),
('Dorian_E97', '0', 'prime', '-82.76'),
('Drew_E63', '0', 'basic', '-97.84'),
('Eddie_C89', '1', 'gold', '101.09'),
('Eli_S33', '1', 'gold', '68.85'),
('Elliott_S32', '1', 'basic', '227.28'),
('Frances_M45', '0', 'prime', '-63.4'),
('Frankie_R06', '0', 'prime', '-36.43'),
('Gabriel_R94', '1', 'prime', '208.39'),
('Glenn_C06', '1', 'basic', '97.55'),
('Gray_M27', '1', 'basic', '225.54'),
('Harper_B41', '1', 'gold', '165.06'),
('Hayden_M09', '1', 'gold', '23.28'),
('Jamie_B56', '1', 'basic', '141.73'),
('Jean_R05', '0', 'gold', '-54.76'),
('Jesse_C06', '1', 'basic', '220.19'),
('Jordan_R91', '0', 'gold', '-76.6'),
('Jules_C86', '1', 'prime', '152.18'),
('Julian_H34', '1', 'gold', '200.38'),
('Kaden_W09', '1', 'basic', '222.29'),
('Kelly_T96', '1', 'prime', '208.35'),
('Kennedy_P13', '1', 'basic', '299.07'),
('Lake_G55', '1', 'basic', '59.11'),
('Logan_R42', '1', 'gold', '296.32'),
('Max_J34', '1', 'basic', '77.46'),
('Morgan_W41', '0', 'gold', '-41.23'),
('Pat_B69', '1', 'basic', '87.17'),
('Peyton_K24', '0', 'prime', '-62.46'),
('Ray_S01', '1', 'gold', '222.04'),
('Reed_P92', '0', 'gold', '-95.06'),
('Riley_B11', '1', 'basic', '168.84'),
('River_W33', '1', 'gold', '243.47'),
('Roan_B90', '1', 'prime', '53.3'),
('Rudy_R28', '1', 'prime', '191.95');

INSERT INTO Admin(UserName)
VALUES ('Emery_R02'),
('Payton_B37'),
('Teagan_G66'),
('Marley_S31'),
('Morgan_H20'),
('London_R14'),
('Ariel_R62'),
('Karter_H26'),
('Kendall_B77'),
('Kai_D21');

INSERT INTO Job(JobID, EmployerUserName, Title, DatePosted, Description, Category, JobStatus, EmpNeeded)
VALUES ('1544', 'Tyler_W17', 'Senior Training and Development Rep', '2020-11-6', 'Looking for blessing person. 5 years experience.', 'Arts, Audio/Video, and Communications', '0', '3'),
('2310', 'Stevie_L72', 'QA Consultant', '2020-4-4', 'Looking for nimble person. 2 years experience.', 'Marketing, Sales and Service', '1', '5'),
('1906', 'Azariah_B18', 'Human Development Professor', '2020-8-4', 'Looking for right person. 3 years experience.', 'Architecture and Construction', '1', '1'),
('1718', 'Emerson_W32', 'Corporate Responsibility Officer', '2020-7-21', 'Looking for gentle person. 2 years experience.', 'Hospitality and Tourism', '0', '2'),
('1562', 'Peyton_M61', 'Optical Advisor', '2020-5-16', 'Looking for grateful person. 5 years experience.', 'Information Technology', '1', '4'),
('2302', 'Riley_H70', 'Accounting Manager', '2020-12-2', 'Looking for commodious person. 1 years experience.', 'Business Management and Administration', '1', '4'),
('2620', 'Val_B26', 'Research-Test-Engine Evaluator', '2020-9-29', 'Looking for cleaner person. 2 years experience.', 'Marketing, Sales and Service', '1', '1'),
('1369', 'Riley_H70', 'Belt Turner', '2020-8-5', 'Looking for sweeping person. 2 years experience.', 'Finance', '0', '3'),
('1949', 'Tatum_R53', 'Residential Installer', '2020-4-10', 'Looking for cheapest person. 1 years experience.', 'Information Technology', '0', '2'),
('2403', 'Sage_M62', 'Squirrel Worker', '2020-1-5', 'Looking for bless person. 3 years experience.', 'Finance', '0', '4'),
('1819', 'Alexis_S26', 'Shoe Salesperson', '2020-10-18', 'Looking for favorited person. 1 years experience.', 'Information Technology', '0', '2'),
('1426', 'Avery_H25', 'Psychopaedic Nurse', '2020-6-20', 'Looking for lovable person. 1 years experience.', 'Manufacturing', '1', '2'),
('1615', 'Leighton_G04', 'Transportation Maintenance Supervisor', '2020-3-16', 'Looking for gifted person. 2 years experience.', 'Manufacturing', '0', '2'),
('2096', 'Skyler_D48', 'Motor Room Controller', '2020-10-16', 'Looking for exellent person. 3 years experience.', 'Law, Public Safety, Corrections and Security', '0', '3'),
('2857', 'Harley_O76', 'Diesel Technology Instructor', '2020-9-24', 'Looking for unselfish person. 1 years experience.', 'Hospitality and Tourism', '1', '5'),
('2421', 'Alexis_S26', 'Cement Side Laster', '2020-6-15', 'Looking for advanced person. 5 years experience.', 'Law, Public Safety, Corrections and Security', '0', '2'),
('1067', 'Jessie_F59', 'Cashier Host/Hostess', '2020-10-21', 'Looking for profusion person. 1 years experience.', 'Architecture and Construction', '1', '4'),
('2770', 'Lyric_C84', 'Machine Operator Helper', '2020-2-8', 'Looking for defeating person. 2 years experience.', 'Manufacturing', '1', '5'),
('1897', 'Dallas_F95', 'Upsetter', '2020-9-5', 'Looking for prowess person. 2 years experience.', 'Transportation, Distribution and Logistics', '0', '2'),
('1884', 'Shawn_P40', 'Senior Sales Administrator', '2020-12-11', 'Looking for renowned person. 4 years experience.', 'Agriculture and Natural Resources', '0', '2'),
('2747', 'Charlie_G46', 'Red Leader', '2020-5-25', 'Looking for lean person. 4 years experience.', 'Education and Training', '0', '5'),
('1204', 'Harley_O76', 'Silk Brusher', '2020-7-14', 'Looking for lover person. 5 years experience.', 'Government and Public Administration', '0', '2'),
('1708', 'Shawn_P40', 'Silverware Washer', '2020-4-18', 'Looking for fresh person. 3 years experience.', 'Arts, Audio/Video, and Communications', '0', '5'),
('1546', 'Peyton_M61', 'Housing Inspector', '2020-8-22', 'Looking for fastest person. 1 years experience.', 'Law, Public Safety, Corrections and Security', '1', '2'),
('1657', 'Sawyer_S81', 'Electronics Parts Sales Representative', '2020-4-9', 'Looking for gusto person. 3 years experience.', 'Marketing, Sales and Service', '0', '1'),
('2492', 'Sam_J11', 'Park Maintenance Technician', '2020-12-19', 'Looking for harmless person. 5 years experience.', 'Human Services', '0', '1'),
('2954', 'West_S25', 'Environmental Sampling Technician', '2020-9-13', 'Looking for amuse person. 5 years experience.', 'Information Technology', '0', '3'),
('1416', 'Quinn_W41', 'Headlight Assembler', '2020-7-25', 'Looking for rapport person. 5 years experience.', 'Marketing, Sales and Service', '0', '2'),
('2186', 'Avery_H25', 'Release And Technical Records Clerk', '2020-12-13', 'Looking for silent person. 1 years experience.', 'Business Management and Administration', '1', '2'),
('2999', 'Finley_E06', 'Entry Level Paralegal', '2020-4-14', 'Looking for exceeded person. 2 years experience.', 'Education and Training', '0', '5'),
('1386', 'Peyton_M61', 'Scow Hand', '2020-6-19', 'Looking for dedicated person. 3 years experience.', 'Human Services', '0', '5'),
('2464', 'Alexis_S26', 'Bricklayer, Sewer', '2020-10-8', 'Looking for approve person. 2 years experience.', 'Arts, Audio/Video, and Communications', '1', '5'),
('2253', 'Riley_H70', 'Concession Stand Attendant', '2020-11-14', 'Looking for cheapest person. 5 years experience.', 'Arts, Audio/Video, and Communications', '0', '4'),
('2326', 'Sam_J11', 'Costumed Character', '2020-7-4', 'Looking for jubilation person. 1 years experience.', 'Marketing, Sales and Service', '0', '4'),
('1743', 'Parker_P96', 'Ornamental-Machine Operator', '2020-7-5', 'Looking for leverage person. 2 years experience.', 'Architecture and Construction', '1', '1'),
('1788', 'Finley_E06', 'Machine Boss', '2020-11-19', 'Looking for succeeds person. 1 years experience.', 'Architecture and Construction', '1', '5'),
('2242', 'Jessie_F59', 'Studio Assistant', '2020-12-16', 'Looking for bless person. 5 years experience.', 'Arts, Audio/Video, and Communications', '0', '5'),
('1064', 'Taylor_R13', 'Lead Case Manager', '2020-11-12', 'Looking for overture person. 4 years experience.', 'Human Services', '0', '3'),
('1636', 'Eden_H82', 'Command Center Analyst', '2020-1-6', 'Looking for positives person. 1 years experience.', 'Marketing, Sales and Service', '1', '2'),
('1981', 'Rory_M00', 'Contract Clerk, Automobile', '2020-7-19', 'Looking for blossom person. 4 years experience.', 'Finance', '1', '3'),
('1061', 'Jessie_F59', 'Funeral Assistant', '2020-8-10', 'Looking for cute person. 5 years experience.', 'Business Management and Administration', '0', '1'),
('2351', 'Lyric_C84', 'General Matcher', '2020-3-20', 'Looking for love person. 2 years experience.', 'Health Science', '1', '5'),
('2693', 'Charlie_G46', 'Secure Software Assessor', '2020-5-14', 'Looking for succeeds person. 5 years experience.', 'Architecture and Construction', '0', '5'),
('2735', 'Emory_S26', 'Supervisor, Contact Lens', '2020-10-6', 'Looking for loveliness person. 4 years experience.', 'Architecture and Construction', '1', '4'),
('1361', 'Rylan_K06', 'Grove Worker', '2020-10-2', 'Looking for idolize person. 1 years experience.', 'Education and Training', '1', '2'),
('1868', 'Eden_H82', 'Health Equipment Servicer', '2020-1-8', 'Looking for suffice person. 2 years experience.', 'Architecture and Construction', '0', '2'),
('2977', 'Phoenix_F14', 'Behavioral Instructor', '2020-4-18', 'Looking for rapid person. 3 years experience.', 'Transportation, Distribution and Logistics', '1', '5'),
('1299', 'Riley_H70', 'Floor Representative', '2020-10-2', 'Looking for prestige person. 3 years experience.', 'Agriculture and Natural Resources', '0', '1'),
('2170', 'Ryan_H87', 'Hose Seamer', '2020-11-20', 'Looking for finest person. 2 years experience.', 'Government and Public Administration', '0', '4'),
('2865', 'West_S25', 'Communication Equipment Repairer', '2020-3-14', 'Looking for bloom person. 1 years experience.', 'Science, Technology, Engineering, and Mathematics', '0', '1'),
('2222', 'Jamie_C80', 'Physician Anesthesiologist', '2020-12-19', 'Looking for bravo person. 4 years experience.', 'Agriculture and Natural Resources', '0', '3'),
('1485', 'Sawyer_S81', 'Mobile Application Engineer', '2020-4-26', 'Looking for tender person. 5 years experience.', 'Manufacturing', '0', '2'),
('1388', 'Riley_H70', 'Stock Analyst', '2020-9-4', 'Looking for leading person. 4 years experience.', 'Information Technology', '0', '2'),
('1534', 'Dallas_F95', 'Repairer, Finished Metal', '2020-3-14', 'Looking for fast-paced person. 2 years experience.', 'Architecture and Construction', '1', '3'),
('2077', 'Justice_H30', 'Cut-Out-Machine Operator', '2020-5-2', 'Looking for incredible person. 1 years experience.', 'Finance', '1', '4'),
('2115', 'Val_B26', 'Complementary Health Therapists', '2020-11-27', 'Looking for gratified person. 2 years experience.', 'Law, Public Safety, Corrections and Security', '1', '5'),
('2097', 'Harley_O76', 'Acoustical-Material Worker', '2020-12-8', 'Looking for equitable person. 1 years experience.', 'Business Management and Administration', '0', '1'),
('2430', 'Emory_S26', 'Scagliola Mechanic', '2020-6-26', 'Looking for endorsing person. 3 years experience.', 'Hospitality and Tourism', '0', '4'),
('1071', 'Winter_F22', 'Recruiting Coordinator', '2020-4-26', 'Looking for accomplish person. 5 years experience.', 'Business Management and Administration', '0', '1'),
('2607', 'Amari_C79', 'Pipelines Superintendent', '2020-6-25', 'Looking for beloved person. 3 years experience.', 'Human Services', '0', '4'),
('2571', 'Elliot_H57', 'Supervisor, Stripping', '2020-8-5', 'Looking for entrust person. 4 years experience.', 'Marketing, Sales and Service', '0', '5'),
('1872', 'Skyler_D48', 'Oil Well Drilling Manager', '2020-12-22', 'Looking for awesome person. 3 years experience.', 'Architecture and Construction', '1', '2'),
('1394', 'Lennon_R94', 'Shirring Tender', '2020-9-8', 'Looking for cashbacks person. 5 years experience.', 'Health Science', '1', '3'),
('2909', 'Angel_D47', 'Hull Sorter', '2020-2-16', 'Looking for pleased person. 1 years experience.', 'Health Science', '1', '5'),
('2476', 'Rylan_K06', 'Staying-Machine Operator', '2020-5-4', 'Looking for suffice person. 3 years experience.', 'Finance', '1', '3'),
('2303', 'Taylor_R13', 'Food Preparation Kitchen Aide', '2020-6-23', 'Looking for frugal person. 2 years experience.', 'Finance', '1', '1'),
('1503', 'Stevie_L72', 'City Director', '2020-8-29', 'Looking for heroize person. 4 years experience.', 'Marketing, Sales and Service', '1', '2'),
('2516', 'Taylor_R13', 'Vegetable Washing Machine Operator', '2020-9-15', 'Looking for recover person. 3 years experience.', 'Law, Public Safety, Corrections and Security', '0', '5'),
('2229', 'Emory_S26', 'Injection Molder', '2020-10-15', 'Looking for meaningful person. 5 years experience.', 'Finance', '1', '1'),
('1373', 'Tyler_W17', 'Stock Preparation Operator', '2020-12-3', 'Looking for outdone person. 5 years experience.', 'Information Technology', '1', '5'),
('2004', 'Reese_M93', 'Sales Project Engineer', '2020-8-29', 'Looking for ecstatic person. 4 years experience.', 'Human Services', '0', '4'),
('2366', 'Val_B26', 'Relay Record Clerk', '2020-5-21', 'Looking for worthwhile person. 5 years experience.', 'Science, Technology, Engineering, and Mathematics', '1', '3'),
('1730', 'Elliot_H57', 'Tile Layer', '2020-7-26', 'Looking for happier person. 2 years experience.', 'Information Technology', '1', '2'),
('1466', 'Armani_M36', 'Sales Audit Clerk', '2020-11-25', 'Looking for majestic person. 5 years experience.', 'Architecture and Construction', '0', '3'),
('1770', 'Taylor_H42', 'Magazine Designer', '2020-11-6', 'Looking for reachable person. 1 years experience.', 'Arts, Audio/Video, and Communications', '0', '5'),
('1916', 'Lyric_C84', 'Chief Security and Safety Officer', '2020-2-25', 'Looking for led person. 4 years experience.', 'Human Services', '0', '4'),
('1161', 'Tyler_W17', 'Development Coordinator', '2020-8-2', 'Looking for defeats person. 4 years experience.', 'Architecture and Construction', '1', '2'),
('2855', 'Tanner_P09', 'Identification Technician', '2020-5-21', 'Looking for faith person. 5 years experience.', 'Manufacturing', '0', '5'),
('1112', 'Shawn_P40', 'Sheet-Mill Supervisor', '2020-6-2', 'Looking for excels person. 5 years experience.', 'Agriculture and Natural Resources', '0', '1'),
('1510', 'Stevie_L72', 'Industrial Automation Engineer', '2020-5-6', 'Looking for reasonable person. 5 years experience.', 'Business Management and Administration', '1', '4'),
('1969', 'Jessie_F59', 'Infant Teacher', '2020-9-26', 'Looking for trusting person. 5 years experience.', 'Business Management and Administration', '0', '1'),
('1229', 'Rowan_G14', 'Audit Analyst', '2020-9-29', 'Looking for chaste person. 5 years experience.', 'Architecture and Construction', '0', '1'),
('1194', 'Tyler_W17', 'Supervisor, Beehive Kiln', '2020-1-20', 'Looking for bargain person. 5 years experience.', 'Science, Technology, Engineering, and Mathematics', '1', '3'),
('1333', 'Remington_W68', 'Investment Counselor', '2020-11-26', 'Looking for easiest person. 5 years experience.', 'Education and Training', '0', '4'),
('2947', 'Lennon_R94', 'Clay Processing Factory Worker', '2020-4-7', 'Looking for peaceful person. 1 years experience.', 'Law, Public Safety, Corrections and Security', '1', '2'),
('2441', 'Shawn_P40', 'Daycare manager', '2020-1-26', 'Looking for radiance person. 5 years experience.', 'Agriculture and Natural Resources', '0', '5'),
('2542', 'Eden_H82', 'Tennis Professional', '2020-11-5', 'Looking for ethical person. 3 years experience.', 'Science, Technology, Engineering, and Mathematics', '1', '1'),
('1970', 'Toby_F40', 'Campaign Management Senior Manager', '2020-12-3', 'Looking for unrivaled person. 3 years experience.', 'Government and Public Administration', '1', '2'),
('2596', 'Winter_F22', 'Electrical Logging Operator', '2020-1-29', 'Looking for fortunate person. 4 years experience.', 'Government and Public Administration', '1', '5'),
('2396', 'Lyric_C84', 'Silverware Etcher', '2020-11-11', 'Looking for revelation person. 4 years experience.', 'Transportation, Distribution and Logistics', '1', '4'),
('1896', 'Tanner_P09', 'Museum Curator', '2020-1-23', 'Looking for exuberance person. 3 years experience.', 'Health Science', '1', '2'),
('1271', 'Emory_S26', 'Chemical Analyst', '2020-6-19', 'Looking for enchant person. 3 years experience.', 'Human Services', '0', '3'),
('1832', 'Tanner_P09', 'Supervisor, Sheet Manufacturing', '2020-12-6', 'Looking for proficient person. 3 years experience.', 'Manufacturing', '1', '2'),
('1630', 'Kamryn_T64', 'Metal Worker', '2020-10-2', 'Looking for cleanest person. 5 years experience.', 'Education and Training', '0', '1'),
('1448', 'Harley_O76', 'Noodle Press Operator', '2020-5-5', 'Looking for pep person. 3 years experience.', 'Education and Training', '0', '4'),
('2883', 'Harley_O76', 'Garment Looper', '2020-7-2', 'Looking for entrancing person. 4 years experience.', 'Hospitality and Tourism', '0', '4'),
('1181', 'Leighton_G04', 'Care Team Assistant', '2020-9-16', 'Looking for energize person. 5 years experience.', 'Human Services', '0', '3'),
('1201', 'Elliot_H57', 'Dairy Processing Supervisor', '2020-7-26', 'Looking for defeating person. 5 years experience.', 'Information Technology', '1', '2'),
('1570', 'Skyler_D48', 'Chinese Instructor', '2020-11-15', 'Looking for humane person. 5 years experience.', 'Health Science', '1', '4'),
('2645', 'Tanner_P09', 'Brick Baker', '2020-10-10', 'Looking for improved person. 1 years experience.', 'Government and Public Administration', '0', '1'),
('2389', 'Taylor_H42', 'Client Service Consultant', '2020-12-19', 'Looking for enrich person. 2 years experience.', 'Government and Public Administration', '1', '1'),
('2765', 'Sage_M62', 'Adzing-And-Boring-Machine Helper', '2020-10-1', 'Looking for inpressed person. 5 years experience.', 'Marketing, Sales and Service', '1', '2'),
('2878', 'Toby_F40', 'Sitecore Developer', '2020-4-25', 'Looking for undaunted person. 4 years experience.', 'Science, Technology, Engineering, and Mathematics', '1', '5'),
('2491', 'Taylor_H42', 'Prekindergarten Teacher', '2020-7-12', 'Looking for uplifting person. 3 years experience.', 'Transportation, Distribution and Logistics', '0', '1'),
('1801', 'Kamryn_T64', 'Diesel-Mechanic Apprentice', '2020-8-17', 'Looking for glorious person. 4 years experience.', 'Finance', '1', '1'),
('2870', 'Dakota_H86', 'Printing Shop Supervisor', '2020-3-29', 'Looking for rapturous person. 1 years experience.', 'Law, Public Safety, Corrections and Security', '1', '4'),
('1907', 'West_S25', 'Industrial Sales Manager', '2020-9-8', 'Looking for upgradable person. 4 years experience.', 'Marketing, Sales and Service', '1', '5'),
('1165', 'Val_B26', 'Front Office Director', '2020-12-2', 'Looking for prefered person. 3 years experience.', 'Health Science', '1', '1'),
('1455', 'Reese_M93', 'Fire Assistant', '2020-9-10', 'Looking for oasis person. 4 years experience.', 'Health Science', '0', '5'),
('1113', 'Jessie_F59', 'Patient Registration Clerk', '2020-4-12', 'Looking for cleanest person. 3 years experience.', 'Hospitality and Tourism', '0', '1'),
('2398', 'Jessie_F59', 'Shafting Cleaner', '2020-7-17', 'Looking for adjustable person. 1 years experience.', 'Marketing, Sales and Service', '0', '5'),
('1947', 'West_S25', 'Cloth Layer', '2020-12-16', 'Looking for reasonable person. 4 years experience.', 'Health Science', '0', '1'),
('1633', 'Taylor_H42', 'Force Adjustment Supervisor', '2020-12-5', 'Looking for endorsing person. 3 years experience.', 'Marketing, Sales and Service', '1', '3'),
('2132', 'Sage_M62', 'Cloth Grader Supervisor', '2020-12-3', 'Looking for foremost person. 3 years experience.', 'Human Services', '0', '5'),
('1062', 'Ryan_H87', 'Deblocker', '2020-11-8', 'Looking for fancier person. 1 years experience.', 'Arts, Audio/Video, and Communications', '0', '5'),
('2816', 'Sawyer_S81', 'Heavy Antiarmor Weapons Infantryman', '2020-8-15', 'Looking for immense person. 5 years experience.', 'Marketing, Sales and Service', '1', '1'),
('2801', 'West_S25', 'Restoration Officer', '2020-4-18', 'Looking for wonderful person. 2 years experience.', 'Government and Public Administration', '1', '3'),
('2121', 'Elliot_H57', 'Levi Maker', '2020-7-13', 'Looking for fondness person. 5 years experience.', 'Hospitality and Tourism', '1', '4'),
('1593', 'Sean_P46', 'Engine Assembler', '2020-4-6', 'Looking for enthrall person. 5 years experience.', 'Marketing, Sales and Service', '0', '3'),
('1784', 'Leighton_G04', 'Fiberglass Boat Assembly Supervisor', '2020-8-16', 'Looking for plush person. 2 years experience.', 'Arts, Audio/Video, and Communications', '1', '1'),
('1211', 'Milan_O26', 'Advertising Coordinator', '2020-7-5', 'Looking for luckiest person. 1 years experience.', 'Finance', '0', '1'),
('2545', 'Tanner_P09', 'Telemetry Nurse', '2020-5-28', 'Looking for improves person. 2 years experience.', 'Transportation, Distribution and Logistics', '0', '5'),
('2040', 'Dallas_F95', 'Capping-Machine Operator', '2020-12-9', 'Looking for glow person. 3 years experience.', 'Science, Technology, Engineering, and Mathematics', '0', '3'),
('1742', 'Harley_O76', 'Alligator Trapper', '2020-9-12', 'Looking for virtuous person. 4 years experience.', 'Education and Training', '1', '5'),
('1010', 'Stevie_L72', 'Cephalometric Tracer', '2020-1-10', 'Looking for elan person. 3 years experience.', 'Marketing, Sales and Service', '0', '4'),
('2205', 'Alexis_S26', 'Air Reduction Equipment Operator', '2020-8-10', 'Looking for relish person. 3 years experience.', 'Government and Public Administration', '1', '3'),
('2704', 'Taylor_H42', 'Centrifugal-Extractor Operator', '2020-3-18', 'Looking for pleases person. 3 years experience.', 'Government and Public Administration', '1', '5'),
('1242', 'Kamryn_T64', 'Integration Specialist', '2020-4-24', 'Looking for heartening person. 3 years experience.', 'Government and Public Administration', '0', '3'),
('1206', 'Finley_E06', 'Slag Mixer', '2020-4-20', 'Looking for intimate person. 1 years experience.', 'Hospitality and Tourism', '1', '2'),
('2867', 'Jessie_F59', 'Assistant Winemaker', '2020-12-1', 'Looking for extoll person. 4 years experience.', 'Government and Public Administration', '1', '3'),
('1953', 'Leighton_G04', 'Stonecutter, Hand', '2020-2-4', 'Looking for elegant person. 1 years experience.', 'Education and Training', '1', '1'),
('2754', 'Sage_M62', 'Solar-Energy-System-Installer Helper', '2020-12-29', 'Looking for pep person. 3 years experience.', 'Information Technology', '1', '2'),
('1500', 'Angel_D47', 'Finishing Tunnel Operator', '2020-6-25', 'Looking for wonder person. 2 years experience.', 'Manufacturing', '1', '1'),
('2836', 'Val_B26', 'Inventory and Pricing Associate', '2020-11-10', 'Looking for privileged person. 1 years experience.', 'Government and Public Administration', '1', '4'),
('1944', 'Emerson_W32', 'Commercial Painter', '2020-8-4', 'Looking for flexible person. 1 years experience.', 'Information Technology', '0', '1'),
('1613', 'West_S25', 'Flexographic Press Operator', '2020-5-22', 'Looking for encourage person. 4 years experience.', 'Science, Technology, Engineering, and Mathematics', '1', '1'),
('1652', 'Reese_M93', 'Supervisor, Aircraft Cleaning', '2020-12-25', 'Looking for fun person. 5 years experience.', 'Law, Public Safety, Corrections and Security', '1', '2'),
('2453', 'Charlie_G46', 'Chemical Plant Operator', '2020-11-21', 'Looking for upheld person. 2 years experience.', 'Business Management and Administration', '1', '4'),
('2589', 'River_J54', 'Accreditation Manager', '2020-6-24', 'Looking for frolic person. 5 years experience.', 'Arts, Audio/Video, and Communications', '1', '2'),
('2818', 'Rowan_G14', 'Sample Clerk', '2020-5-26', 'Looking for keenness person. 4 years experience.', 'Information Technology', '0', '3'),
('1111', 'Finley_E06', 'Speech and Drama Teacher', '2020-9-8', 'Looking for fresh person. 5 years experience.', 'Finance', '0', '2'),
('2412', 'Elliot_H57', 'Assignment Desk Assistant', '2020-1-25', 'Looking for fecilitous person. 5 years experience.', 'Finance', '1', '4'),
('1136', 'Winter_F22', 'Can Operator', '2020-11-4', 'Looking for gratitude person. 4 years experience.', 'Marketing, Sales and Service', '0', '3'),
('2913', 'Dallas_F95', 'Candle Making Supervisor', '2020-9-18', 'Looking for gold person. 3 years experience.', 'Architecture and Construction', '0', '4'),
('2664', 'Landry_G52', 'Drafting Clerk', '2020-10-26', 'Looking for upgradable person. 4 years experience.', 'Government and Public Administration', '0', '1'),
('2709', 'Riley_H70', 'Cullet Crusher and Washer', '2020-11-26', 'Looking for leads person. 1 years experience.', 'Transportation, Distribution and Logistics', '1', '5'),
('2616', 'Taylor_R13', 'Bag Machine Adjuster', '2020-2-6', 'Looking for luxuriant person. 4 years experience.', 'Hospitality and Tourism', '1', '1'),
('2198', 'Lyric_C84', 'Naprapath', '2020-6-12', 'Looking for endorses person. 1 years experience.', 'Law, Public Safety, Corrections and Security', '1', '3'),
('2490', 'Tanner_P09', 'Grain Cleaner', '2020-7-4', 'Looking for romantic person. 3 years experience.', 'Marketing, Sales and Service', '0', '4'),
('2594', 'Casey_G39', 'Director of Infection Control', '2020-5-28', 'Looking for stupendous person. 3 years experience.',  'Finance', '0', '2');

INSERT INTO CreditCardInfo(CCNumber, ExpireDate, CCBNumber, IsDefault, Auto_Manual)
VALUES ('5579788361846434', '2021-10-14', '435', '0', '1'),
('5434765757435842', '2022-9-3', '489', '1', '1'),
('1900464211136534', '2021-5-8', '597', '1', '1'),
('3355876924110894', '2021-7-27', '709', '1', '1'),
('4034272656077173', '2022-9-25', '297', '1', '0'),
('5300200311172169', '2022-10-14', '980', '1', '0'),
('3117456655671390', '2021-7-8', '364', '1', '1'),
('1413449449549873', '2022-4-11', '367', '0', '1'),
('5035050422586528', '2022-7-8', '264', '1', '1'),
('2314601200484975', '2022-9-7', '288', '1', '1'),
('9013442736477771', '2021-5-22', '840', '0', '0'),
('6328492360697743', '2021-6-18', '915', '1', '0'),
('9114588447312285', '2021-1-16', '896', '1', '0'),
('5230221331741325', '2022-2-2', '972', '0', '1'),
('6280715929429333', '2022-9-3', '310', '0', '1'),
('9203739344100381', '2022-5-23', '826', '1', '0'),
('2787460427680018', '2021-9-9', '548', '0', '1'),
('1800785963973167', '2022-6-21', '343', '0', '0'),
('9817481968876719', '2022-9-10', '981', '0', '1'),
('6899846605745302', '2022-2-7', '852', '0', '1'),
('0324115531149446', '2021-3-26', '874', '1', '0'),
('0500259509582303', '2021-2-11', '391', '0', '1'),
('2079856659610883', '2021-4-25', '097', '0', '1'),
('0441301861892947', '2021-11-24', '312', '1', '1'),
('4617863603962444', '2022-7-7', '969', '0', '1'),
('1437729040620871', '2021-10-25', '039', '0', '0'),
('3169037008206372', '2022-10-28', '958', '0', '0'),
('3913578152836165', '2021-8-16', '523', '0', '0'),
('1935957997606866', '2022-7-28', '974', '1', '1'),
('3613775908053224', '2021-6-2', '105', '0', '1'),
('2824623554286033', '2021-5-28', '780', '1', '1'),
('7160505351907478', '2021-7-23', '673', '0', '1'),
('0752411470781594', '2021-9-2', '427', '1', '1'),
('9795128187864081', '2021-10-27', '006', '1', '1'),
('7687362071794711', '2022-9-1', '889', '0', '1'),
('9035406124719472', '2021-1-12', '038', '0', '1'),
('6522392783706231', '2022-11-25', '181', '1', '1'),
('9442504208440468', '2022-9-10', '443', '1', '1'),
('8375390095047524', '2021-4-28', '714', '0', '1'),
('4428902752235965', '2022-2-21', '849', '1', '1'),
('0584436762195246', '2021-1-11', '674', '1', '0'),
('3331552980416608', '2022-9-3', '069', '1', '1'),
('0813454208292730', '2021-5-2', '536', '1', '1'),
('2088524365691993', '2022-6-21', '984', '1', '1'),
('0840303290324515', '2022-9-17', '673', '1', '1'),
('2052569223922918', '2021-2-19', '571', '1', '1'),
('1539020496312409', '2022-3-1', '027', '1', '0'),
('5088968367639906', '2022-5-28', '389', '0', '1'),
('4080156832985430', '2021-10-20', '402', '1', '1'),
('1854895237349223', '2021-5-7', '667', '1', '1'),
('2967820400617177', '2021-3-16', '538', '1', '0'),
('7777706101791501', '2022-7-8', '943', '1', '0'),
('0926818508900788', '2021-5-26', '706', '1', '1'),
('5531584241475847', '2022-11-2', '207', '1', '1'),
('3361832496341167', '2022-3-13', '390', '0', '0'),
('5336971587678120', '2021-4-9', '494', '0', '0'),
('8744190375221059', '2022-10-1', '089', '0', '0'),
('6906101567091987', '2021-10-27', '257', '0', '0'),
('5900156350489860', '2022-2-18', '660', '1', '1'),
('2855617524103550', '2021-1-13', '660', '0', '0'),
('0319186839628681', '2022-5-26', '773', '0', '1'),
('9052690881810561', '2021-8-24', '502', '1', '1'),
('6049836395851488', '2022-3-28', '158', '0', '0'),
('6594433862189163', '2021-7-19', '642', '1', '0'),
('3687213883112228', '2022-6-4', '107', '0', '1'),
('5722480649850291', '2021-8-10', '612', '1', '1'),
('5285470073853387', '2021-10-10', '289', '1', '1'),
('7957644253873702', '2021-11-19', '946', '0', '1'),
('7014007815607724', '2021-5-11', '237', '0', '1'),
('8178768450706950', '2021-5-22', '040', '0', '0'),
('8518402076736184', '2021-6-13', '613', '1', '0'),
('9820772061873900', '2022-9-12', '308', '0', '1'),
('0937364950783849', '2022-5-10', '925', '1', '1'),
('8371319367856410', '2022-6-5', '312', '1', '1'),
('8727685636947573', '2021-9-25', '962', '1', '1'),
('7147580236538474', '2022-1-25', '536', '1', '1'),
('6345037106811479', '2021-3-18', '954', '1', '1'),
('0084785868402042', '2022-2-24', '172', '0', '0'),
('5722510469618909', '2021-7-27', '416', '1', '1'),
('9170700061583781', '2021-11-14', '659', '1', '1'),
('9112791526869640', '2022-10-28', '981', '1', '1'),
('3613633439616629', '2021-5-23', '118', '1', '1'),
('1751459195741448', '2021-1-6', '495', '1', '1'),
('6171768089294955', '2022-3-19', '641', '0', '1'),
('7949382639928976', '2021-2-24', '312', '1', '1'),
('4797904899802144', '2022-3-3', '565', '0', '1'),
('1150107610846845', '2021-5-8', '469', '0', '1'),
('1820792568316865', '2022-1-18', '951', '1', '1'),
('6370925033664752', '2022-11-28', '440', '0', '0'),
('9219470959332692', '2021-6-27', '173', '0', '0'),
('0853448516753957', '2021-6-20', '477', '0', '1'),
('0565992319344759', '2021-7-14', '333', '0', '1'),
('7493012206483012', '2021-3-3', '107', '0', '0'),
('6335130535848525', '2022-4-15', '718', '0', '0'),
('3609211421878440', '2021-9-12', '225', '1', '0'),
('6187470249486128', '2021-10-14', '542', '1', '1'),
('1403155468349919', '2021-10-25', '968', '0', '0'),
('4047011902520947', '2021-2-21', '478', '0', '0'),
('0387190655508331', '2021-3-18', '986', '1', '0'),
('4755195282424674', '2021-3-9', '766', '1', '0'),
('0583106862791653', '2022-3-13', '782', '1', '0'),
('6213832295458284', '2022-6-1', '743', '1', '1'),
('1367373300244557', '2022-8-13', '759', '0', '0'),
('5314864699821081', '2021-4-1', '458', '1', '1'),
('7432405842491937', '2021-3-9', '026', '0', '1'),
('1566001806412820', '2022-2-9', '742', '1', '0'),
('7353315762342099', '2022-11-4', '986', '1', '0'),
('6333532243136992', '2021-1-16', '801', '0', '0'),
('3766183082570319', '2022-1-11', '955', '1', '0'),
('6797592777775789', '2021-8-9', '993', '0', '1'),
('4770724072697031', '2021-3-23', '046', '0', '1'),
('7118327946054145', '2022-2-10', '992', '1', '1'),
('0729363628516973', '2022-11-23', '571', '0', '1'),
('1113433059369620', '2022-7-4', '182', '1', '1'),
('1740111609081676', '2021-5-25', '709', '0', '1'),
('8451847186143476', '2021-9-3', '957', '0', '1'),
('4606068615036930', '2022-10-9', '413', '1', '0'),
('7412686338579598', '2022-3-22', '886', '1', '1'),
('0585027616074300', '2021-3-25', '127', '0', '1'),
('9174379213081790', '2021-1-19', '230', '0', '0'),
('0043342415709529', '2022-5-1', '038', '0', '1'),
('0756549643088558', '2021-4-6', '832', '0', '1'),
('1546249544385994', '2022-2-12', '941', '1', '1'),
('7185362581998527', '2022-10-6', '998', '0', '0'),
('6389300674525882', '2022-4-18', '641', '1', '0'),
('1962192694859166', '2021-4-3', '166', '0', '0'),
('7108306358958351', '2021-1-7', '314', '1', '1'),
('2987446375774670', '2022-11-7', '832', '0', '1'),
('7469624849638836', '2022-10-19', '611', '1', '1'),
('3219735292986385', '2021-11-2', '489', '0', '1'),
('9844950307528352', '2021-2-17', '155', '0', '0'),
('2098482243205794', '2021-6-16', '831', '1', '1'),
('1865520447009814', '2021-3-5', '434', '0', '0'),
('1199231577049943', '2021-7-20', '418', '0', '0'),
('2857356233652183', '2022-1-19', '073', '1', '1'),
('9653811448689299', '2022-11-25', '316', '0', '1'),
('2556525673330219', '2022-1-13', '739', '1', '1'),
('8246854918382846', '2021-9-28', '815', '0', '1'),
('6105472657613703', '2021-10-3', '367', '1', '0'),
('1574633023543854', '2021-4-24', '685', '0', '1'),
('4810753952714921', '2021-9-2', '591', '1', '1'),
('4628884567813665', '2022-9-18', '813', '1', '1'),
('1870799717819884', '2021-4-23', '985', '0', '0'),
('3217466654773510', '2021-3-20', '975', '1', '0'),
('1652540209341877', '2022-3-20', '515', '1', '1'),
('1364289950545287', '2021-6-21', '825', '0', '0'),
('5577665168407925', '2021-1-3', '554', '0', '0'),
('9629766238583318', '2021-3-1', '766', '0', '1'),
('5377308266993800', '2021-5-15', '772', '1', '1'),
('2140183082475766', '2022-10-4', '259', '1', '1');

INSERT INTO PADInfo(AccountNumber, InstituteNumber, BranchNumber, IsDefault, Auto_Manual)
VALUES ('4433775', '842', '6', '1', '0'),
('6434871', '277', '40', '0', '0'),
('7847876', '001', '24', '0', '1'),
('0925362', '241', '74', '0', '1'),
('6458915', '603', '61', '0', '0'),
('7740353', '333', '71', '0', '1'),
('3090384', '604', '46', '0', '0'),
('1531689', '240', '6', '1', '0'),
('7497317', '309', '3', '0', '1'),
('4267009', '890', '97', '0', '0'),
('7013996', '277', '41', '1', '1'),
('6190051', '219', '84', '0', '1'),
('4300666', '270', '75', '0', '0'),
('6212239', '030', '69', '1', '0'),
('9953496', '340', '77', '1', '1'),
('1249957', '580', '28', '0', '1'),
('2423949', '568', '11', '1', '1'),
('1327633', '309', '26', '1', '0'),
('6809988', '301', '38', '1', '0'),
('5860342', '606', '63', '1', '0'),
('6885653', '890', '16', '0', '1'),
('4687443', '301', '68', '1', '1'),
('5004487', '242', '59', '1', '1'),
('6025513', '336', '95', '0', '1'),
('7879245', '844', '84', '1', '1'),
('9706491', '290', '83', '1', '1'),
('9920635', '618', '76', '1', '0'),
('7806643', '839', '49', '1', '0'),
('2700730', '277', '67', '0', '1'),
('3926755', '328', '90', '1', '1'),
('8815797', '177', '32', '0', '1'),
('2475061', '507', '51', '1', '0'),
('0908367', '618', '57', '0', '1'),
('3071698', '315', '61', '0', '1'),
('6933746', '840', '82', '1', '1'),
('6029110', '345', '94', '1', '0'),
('6158343', '326', '37', '0', '0'),
('7743948', '269', '93', '0', '0'),
('6519465', '604', '35', '1', '1'),
('7247526', '328', '91', '0', '1'),
('1388156', '620', '98', '0', '0'),
('7585496', '815', '72', '0', '1'),
('6632904', '890', '12', '0', '0'),
('5227930', '354', '87', '0', '1'),
('0682506', '250', '60', '0', '1'),
('4284785', '809', '5', '0', '0'),
('9688762', '269', '98', '0', '0'),
('4644850', '540', '9', '1', '0'),
('6656951', '333', '18', '0', '1'),
('4220065', '290', '28', '0', '0'),
('9503805', '592', '8', '0', '0'),
('6121064', '240', '46', '0', '1'),
('6177187', '290', '18', '0', '1'),
('3043363', '270', '16', '0', '1'),
('4636626', '844', '63', '1', '0'),
('6388153', '327', '62', '1', '1'),
('6158316', '357', '77', '1', '1'),
('6940842', '311', '79', '1', '0'),
('9277959', '345', '11', '0', '1'),
('7579357', '260', '46', '1', '1'),
('5860008', '580', '30', '1', '1'),
('6050425', '828', '46', '0', '0'),
('9598076', '311', '98', '1', '1'),
('5649450', '340', '27', '0', '1'),
('0659102', '879', '72', '1', '0'),
('5919674', '338', '64', '0', '1'),
('6336787', '522', '15', '0', '1'),
('0271271', '899', '73', '1', '1'),
('9716536', '614', '3', '1', '1'),
('2955931', '810', '31', '1', '0'),
('1197479', '242', '49', '0', '1'),
('7978635', '614', '28', '1', '0'),
('9074532', '621', '69', '0', '0'),
('2814018', '333', '8', '0', '0'),
('9474768', '889', '19', '0', '1'),
('8911456', '344', '61', '0', '0'),
('7178367', '355', '61', '0', '1'),
('0848363', '808', '12', '1', '0'),
('3844639', '311', '86', '0', '1'),
('0143270', '830', '29', '0', '1'),
('1575816', '345', '23', '0', '1'),
('6183420', '837', '11', '0', '1'),
('2981296', '301', '97', '0', '0'),
('2740971', '361', '33', '1', '0'),
('2844627', '890', '17', '0', '0'),
('2009073', '030', '24', '1', '0'),
('2284425', '621', '82', '1', '0'),
('7481691', '330', '94', '0', '1'),
('2697594', '333', '14', '1', '1'),
('9046537', '846', '90', '1', '0'),
('9047647', '570', '97', '1', '0'),
('0051569', '322', '72', '1', '1'),
('8567455', '808', '40', '1', '1'),
('0972568', '347', '34', '1', '1'),
('5845425', '003', '3', '0', '0'),
('7769618', '540', '52', '0', '1'),
('3414163', '269', '29', '1', '1'),
('2408829', '630', '2', '1', '1'),
('9725487', '604', '27', '0', '0'),
('7932527', '260', '79', '0', '0'),
('7162171', '250', '60', '0', '1'),
('8379505', '326', '27', '0', '1'),
('5746619', '839', '66', '1', '0'),
('0574742', '001', '77', '0', '0'),
('1073807', '277', '44', '1', '0'),
('4290515', '311', '44', '0', '0'),
('3699623', '294', '74', '0', '1'),
('0999020', '301', '45', '1', '1'),
('3029689', '321', '72', '0', '1'),
('0567371', '303', '46', '1', '0'),
('8782633', '308', '93', '1', '1'),
('0689721', '608', '41', '0', '0'),
('3559491', '001', '43', '1', '0'),
('7582958', '846', '74', '0', '0'),
('9529885', '290', '42', '1', '0'),
('7696439', '277', '62', '1', '1'),
('5521178', '829', '73', '0', '0'),
('6706527', '301', '65', '0', '0'),
('7084326', '808', '2', '1', '1'),
('0312281', '608', '96', '1', '0'),
('4029416', '245', '45', '1', '1'),
('0021148', '630', '62', '1', '1'),
('9574394', '001', '21', '0', '1'),
('9226382', '309', '94', '1', '0'),
('0654367', '334', '35', '0', '0'),
('5539923', '837', '53', '1', '1'),
('5070853', '010', '89', '0', '0'),
('2886016', '358', '16', '1', '1'),
('7049059', '829', '7', '0', '1'),
('9519597', '318', '91', '1', '1'),
('7798949', '338', '71', '1', '0'),
('9335307', '355', '16', '0', '1'),
('6557127', '245', '57', '1', '1'),
('7527837', '840', '46', '1', '0'),
('7841938', '338', '55', '0', '1'),
('6590370', '347', '19', '1', '0'),
('5854731', '361', '63', '0', '1'),
('7897217', '550', '27', '1', '0'),
('7223574', '326', '56', '0', '1'),
('8516738', '830', '78', '1', '1'),
('3027043', '803', '42', '0', '1'),
('0168817', '620', '73', '0', '0'),
('1482408', '621', '27', '1', '1'),
('3265787', '360', '2', '0', '1'),
('2253403', '269', '38', '0', '0'),
('5607710', '301', '53', '1', '0'),
('6479669', '592', '88', '1', '1'),
('5234638', '854', '50', '1', '1'),
('1237465', '345', '70', '0', '0'),
('7507963', '269', '59', '0', '1');

INSERT INTO Application(ApplicantUserName, JobID, ApplicationStatus, ApplicationDate)
VALUES ('Roan_B90', '1544', 'sent', '2020-7-23'),
('Aubrey_H14', '2310', 'sent', '2020-5-21'),
('Taylor_B25', '1906', 'hired', '2020-2-12'),
('Gray_M27', '1906', 'sent', '2020-8-15'),
('Blaine_L63', '1718', 'sent', '2020-5-3'),
('Rudy_R28', '1718', 'review', '2020-1-20'),
('Campbell_B00', '1718', 'review', '2020-7-19'),
('Riley_J76', '1562', 'accepted', '2020-2-10'),
('Pat_B69', '1562', 'sent', '2020-4-25'),
('Morgan_W41', '2302', 'denied', '2020-10-11'),
('River_H85', '2302', 'accepted', '2020-6-28'),
('Dana_R54', '2302', 'denied', '2020-4-4'),
('Skylar_T30', '2302', 'sent', '2020-11-8'),
('Glenn_C06', '2302', 'hired', '2020-2-2'),
('Jamie_B56', '2620', 'sent', '2020-8-5'),
('Frances_M45', '1369', 'accepted', '2020-8-29'),
('Addison_M64', '1369', 'hired', '2020-8-4'),
('Blaine_L63', '1949', 'sent', '2020-11-27'),
('Alex_L99', '2403', 'accepted', '2020-3-18'),
('Andy_W88', '2403', 'denied', '2020-1-5'),
('River_W33', '2403', 'denied', '2020-7-23'),
('Amari_W87', '1819', 'review', '2020-5-22'),
('Dakota_T49', '1819', 'accepted', '2020-12-14'),
('Gabriel_R94', '1426', 'sent', '2020-12-26'),
('Brett_S27', '1426', 'denied', '2020-11-26'),
('Alex_G66', '1615', 'denied', '2020-9-1'),
('Amari_W87', '1615', 'review', '2020-5-21'),
('Eli_S33', '2096', 'denied', '2020-4-24'),
('Dakota_T49', '2096', 'review', '2020-11-15'),
('Caelan_A45', '2857', 'hired', '2020-1-7'),
('Gray_M27', '2421', 'sent', '2020-3-24'),
('Kaden_W09', '1067', 'review', '2020-1-23'),
('Taylor_B25', '1067', 'hired', '2020-8-4'),
('Jesse_C06', '1067', 'denied', '2020-2-7'),
('Casey_M68', '1067', 'sent', '2020-9-24'),
('Ryan_D90', '2770', 'hired', '2020-9-7'),
('Brett_S27', '1897', 'accepted', '2020-9-29'),
('Casey_M68', '1884', 'denied', '2020-10-25'),
('Riley_B11', '1884', 'sent', '2020-8-29'),
('Ryan_D90', '1884', 'accepted', '2020-12-29'),
('Eddie_C89', '2747', 'accepted', '2020-4-16'),
('Harper_B41', '2747', 'accepted', '2020-2-4'),
('River_W33', '1204', 'review', '2020-9-18'),
('Adrian_R75', '1204', 'hired', '2020-6-4'),
('Frankie_R06', '1204', 'denied', '2020-5-3'),
('Rudy_R28', '1708', 'accepted', '2020-8-16'),
('Logan_R42', '1546', 'review', '2020-9-18'),
('Amari_W87', '1546', 'accepted', '2020-3-24'),
('Peyton_K24', '1657', 'review', '2020-8-5'),
('Phoenix_T26', '1657', 'sent', '2020-5-21'),
('Peyton_W59', '2492', 'hired', '2020-3-18'),
('Roan_B90', '2954', 'denied', '2020-1-27'),
('Dana_R54', '1416', 'hired', '2020-6-17'),
('Aubrey_H14', '2186', 'sent', '2020-10-4'),
('Eli_S33', '2186', 'denied', '2020-9-11'),
('Glenn_C06', '2999', 'accepted', '2020-5-25'),
('Reed_P92', '1386', 'denied', '2020-11-8'),
('Chris_C12', '2464', 'sent', '2020-1-11'),
('Amari_W87', '2253', 'accepted', '2020-6-4'),
('Hunter_J43', '2253', 'denied', '2020-4-7'),
('Roan_B90', '2253', 'review', '2020-4-23'),
('Bobbie_H32', '2253', 'denied', '2020-8-1'),
('Kaden_W09', '2326', 'hired', '2020-8-5'),
('Bay_W87', '1743', 'accepted', '2020-6-28'),
('Devin_P38', '1743', 'sent', '2020-1-29'),
('Morgan_W41', '1743', 'review', '2020-8-15'),
('Ash_A45', '1743', 'review', '2020-6-4'),
('Jesse_C06', '1743', 'hired', '2020-10-7'),
('Blake_M35', '1788', 'accepted', '2020-1-23'),
('Logan_J16', '1788', 'denied', '2020-8-7'),
('Skylar_T30', '2242', 'hired', '2020-1-6'),
('Rudy_R28', '2242', 'accepted', '2020-9-24'),
('Charlie_N40', '1064', 'denied', '2020-2-10'),
('Alex_G66', '1636', 'denied', '2020-7-9'),
('Ari_H29', '1636', 'accepted', '2020-10-13'),
('Hayden_M09', '1981', 'sent', '2020-5-26'),
('Logan_J16', '1061', 'sent', '2020-12-26'),
('Alex_L99', '2351', 'denied', '2020-3-7'),
('Corey_P10', '2351', 'hired', '2020-3-6'),
('Logan_R42', '2693', 'accepted', '2020-7-18'),
('Alex_G66', '2735', 'accepted', '2020-10-10'),
('Dorian_E97', '2735', 'denied', '2020-12-4'),
('Glenn_C06', '1361', 'accepted', '2020-11-7'),
('Dorian_E97', '1361', 'accepted', '2020-9-20'),
('Bobbie_H32', '1868', 'denied', '2020-3-18'),
('Devin_P38', '2977', 'accepted', '2020-1-6'),
('Emerson_A30', '1299', 'sent', '2020-1-23'),
('Jean_R05', '2170', 'denied', '2020-12-26'),
('River_W33', '2170', 'accepted', '2020-5-14'),
('Brook_G51', '2170', 'review', '2020-11-7'),
('Lake_G55', '2865', 'accepted', '2020-11-27'),
('Ari_H29', '2865', 'review', '2020-12-21'),
('Amari_W87', '2865', 'accepted', '2020-3-18'),
('Jordan_R91', '2222', 'accepted', '2020-5-26'),
('Tatum_T51', '2222', 'sent', '2020-2-1'),
('Riley_J76', '1485', 'hired', '2020-7-24'),
('River_H85', '1485', 'sent', '2020-7-21'),
('Aubrey_H14', '1485', 'hired', '2020-10-15'),
('Harper_B41', '1388', 'accepted', '2020-3-20'),
('Jean_R05', '1534', 'accepted', '2020-12-28'),
('Max_J34', '2077', 'accepted', '2020-1-7'),
('Alex_L99', '2077', 'accepted', '2020-8-5'),
('Morgan_W41', '2115', 'sent', '2020-1-7'),
('Riley_J76', '2097', 'sent', '2020-6-17'),
('Tatum_T51', '2097', 'sent', '2020-10-11'),
('Clay_M34', '2097', 'accepted', '2020-4-26'),
('Julian_H34', '2430', 'sent', '2020-8-25'),
('Riley_B11', '2430', 'sent', '2020-8-2'),
('Adrian_R75', '1071', 'review', '2020-1-25'),
('Peyton_W59', '1071', 'accepted', '2020-10-16'),
('Ray_S01', '2607', 'denied', '2020-7-4'),
('Frankie_R06', '2607', 'denied', '2020-2-12'),
('Andy_W88', '2571', 'sent', '2020-3-3'),
('River_W33', '1872', 'denied', '2020-10-13'),
('Carroll_G78', '1872', 'sent', '2020-7-24'),
('Reed_P92', '1394', 'sent', '2020-6-11'),
('Alex_G66', '1394', 'review', '2020-3-18'),
('Bay_W87', '1394', 'denied', '2020-4-16'),
('Riley_J76', '2909', 'accepted', '2020-11-15'),
('Jean_R05', '2909', 'review', '2020-7-23'),
('Addison_C56', '2909', 'denied', '2020-4-20'),
('Taylor_B25', '2476', 'review', '2020-12-28'),
('Rudy_R28', '2303', 'sent', '2020-1-20'),
('Reed_P92', '2303', 'review', '2020-6-21'),
('Bay_W87', '2303', 'sent', '2020-12-25'),
('Ainsley_L20', '2303', 'denied', '2020-8-20'),
('Tyler_R00', '2303', 'review', '2020-7-14'),
('Blake_M35', '1503', 'denied', '2020-1-11'),
('Addison_C56', '1503', 'hired', '2020-9-23'),
('Gray_M27', '2516', 'denied', '2020-10-16'),
('Eli_S33', '2229', 'hired', '2020-9-18'),
('Frances_M45', '2229', 'review', '2020-1-7'),
('Tatum_T51', '2229', 'hired', '2020-5-3'),
('Riley_J76', '2229', 'sent', '2020-1-7'),
('Logan_J16', '1373', 'hired', '2020-8-25'),
('Emerson_A30', '1373', 'denied', '2020-5-26'),
('Dorian_E97', '2004', 'denied', '2020-9-5'),
('Clay_M34', '2004', 'review', '2020-10-11'),
('Ainsley_L20', '2004', 'accepted', '2020-7-14'),
('Skylar_T30', '2366', 'sent', '2020-5-21'),
('Drew_E63', '1730', 'accepted', '2020-7-23'),
('Phoenix_T26', '1466', 'accepted', '2020-8-4'),
('Jordan_R91', '1770', 'review', '2020-9-10'),
('Aspen_Y51', '1916', 'denied', '2020-11-27'),
('Logan_R42', '1161', 'denied', '2020-12-25'),
('Bailey_K73', '1161', 'denied', '2020-11-7'),
('Aspen_Y51', '1161', 'review', '2020-9-11'),
('Daryl_C62', '1161', 'denied', '2020-2-2'),
('Morgan_W41', '2855', 'accepted', '2020-8-1'),
('Logan_J16', '2855', 'hired', '2020-7-21'),
('Pat_B69', '2855', 'denied', '2020-1-20'),
('Julian_H34', '2855', 'accepted', '2020-5-25'),
('Blaine_L63', '1112', 'sent', '2020-7-4'),
('Frances_M45', '1112', 'sent', '2020-5-27'),
('Elliott_S32', '1510', 'review', '2020-9-18'),
('Max_J34', '1969', 'hired', '2020-2-12'),
('Ari_H29', '1969', 'accepted', '2020-1-25'),
('Rudy_R28', '1969', 'denied', '2020-1-16'),
('Caelan_A45', '1229', 'sent', '2020-7-21'),
('Andy_W88', '1229', 'denied', '2020-4-15'),
('Dana_R54', '1194', 'hired', '2020-5-22'),
('Daryl_C62', '1194', 'review', '2020-6-28'),
('Caelan_A45', '1194', 'sent', '2020-11-11'),
('Julian_H34', '1194', 'denied', '2020-11-27'),
('Lake_G55', '1194', 'review', '2020-1-23'),
('Adrian_R75', '1333', 'accepted', '2020-7-21'),
('Ryan_D90', '2947', 'review', '2020-10-13'),
('Dana_R54', '2947', 'accepted', '2020-4-4'),
('Clay_M34', '2947', 'review', '2020-5-21'),
('Clay_M34', '2441', 'hired', '2020-1-5'),
('Ari_H29', '2441', 'denied', '2020-3-24'),
('Carroll_G78', '2542', 'accepted', '2020-7-29'),
('Carroll_G78', '1970', 'denied', '2020-5-22'),
('Bay_W87', '2596', 'sent', '2020-2-6'),
('Lake_G55', '2596', 'hired', '2020-9-7'),
('Logan_R42', '2596', 'denied', '2020-4-16'),
('Riley_B11', '2396', 'denied', '2020-1-20'),
('Dana_R54', '2396', 'sent', '2020-9-23'),
('Ari_H29', '1896', 'sent', '2020-8-1'),
('Dorian_E97', '1896', 'denied', '2020-12-21'),
('Caelan_A45', '1896', 'sent', '2020-11-16'),
('Jordan_R91', '1271', 'accepted', '2020-9-5'),
('Bailey_K73', '1271', 'hired', '2020-9-24'),
('Kaden_W09', '1271', 'denied', '2020-4-7'),
('Alex_L99', '1271', 'review', '2020-3-6'),
('Tatum_T51', '1271', 'accepted', '2020-11-8'),
('Reed_P92', '1832', 'sent', '2020-7-23'),
('Dana_R54', '1832', 'review', '2020-5-14'),
('Rudy_R28', '1630', 'accepted', '2020-11-16'),
('Reed_P92', '1630', 'accepted', '2020-7-5'),
('Avery_S77', '1448', 'review', '2020-2-6'),
('Drew_E63', '1448', 'review', '2020-1-23'),
('Adrian_R75', '1448', 'accepted', '2020-3-2'),
('Eli_S33', '2883', 'hired', '2020-10-25'),
('Jamie_B56', '1181', 'sent', '2020-5-3'),
('Roan_B90', '1181', 'denied', '2020-7-27'),
('River_H85', '1201', 'hired', '2020-9-10'),
('Eddie_C89', '1570', 'hired', '2020-9-5'),
('Skylar_T30', '1570', 'accepted', '2020-5-28'),
('Jordan_R91', '2645', 'sent', '2020-8-14'),
('Frances_M45', '2645', 'sent', '2020-6-29'),
('Blaine_L63', '2389', 'sent', '2020-5-29'),
('River_W33', '2765', 'accepted', '2020-10-25'),
('Charlie_N40', '2878', 'hired', '2020-3-20'),
('Emerson_A30', '2491', 'denied', '2020-3-2'),
('Brett_S27', '1801', 'review', '2020-3-14'),
('Tatum_T51', '2870', 'hired', '2020-9-7'),
('Devin_P38', '1907', 'accepted', '2020-12-21'),
('Drew_E63', '1907', 'denied', '2020-6-17'),
('River_H85', '1907', 'accepted', '2020-12-26'),
('Andy_W88', '1907', 'sent', '2020-4-24'),
('River_H85', '1165', 'review', '2020-4-21'),
('Jordan_M92', '1165', 'sent', '2020-12-14'),
('Alex_L99', '1455', 'sent', '2020-3-28'),
('Jordan_R91', '1455', 'accepted', '2020-4-23'),
('Tyler_R00', '1455', 'accepted', '2020-6-16'),
('Logan_J16', '1113', 'accepted', '2020-3-24'),
('Gray_M27', '2398', 'sent', '2020-4-26'),
('Aspen_Y51', '2398', 'sent', '2020-11-7'),
('Addison_M64', '2398', 'denied', '2020-3-14'),
('Hayden_M09', '2398', 'denied', '2020-11-11'),
('Bay_W87', '1947', 'review', '2020-9-24'),
('Brett_S27', '1947', 'sent', '2020-10-17'),
('Harper_B41', '1947', 'hired', '2020-4-25'),
('Gray_M27', '1633', 'sent', '2020-9-5'),
('Roan_B90', '2132', 'accepted', '2020-9-20'),
('Alex_G66', '2132', 'hired', '2020-7-19'),
('Addison_M64', '2132', 'accepted', '2020-2-25'),
('Brett_S27', '1062', 'accepted', '2020-1-25'),
('Aubrey_H14', '1062', 'accepted', '2020-4-26'),
('Drew_E63', '2816', 'review', '2020-10-13'),
('Jamie_B56', '2801', 'review', '2020-8-29'),
('Kennedy_P13', '2121', 'hired', '2020-11-16'),
('Jules_C86', '2121', 'denied', '2020-5-14'),
('Jules_C86', '1593', 'review', '2020-12-28'),
('Jean_R05', '1784', 'denied', '2020-3-6'),
('Dale_P78', '1784', 'sent', '2020-8-29'),
('Frances_M45', '1211', 'hired', '2020-4-25'),
('Dana_R54', '1211', 'sent', '2020-2-10'),
('Rudy_R28', '2545', 'hired', '2020-3-7'),
('River_W33', '2040', 'sent', '2020-8-29'),
('Eddie_C89', '2040', 'hired', '2020-12-14'),
('Kelly_T96', '1742', 'denied', '2020-9-24'),
('River_H85', '1742', 'sent', '2020-6-11'),
('Julian_H34', '1010', 'review', '2020-1-20'),
('Ryan_D90', '1010', 'sent', '2020-9-5'),
('Jamie_B56', '2205', 'denied', '2020-5-3'),
('Ryan_D90', '2205', 'sent', '2020-8-4'),
('Dorian_E97', '2205', 'accepted', '2020-8-16'),
('Frances_M45', '2205', 'denied', '2020-4-24'),
('Jamie_B56', '2704', 'review', '2020-2-10'),
('River_H85', '1242', 'review', '2020-7-5'),
('Andy_W88', '1242', 'denied', '2020-12-26'),
('Carroll_G78', '1206', 'hired', '2020-1-29'),
('Daryl_C62', '1206', 'denied', '2020-1-23'),
('Frankie_R06', '2867', 'accepted', '2020-4-7'),
('Blake_M35', '2867', 'sent', '2020-10-25'),
('Glenn_C06', '2867', 'hired', '2020-5-21'),
('Daryl_C62', '2867', 'accepted', '2020-7-29'),
('Morgan_W41', '1953', 'hired', '2020-8-29'),
('Logan_J16', '2754', 'review', '2020-1-27'),
('Blaine_L63', '2754', 'sent', '2020-4-24'),
('Pat_B69', '2754', 'sent', '2020-10-26'),
('Riley_J76', '1500', 'sent', '2020-4-25'),
('Dana_R54', '1500', 'review', '2020-1-27'),
('Frances_M45', '2836', 'denied', '2020-9-18'),
('Drew_E63', '2836', 'sent', '2020-7-19'),
('Avery_S77', '1944', 'denied', '2020-1-11'),
('Eli_S33', '1944', 'sent', '2020-8-20'),
('Eli_S33', '1613', 'sent', '2020-4-16'),
('Lake_G55', '1652', 'sent', '2020-4-23'),
('Charlie_N40', '2453', 'sent', '2020-11-8'),
('Bobbie_H32', '2453', 'sent', '2020-10-10'),
('Ash_A45', '2589', 'sent', '2020-7-27'),
('Elliott_S32', '2589', 'sent', '2020-9-18'),
('Reed_P92', '2589', 'review', '2020-8-11'),
('Peyton_W59', '2818', 'accepted', '2020-4-24'),
('Jules_C86', '2818', 'denied', '2020-10-15'),
('Gray_M27', '2818', 'review', '2020-12-25'),
('Blake_M35', '1111', 'review', '2020-8-13'),
('River_W33', '1111', 'denied', '2020-3-7'),
('Kennedy_P13', '2412', 'denied', '2020-6-21'),
('Corey_P10', '2412', 'accepted', '2020-4-20'),
('Campbell_B00', '2412', 'accepted', '2020-3-2'),
('Ainsley_L20', '1136', 'sent', '2020-8-16'),
('Dana_R54', '2913', 'sent', '2020-4-15'),
('Frances_M45', '2913', 'review', '2020-9-11'),
('Kelly_T96', '2664', 'denied', '2020-7-29'),
('Dana_R54', '2709', 'accepted', '2020-6-11'),
('Charlie_N40', '2709', 'denied', '2020-4-16'),
('Gabriel_R94', '2709', 'review', '2020-10-10'),
('Ari_H29', '2616', 'hired', '2020-9-1'),
('Riley_B11', '2198', 'denied', '2020-12-29'),
('River_W33', '2198', 'accepted', '2020-5-27'),
('Ryan_D90', '2490', 'review', '2020-8-5'),
('Reed_P92', '2490', 'hired', '2020-2-4'),
('Bailey_K73', '2490', 'sent', '2020-1-29'),
('Elliott_S32', '2490', 'accepted', '2020-11-8'),
('Glenn_C06', '2594', 'hired', '2020-12-21'),
('Gabriel_R94', '2594', 'review', '2020-4-4');

INSERT INTO EmployerCC(EmployerUserName, CCNumber)
VALUES ('Ryan_H87', '5579788361846434'),
('Sage_C09', '5434765757435842'),
('Sam_J11', '1900464211136534'),
('Shawn_P40', '3355876924110894'),
('Sean_P46', '4034272656077173'),
('Stevie_L72', '5300200311172169'),
('Tanner_P09', '3117456655671390'),
('Taylor_H42', '1413449449549873'),
('Toby_F40', '5035050422586528'),
('Tyler_W17', '2314601200484975'),
('Val_B26', '9013442736477771'),
('West_S25', '6328492360697743'),
('Winter_F22', '9114588447312285'),
('Landry_G52', '5230221331741325'),
('Azariah_B18', '6280715929429333'),
('Oakley_A06', '9203739344100381'),
('Lennon_R94', '2787460427680018'),
('Charlie_G46', '1800785963973167'),
('Skyler_D48', '9817481968876719'),
('Dakota_H86', '6899846605745302'),
('Armani_M36', '0324115531149446'),
('Phoenix_F14', '0500259509582303'),
('Justice_H30', '2079856659610883'),
('Casey_G39', '0441301861892947'),
('Emory_S26', '4617863603962444'),
('Remy_W05', '1437729040620871'),
('Emerson_W32', '3169037008206372'),
('Amari_C79', '3913578152836165'),
('Hayden_W98', '1935957997606866'),
('River_J54', '3613775908053224'),
('Milan_O26', '2824623554286033'),
('Tatum_R53', '7160505351907478'),
('Jessie_F59', '0752411470781594'),
('Finley_E06', '9795128187864081'),
('Riley_H70', '7687362071794711'),
('Rowan_G14', '9035406124719472'),
('Sage_M62', '6522392783706231'),
('Jamie_C80', '9442504208440468'),
('Rory_M00', '8375390095047524'),
('Harley_O76', '4428902752235965'),
('Leighton_G04', '0584436762195246'),
('Peyton_M61', '3331552980416608'),
('Dallas_F95', '0813454208292730'),
('Remington_W68', '2088524365691993'),
('Quinn_W41', '0840303290324515'),
('Alexis_S26', '2052569223922918'),
('Sawyer_S81', '1539020496312409'),
('Kamryn_T64', '5088968367639906'),
('Parker_P96', '4080156832985430'),
('Avery_H25', '1854895237349223'),
('Eden_H82', '2967820400617177'),
('Lyric_C84', '7777706101791501'),
('Elliot_H57', '0926818508900788'),
('Elliott_B79', '5531584241475847'),
('Reese_M93', '3361832496341167'),
('Zion_M46', '5336971587678120'),
('Rylan_K06', '8744190375221059'),
('Jordan_W83', '6906101567091987'),
('Angel_D47', '5900156350489860'),
('Taylor_R13', '2855617524103550');

INSERT INTO EmployerPAD(EmployerUserName, AccountNumber)
VALUES ('Ryan_H87', '4433775'),
('Sage_C09', '6434871'),
('Sam_J11', '7847876'),
('Shawn_P40', '0925362'),
('Sean_P46', '6458915'),
('Stevie_L72', '7740353'),
('Tanner_P09', '3090384'),
('Taylor_H42', '1531689'),
('Toby_F40', '7497317'),
('Tyler_W17', '4267009'),
('Val_B26', '7013996'),
('West_S25', '6190051'),
('Winter_F22', '4300666'),
('Landry_G52', '6212239'),
('Azariah_B18', '9953496'),
('Oakley_A06', '1249957'),
('Lennon_R94', '2423949'),
('Charlie_G46', '1327633'),
('Skyler_D48', '6809988'),
('Dakota_H86', '5860342'),
('Armani_M36', '6885653'),
('Phoenix_F14', '4687443'),
('Justice_H30', '5004487'),
('Casey_G39', '6025513'),
('Emory_S26', '7879245'),
('Remy_W05', '9706491'),
('Emerson_W32', '9920635'),
('Amari_C79', '7806643'),
('Hayden_W98', '2700730'),
('River_J54', '3926755'),
('Milan_O26', '8815797'),
('Tatum_R53', '2475061'),
('Jessie_F59', '0908367'),
('Finley_E06', '3071698'),
('Riley_H70', '6933746'),
('Rowan_G14', '6029110'),
('Sage_M62', '6158343'),
('Jamie_C80', '7743948'),
('Rory_M00', '6519465'),
('Harley_O76', '7247526'),
('Leighton_G04', '1388156'),
('Peyton_M61', '7585496'),
('Dallas_F95', '6632904'),
('Remington_W68', '5227930'),
('Quinn_W41', '0682506'),
('Alexis_S26', '4284785'),
('Sawyer_S81', '9688762'),
('Kamryn_T64', '4644850'),
('Parker_P96', '6656951'),
('Avery_H25', '4220065'),
('Eden_H82', '9503805'),
('Lyric_C84', '6121064'),
('Elliot_H57', '6177187'),
('Elliott_B79', '3043363'),
('Reese_M93', '4636626'),
('Zion_M46', '6388153'),
('Rylan_K06', '6158316'),
('Jordan_W83', '6940842'),
('Angel_D47', '9277959'),
('Taylor_R13', '7579357');

INSERT INTO ApplicantCC(ApplicantUserName, CCNumber)
VALUES ('Avery_S77', '0319186839628681'),
('Riley_J76', '9052690881810561'),
('Peyton_W59', '6049836395851488'),
('Logan_J16', '6594433862189163'),
('Taylor_B25', '3687213883112228'),
('Ryan_D90', '5722480649850291'),
('Jordan_M92', '5285470073853387'),
('Cameron_W88', '7957644253873702'),
('Blake_M35', '7014007815607724'),
('Skylar_T30', '8178768450706950'),
('Emerson_A30', '8518402076736184'),
('Phoenix_T26', '9820772061873900'),
('Hunter_J43', '0937364950783849'),
('Amari_W87', '8371319367856410'),
('River_H85', '8727685636947573'),
('Casey_M68', '7147580236538474'),
('Tatum_T51', '6345037106811479'),
('Alex_G66', '0084785868402042'),
('Addison_M64', '5722510469618909'),
('Tyler_R00', '9170700061583781'),
('Addison_C56', '9112791526869640'),
('Adrian_R75', '3613633439616629'),
('Ainsley_L20', '1751459195741448'),
('Alex_L99', '6171768089294955'),
('Andy_W88', '7949382639928976'),
('Ari_H29', '4797904899802144'),
('Ash_A45', '1150107610846845'),
('Aspen_Y51', '1820792568316865'),
('Aubrey_H14', '6370925033664752'),
('Bailey_K73', '9219470959332692'),
('Bay_W87', '0853448516753957'),
('Blaine_L63', '0565992319344759'),
('Bobbie_H32', '7493012206483012'),
('Brett_S27', '6335130535848525'),
('Brook_G51', '3609211421878440'),
('Caelan_A45', '6187470249486128'),
('Campbell_B00', '1403155468349919'),
('Carroll_G78', '4047011902520947'),
('Charlie_N40', '0387190655508331'),
('Chris_C12', '4755195282424674'),
('Clay_M34', '0583106862791653'),
('Corey_P10', '6213832295458284'),
('Dana_R54', '1367373300244557'),
('Dakota_T49', '5314864699821081'),
('Dale_P78', '7432405842491937'),
('Daryl_C62', '1566001806412820'),
('Devin_P38', '7353315762342099'),
('Dorian_E97', '6333532243136992'),
('Drew_E63', '3766183082570319'),
('Eddie_C89', '6797592777775789'),
('Eli_S33', '4770724072697031'),
('Elliott_S32', '7118327946054145'),
('Frances_M45', '0729363628516973'),
('Frankie_R06', '1113433059369620'),
('Gabriel_R94', '1740111609081676'),
('Glenn_C06', '8451847186143476'),
('Gray_M27', '4606068615036930'),
('Harper_B41', '7412686338579598'),
('Hayden_M09', '0585027616074300'),
('Jamie_B56', '9174379213081790'),
('Jean_R05', '0043342415709529'),
('Jesse_C06', '0756549643088558'),
('Jordan_R91', '1546249544385994'),
('Jules_C86', '7185362581998527'),
('Julian_H34', '6389300674525882'),
('Kaden_W09', '1962192694859166'),
('Kelly_T96', '7108306358958351'),
('Kennedy_P13', '2987446375774670'),
('Lake_G55', '7469624849638836'),
('Logan_R42', '3219735292986385'),
('Max_J34', '9844950307528352'),
('Morgan_W41', '2098482243205794'),
('Pat_B69', '1865520447009814'),
('Peyton_K24', '1199231577049943'),
('Ray_S01', '2857356233652183'),
('Reed_P92', '9653811448689299'),
('Riley_B11', '2556525673330219'),
('River_W33', '8246854918382846'),
('Roan_B90', '6105472657613703'),
('Rudy_R28', '1574633023543854');

INSERT INTO ApplicantPAD(ApplicantUserName, AccountNumber)
VALUES ('Avery_S77', '5860008'),
('Riley_J76', '6050425'),
('Peyton_W59', '9598076'),
('Logan_J16', '5649450'),
('Taylor_B25', '0659102'),
('Ryan_D90', '5919674'),
('Jordan_M92', '6336787'),
('Cameron_W88', '0271271'),
('Blake_M35', '9716536'),
('Skylar_T30', '2955931'),
('Emerson_A30', '1197479'),
('Phoenix_T26', '7978635'),
('Hunter_J43', '9074532'),
('Amari_W87', '2814018'),
('River_H85', '9474768'),
('Casey_M68', '8911456'),
('Tatum_T51', '7178367'),
('Alex_G66', '0848363'),
('Addison_M64', '3844639'),
('Tyler_R00', '0143270'),
('Addison_C56', '1575816'),
('Adrian_R75', '6183420'),
('Ainsley_L20', '2981296'),
('Alex_L99', '2740971'),
('Andy_W88', '2844627'),
('Ari_H29', '2009073'),
('Ash_A45', '2284425'),
('Aspen_Y51', '7481691'),
('Aubrey_H14', '2697594'),
('Bailey_K73', '9046537'),
('Bay_W87', '9047647'),
('Blaine_L63', '0051569'),
('Bobbie_H32', '8567455'),
('Brett_S27', '0972568'),
('Brook_G51', '5845425'),
('Caelan_A45', '7769618'),
('Campbell_B00', '3414163'),
('Carroll_G78', '2408829'),
('Charlie_N40', '9725487'),
('Chris_C12', '7932527'),
('Clay_M34', '7162171'),
('Corey_P10', '8379505'),
('Dana_R54', '5746619'),
('Dakota_T49', '0574742'),
('Dale_P78', '1073807'),
('Daryl_C62', '4290515'),
('Devin_P38', '3699623'),
('Dorian_E97', '0999020'),
('Drew_E63', '3029689'),
('Eddie_C89', '0567371'),
('Eli_S33', '8782633'),
('Elliott_S32', '0689721'),
('Frances_M45', '3559491'),
('Frankie_R06', '7582958'),
('Gabriel_R94', '9529885'),
('Glenn_C06', '7696439'),
('Gray_M27', '5521178'),
('Harper_B41', '6706527'),
('Hayden_M09', '7084326'),
('Jamie_B56', '0312281'),
('Jean_R05', '4029416'),
('Jesse_C06', '0021148'),
('Jordan_R91', '9574394'),
('Jules_C86', '9226382'),
('Julian_H34', '0654367'),
('Kaden_W09', '5539923'),
('Kelly_T96', '5070853'),
('Kennedy_P13', '2886016'),
('Lake_G55', '7049059'),
('Logan_R42', '9519597'),
('Max_J34', '7798949'),
('Morgan_W41', '9335307'),
('Pat_B69', '6557127'),
('Peyton_K24', '7527837'),
('Ray_S01', '7841938'),
('Reed_P92', '6590370'),
('Riley_B11', '5854731'),
('River_W33', '7897217'),
('Roan_B90', '7223574'),
('Rudy_R28', '8516738');
