USE cxc55311;

INSERT INTO User(UserName, FirstName, LastName, Email, ContactNumber, Password)
VALUES ('Avery_S76', 'Avery', 'Smith', 'AverySmith69@coldmail.com', '514-243-5980', 'headlight179'),
('Riley_J91', 'Riley', 'Johnson', 'RileyJohnson36@coldmail.com', '514-691-1656', 'plugin181'),
('Peyton_W55', 'Peyton', 'Williams', 'PeytonWilliams27@coldmail.com', '438-802-2760', 'emergence782'),
('Logan_J79', 'Logan', 'Jones', 'LoganJones72@coldmail.com', '514-501-7408', 'helicopter398'),
('Taylor_B39', 'Taylor', 'Brown', 'TaylorBrown79@hmail.ca', '438-718-0012', 'pansy698'),
('Ryan_D05', 'Ryan', 'Davis', 'RyanDavis74@hmail.ca', '450-949-1017', 'republic209'),
('Jordan_M01', 'Jordan', 'Miller', 'JordanMiller20@hmail.ca', '514-105-0270', 'coverage032'),
('Cameron_W01', 'Cameron', 'Wilson', 'CameronWilson62@hmail.ca', '514-584-3370', 'master681'),
('Blake_M45', 'Blake', 'Moore', 'BlakeMoore67@hmail.ca', '438-629-7674', 'return185'),
('Skylar_T94', 'Skylar', 'Taylor', 'SkylarTaylor13@coldmail.com', '450-551-7935', 'rehospitalisation418'),
('Emerson_A91', 'Emerson', 'Anderson', 'EmersonAnderson52@hmail.ca', '450-029-1317', 'laboratory628'),
('Phoenix_T88', 'Phoenix', 'Thomas', 'PhoenixThomas82@hmail.ca', '450-206-9964', 'grove065'),
('Hunter_J17', 'Hunter', 'Jackson', 'HunterJackson27@coldmail.com', '514-260-4112', 'agenda026'),
('Amari_W29', 'Amari', 'White', 'AmariWhite07@coldmail.com', '450-314-6158', 'apron371'),
('River_H64', 'River', 'Harris', 'RiverHarris77@hmail.ca', '438-919-1371', 'shearling469'),
('Casey_M37', 'Casey', 'Martin', 'CaseyMartin41@coldmail.com', '514-313-6425', 'boutique789'),
('Tatum_T80', 'Tatum', 'Thompson', 'TatumThompson88@hmail.ca', '438-887-0446', 'conga534'),
('Alex_G04', 'Alex', 'Garcia', 'AlexGarcia18@coldmail.com', '514-494-1493', 'prestige049'),
('Addison_M01', 'Addison', 'Martinez', 'AddisonMartinez94@hmail.ca', '450-041-2254', 'mass643'),
('Tyler_R41', 'Tyler', 'Robinson', 'TylerRobinson45@coldmail.com', '438-284-7380', 'pillar652'),
('Addison_C99', 'Addison', 'Clark', 'AddisonClark89@hmail.ca', '438-453-2491', 'underweight187'),
('Adrian_R42', 'Adrian', 'Rodriguez', 'AdrianRodriguez20@coldmail.com', '514-045-3928', 'margin289'),
('Ainsley_L78', 'Ainsley', 'Lewis', 'AinsleyLewis46@coldmail.com', '450-869-0223', 'silence392'),
('Alex_L37', 'Alex', 'Lee', 'AlexLee10@coldmail.com', '514-512-1789', 'hose229'),
('Andy_W03', 'Andy', 'Walker', 'AndyWalker62@hmail.ca', '450-577-3482', 'wifi660'),
('Ari_H54', 'Ari', 'Hall', 'AriHall87@hmail.ca', '514-014-6273', 'mound905'),
('Ash_A42', 'Ash', 'Allen', 'AshAllen53@hmail.ca', '450-673-7492', 'sign791'),
('Aspen_Y08', 'Aspen', 'Young', 'AspenYoung43@hmail.ca', '450-377-6943', 'oats393'),
('Aubrey_H37', 'Aubrey', 'Hernandez', 'AubreyHernandez76@coldmail.com', '514-122-6766', 'subconscious655'),
('Bailey_K56', 'Bailey', 'King', 'BaileyKing73@coldmail.com', '438-739-5099', 'initialize075'),
('Bay_W50', 'Bay', 'Wright', 'BayWright59@hmail.ca', '514-659-9798', 'load090'),
('Blaine_L80', 'Blaine', 'Lopez', 'BlaineLopez48@coldmail.com', '514-829-6068', 'governance731'),
('Bobbie_H42', 'Bobbie', 'Hill', 'BobbieHill82@coldmail.com', '438-493-3085', 'intestine289'),
('Brett_S92', 'Brett', 'Scott', 'BrettScott35@coldmail.com', '438-999-3270', 'mess123'),
('Brook_G08', 'Brook', 'Green', 'BrookGreen49@hmail.ca', '514-380-0006', 'disease058'),
('Caelan_A24', 'Caelan', 'Adams', 'CaelanAdams73@coldmail.com', '450-390-2766', 'straw291'),
('Campbell_B89', 'Campbell', 'Baker', 'CampbellBaker79@hmail.ca', '450-053-5087', 'festival287'),
('Carroll_G80', 'Carroll', 'Gonzalez', 'CarrollGonzalez67@coldmail.com', '514-545-5726', 'pitch848'),
('Charlie_N32', 'Charlie', 'Nelson', 'CharlieNelson26@hmail.ca', '438-828-3431', 'trunk565'),
('Chris_C86', 'Chris', 'Carter', 'ChrisCarter63@coldmail.com', '514-702-3219', 'dimple465'),
('Clay_M12', 'Clay', 'Mitchell', 'ClayMitchell76@coldmail.com', '450-953-6118', 'thermostat749'),
('Corey_P54', 'Corey', 'Perez', 'CoreyPerez96@coldmail.com', '514-999-1859', 'collection773'),
('Dana_R94', 'Dana', 'Roberts', 'DanaRoberts37@hmail.ca', '438-287-7041', 'gratitude334'),
('Dakota_T41', 'Dakota', 'Turner', 'DakotaTurner28@hmail.ca', '514-820-1173', 'geranium085'),
('Dale_P03', 'Dale', 'Phillips', 'DalePhillips72@coldmail.com', '438-772-1237', 'faith721'),
('Daryl_C23', 'Daryl', 'Campbell', 'DarylCampbell57@coldmail.com', '514-651-4879', 'emu902'),
('Devin_P28', 'Devin', 'Parker', 'DevinParker61@coldmail.com', '514-370-6037', 'heron149'),
('Dorian_E82', 'Dorian', 'Evans', 'DorianEvans61@hmail.ca', '514-495-6625', 'littleneck276'),
('Drew_E30', 'Drew', 'Edwards', 'DrewEdwards42@hmail.ca', '438-188-0664', 'spasm637'),
('Eddie_C30', 'Eddie', 'Collins', 'EddieCollins39@hmail.ca', '438-701-0777', 'lieutenant026'),
('Eli_S12', 'Eli', 'Stewart', 'EliStewart01@hmail.ca', '438-412-8282', 'backup622'),
('Elliott_S53', 'Elliott', 'Sanchez', 'ElliottSanchez74@coldmail.com', '514-570-6648', 'poor867'),
('Frances_M87', 'Frances', 'Morris', 'FrancesMorris20@coldmail.com', '450-432-5805', 'elongation406'),
('Frankie_R70', 'Frankie', 'Rogers', 'FrankieRogers93@coldmail.com', '438-474-7602', 'programme192'),
('Gabriel_R70', 'Gabriel', 'Reed', 'GabrielReed04@hmail.ca', '450-776-4504', 'vanadyl668'),
('Glenn_C78', 'Glenn', 'Cook', 'GlennCook18@hmail.ca', '438-517-7125', 'switch038'),
('Gray_M93', 'Gray', 'Morgan', 'GrayMorgan51@hmail.ca', '438-823-2627', 't-shirt114'),
('Harper_B61', 'Harper', 'Bell', 'HarperBell43@hmail.ca', '450-524-8493', 'fit339'),
('Hayden_M02', 'Hayden', 'Murphy', 'HaydenMurphy60@coldmail.com', '450-070-6818', 'vol300'),
('Jamie_B06', 'Jamie', 'Bailey', 'JamieBailey10@coldmail.com', '514-210-8361', 'darkness528'),
('Jean_R70', 'Jean', 'Rivera', 'JeanRivera24@hmail.ca', '450-585-7759', 'wont539'),
('Jesse_C23', 'Jesse', 'Cooper', 'JesseCooper64@hmail.ca', '450-023-2467', 'yam719'),
('Jordan_R46', 'Jordan', 'Richardson', 'JordanRichardson35@coldmail.com', '438-309-3136', 'bond659'),
('Jules_C08', 'Jules', 'Cox', 'JulesCox38@coldmail.com', '514-441-4983', 'estrogen757'),
('Julian_H83', 'Julian', 'Howard', 'JulianHoward06@coldmail.com', '514-327-5550', 'exterior530'),
('Kaden_W63', 'Kaden', 'Ward', 'KadenWard24@hmail.ca', '438-425-2921', 'cheek421'),
('Kelly_T25', 'Kelly', 'Torres', 'KellyTorres76@hmail.ca', '514-212-7543', 'produce698'),
('Kennedy_P27', 'Kennedy', 'Peterson', 'KennedyPeterson66@hmail.ca', '438-310-1761', 'gaiters468'),
('Lake_G16', 'Lake', 'Gray', 'LakeGray38@hmail.ca', '438-910-8876', 'entertainment376'),
('Logan_R47', 'Logan', 'Ramirez', 'LoganRamirez49@hmail.ca', '438-343-4250', 'subject259'),
('Max_J54', 'Max', 'James', 'MaxJames50@coldmail.com', '514-551-4850', 'patient528'),
('Morgan_W93', 'Morgan', 'Watson', 'MorganWatson49@hmail.ca', '438-237-0550', 'front633'),
('Pat_B21', 'Pat', 'Brooks', 'PatBrooks48@coldmail.com', '438-566-3908', 'duplexer731'),
('Peyton_K98', 'Peyton', 'Kelly', 'PeytonKelly36@hmail.ca', '450-868-0525', 'zebrafish489'),
('Ray_S05', 'Ray', 'Sanders', 'RaySanders99@hmail.ca', '514-584-2198', 'con723'),
('Reed_P50', 'Reed', 'Price', 'ReedPrice81@hmail.ca', '514-462-9547', 'probe674'),
('Riley_B53', 'Riley', 'Bennett', 'RileyBennett15@coldmail.com', '438-550-6082', 'meeting213'),
('River_W68', 'River', 'Wood', 'RiverWood36@hmail.ca', '438-484-8039', 'geography435'),
('Roan_B20', 'Roan', 'Barnes', 'RoanBarnes16@coldmail.com', '514-425-0830', 'husband068'),
('Rudy_R56', 'Rudy', 'Ross', 'RudyRoss20@hmail.ca', '514-661-6555', 'dune buggy100'),
('Ryan_H07', 'Ryan', 'Henderson', 'RyanHenderson17@hmail.ca', '514-991-3312', 'vibe922'),
('Sage_C20', 'Sage', 'Coleman', 'SageColeman63@coldmail.com', '450-097-2290', 'look711'),
('Sam_J63', 'Sam', 'Jenkins', 'SamJenkins90@coldmail.com', '514-028-3103', 'ice-cream525'),
('Shawn_P06', 'Shawn', 'Perry', 'ShawnPerry82@coldmail.com', '450-094-2622', 'bustle563'),
('Sean_P87', 'Sean', 'Powell', 'SeanPowell27@coldmail.com', '438-547-6366', 'visitor149'),
('Stevie_L98', 'Stevie', 'Long', 'StevieLong95@coldmail.com', '450-459-1929', 'vote983'),
('Tanner_P99', 'Tanner', 'Patterson', 'TannerPatterson42@hmail.ca', '514-944-5672', 'apple132'),
('Taylor_H15', 'Taylor', 'Hughes', 'TaylorHughes95@hmail.ca', '514-853-0829', 'gymnast990'),
('Toby_F77', 'Toby', 'Flores', 'TobyFlores41@hmail.ca', '438-735-3917', 'noise484'),
('Tyler_W26', 'Tyler', 'Washington', 'TylerWashington28@hmail.ca', '438-926-0474', 'apron707'),
('Val_B55', 'Val', 'Butler', 'ValButler43@hmail.ca', '438-688-2390', 'viability341'),
('West_S45', 'West', 'Simmons', 'WestSimmons12@coldmail.com', '438-300-6152', 'cuckoo778'),
('Winter_F99', 'Winter', 'Foster', 'WinterFoster12@coldmail.com', '450-981-1444', 'countryside805'),
('Landry_G45', 'Landry', 'Gonzales', 'LandryGonzales98@coldmail.com', '438-152-3336', 'camel117'),
('Azariah_B76', 'Azariah', 'Bryant', 'AzariahBryant87@coldmail.com', '450-550-4164', 'milestone306'),
('Oakley_A86', 'Oakley', 'Alexander', 'OakleyAlexander79@hmail.ca', '438-359-1837', 'shelter881'),
('Lennon_R34', 'Lennon', 'Russell', 'LennonRussell83@hmail.ca', '438-546-7658', 'flick660'),
('Charlie_G03', 'Charlie', 'Griffin', 'CharlieGriffin92@coldmail.com', '514-422-7391', 'kazoo725'),
('Skyler_D13', 'Skyler', 'Diaz', 'SkylerDiaz99@hmail.ca', '450-658-2446', 'slope919'),
('Dakota_H85', 'Dakota', 'Hayes', 'DakotaHayes37@hmail.ca', '514-395-0249', 'ecosystem957'),
('Armani_M07', 'Armani', 'Myers', 'ArmaniMyers51@hmail.ca', '438-370-1919', 'chuck898'),
('Phoenix_F71', 'Phoenix', 'Ford', 'PhoenixFord18@coldmail.com', '438-919-9896', 'duty531'),
('Justice_H04', 'Justice', 'Hamilton', 'JusticeHamilton97@coldmail.com', '450-792-1996', 'tower788'),
('Casey_G62', 'Casey', 'Graham', 'CaseyGraham50@hmail.ca', '438-094-0890', 'tobacco421'),
('Emory_S73', 'Emory', 'Sullivan', 'EmorySullivan68@hmail.ca', '514-561-8016', 'webpage729'),
('Remy_W80', 'Remy', 'Wallace', 'RemyWallace88@hmail.ca', '514-452-4374', 'butane386'),
('Emerson_W80', 'Emerson', 'Woods', 'EmersonWoods42@coldmail.com', '450-082-6336', 'development879'),
('Amari_C83', 'Amari', 'Cole', 'AmariCole45@hmail.ca', '438-599-0509', 'scale158'),
('Hayden_W95', 'Hayden', 'West', 'HaydenWest91@coldmail.com', '514-477-3218', 'simplicity917'),
('River_J33', 'River', 'Jordan', 'RiverJordan42@coldmail.com', '514-232-6881', 'negligee188'),
('Milan_O58', 'Milan', 'Owens', 'MilanOwens16@coldmail.com', '438-894-4990', 'gear655'),
('Tatum_R67', 'Tatum', 'Reynolds', 'TatumReynolds26@hmail.ca', '438-267-1400', 'tree983'),
('Jessie_F37', 'Jessie', 'Fisher', 'JessieFisher77@coldmail.com', '450-337-9965', 'shirt318'),
('Finley_E97', 'Finley', 'Ellis', 'FinleyEllis86@coldmail.com', '514-381-1282', 'fear590'),
('Riley_H22', 'Riley', 'Harrison', 'RileyHarrison95@coldmail.com', '450-152-7089', 'ladle674'),
('Rowan_G74', 'Rowan', 'Gibson', 'RowanGibson49@hmail.ca', '438-852-7548', 'markup929'),
('Sage_M47', 'Sage', 'Mcdonald', 'SageMcdonald92@hmail.ca', '438-489-9595', 'lad617'),
('Jamie_C67', 'Jamie', 'Cruz', 'JamieCruz03@hmail.ca', '514-947-2941', 'trader946'),
('Rory_M44', 'Rory', 'Marshall', 'RoryMarshall69@coldmail.com', '514-204-1232', 'dwell728'),
('Harley_O84', 'Harley', 'Ortiz', 'HarleyOrtiz97@coldmail.com', '438-777-7963', 'matchmaker724'),
('Leighton_G02', 'Leighton', 'Gomez', 'LeightonGomez83@hmail.ca', '514-253-6518', 'melon151'),
('Peyton_M85', 'Peyton', 'Murray', 'PeytonMurray34@hmail.ca', '450-179-1555', 'gingerbread479'),
('Dallas_F36', 'Dallas', 'Freeman', 'DallasFreeman95@coldmail.com', '438-220-4756', 'bolero898'),
('Remington_W74', 'Remington', 'Wells', 'RemingtonWells78@hmail.ca', '514-738-3528', 'girl172'),
('Quinn_W57', 'Quinn', 'Webb', 'QuinnWebb07@hmail.ca', '438-245-7017', 'diagnosis724'),
('Alexis_S77', 'Alexis', 'Simpson', 'AlexisSimpson75@hmail.ca', '450-143-7400', 'syndrome356'),
('Sawyer_S33', 'Sawyer', 'Stevens', 'SawyerStevens43@coldmail.com', '450-298-3483', 'breeze681'),
('Kamryn_T68', 'Kamryn', 'Tucker', 'KamrynTucker02@coldmail.com', '514-129-8597', 'sweater233'),
('Parker_P89', 'Parker', 'Porter', 'ParkerPorter63@coldmail.com', '514-980-2340', 'subconscious204'),
('Avery_H44', 'Avery', 'Hunter', 'AveryHunter84@hmail.ca', '450-374-1755', 'hovercraft085'),
('Eden_H43', 'Eden', 'Hicks', 'EdenHicks57@coldmail.com', '438-611-3898', 'drunk466'),
('Lyric_C24', 'Lyric', 'Crawford', 'LyricCrawford78@coldmail.com', '450-427-1960', 'empire049'),
('Elliot_H55', 'Elliot', 'Henry', 'ElliotHenry56@coldmail.com', '450-307-1543', 'chin729'),
('Elliott_B83', 'Elliott', 'Boyd', 'ElliottBoyd20@coldmail.com', '450-592-7493', 'grasshopper994'),
('Reese_M81', 'Reese', 'Mason', 'ReeseMason75@hmail.ca', '514-516-6796', 'running757'),
('Zion_M58', 'Zion', 'Morales', 'ZionMorales46@coldmail.com', '438-673-6460', 'thong632'),
('Rylan_K29', 'Rylan', 'Kennedy', 'RylanKennedy92@hmail.ca', '514-311-3380', 'underwear098'),
('Jordan_W07', 'Jordan', 'Warren', 'JordanWarren66@coldmail.com', '514-916-3373', 'total062'),
('Angel_D60', 'Angel', 'Dixon', 'AngelDixon68@coldmail.com', '514-926-8829', 'ease540'),
('Taylor_R04', 'Taylor', 'Ramos', 'TaylorRamos86@hmail.ca', '438-091-9579', 'semicircle775'),
('Emery_R67', 'Emery', 'Reyes', 'EmeryReyes60@hmail.ca', '438-328-5979', 'doctor551'),
('Payton_B14', 'Payton', 'Burns', 'PaytonBurns51@coldmail.com', '514-532-3778', 'alpenglow357'),
('Teagan_G07', 'Teagan', 'Gordon', 'TeaganGordon73@coldmail.com', '514-529-8760', 'elimination466'),
('Marley_S18', 'Marley', 'Shaw', 'MarleyShaw66@coldmail.com', '514-709-5270', 'size930'),
('Morgan_H08', 'Morgan', 'Holmes', 'MorganHolmes75@hmail.ca', '514-601-6952', 'emotion293'),
('London_R58', 'London', 'Rice', 'LondonRice83@coldmail.com', '450-212-4430', 'explanation586'),
('Ariel_R67', 'Ariel', 'Robertson', 'ArielRobertson55@hmail.ca', '514-885-7818', 'million358'),
('Karter_H02', 'Karter', 'Hunt', 'KarterHunt93@hmail.ca', '450-907-0930', 'record167'),
('Kendall_B13', 'Kendall', 'Black', 'KendallBlack16@coldmail.com', '438-488-4650', 'exocrine065'),
('Kai_D62', 'Kai', 'Daniels', 'KaiDaniels06@hmail.ca', '438-849-1095', 'construction780');

INSERT INTO Employer(UserName, EmployerName, AccStatus, Category, Balance)
VALUES ('Ryan_H07', 'AT&T', '1', 'gold', '203.76'),
('Sage_C20', 'Bosch Brewing Company', '1', 'gold', '73.43'),
('Sam_J63', 'General Motors', '1', 'prime', '267.24'),
('Shawn_P06', 'A+ Electronics', '1', 'prime', '190.29'),
('Sean_P87', 'Discover Financial Services', '0', 'prime', '-58.49'),
('Stevie_L98', 'DuPont (E.I. du Pont de Nemours)', '0', 'prime', '-29.99'),
('Tanner_P99', 'PACCAR', '0', 'prime', '-33.92'),
('Taylor_H15', 'Blyth, Inc.', '1', 'gold', '219.15'),
('Toby_F77', 'Datacorp', '0', 'prime', '-43.5'),
('Tyler_W26', 'Cerner Corporation', '1', 'prime', '137.08'),
('Val_B55', 'GHD Inc.', '0', 'prime', '-76.2'),
('West_S45', 'Fidelity Investments', '0', 'prime', '-79.34'),
('Winter_F99', 'Butler America', '1', 'gold', '19.2'),
('Landry_G45', 'Vaughan & Bushnell Manufacturing', '1', 'gold', '279.8'),
('Azariah_B76', 'Doculabs', '1', 'prime', '115.25'),
('Oakley_A86', 'Just For Fun', '1', 'gold', '108.57'),
('Lennon_R34', 'Applied Industrial Technologies', '0', 'gold', '-38.12'),
('Charlie_G03', 'Federal National Mortgage Association', '1', 'prime', '125.86'),
('Skyler_D13', 'DTE Energy', '1', 'prime', '19.09'),
('Dakota_H85', 'Sterling Ledet & Associates, Inc.', '0', 'prime', '-50.86'),
('Armani_M07', 'ACN Inc.', '1', 'gold', '118.68'),
('Phoenix_F71', 'CNET', '1', 'prime', '41.8'),
('Justice_H04', 'Alaska Air Group', '1', 'gold', '75.12'),
('Casey_G62', 'Ideal Garden Management', '0', 'gold', '-15.64'),
('Emory_S73', 'Cut Rite Lawn Care', '0', 'prime', '-64.36'),
('Remy_W80', 'Paramount Pictures', '1', 'prime', '97.0'),
('Emerson_W80', 'DivX, Inc.', '1', 'gold', '85.44'),
('Amari_C83', 'Sunoco', '1', 'gold', '127.32'),
('Hayden_W95', 'Beckman Coulter', '0', 'gold', '-1.27'),
('River_J33', 'Integra Investment Service', '0', 'prime', '-87.63'),
('Milan_O58', 'Komerci', '1', 'prime', '37.51'),
('Tatum_R67', 'Kenworth', '1', 'gold', '85.67'),
('Jessie_F37', 'Envirotecture Design', '1', 'gold', '289.42'),
('Finley_E97', 'Respironics, Inc.', '1', 'gold', '176.58'),
('Riley_H22', 'Newhair', '1', 'prime', '138.02'),
('Rowan_G74', 'Network Air', '1', 'prime', '66.12'),
('Sage_M47', 'Brunswick Corporation', '0', 'prime', '-56.34'),
('Jamie_C67', 'Plan Smart Partner', '1', 'gold', '65.36'),
('Rory_M44', 'DC Shoes', '0', 'prime', '-78.46'),
('Harley_O84', 'Wheeling-Pittsburgh Steel', '1', 'gold', '172.1'),
('Leighton_G02', 'Ejecta', '0', 'prime', '-57.96'),
('Peyton_M85', 'Martel Communication', '0', 'prime', '-52.5'),
('Dallas_F36', 'PepsiCo', '1', 'prime', '205.23'),
('Remington_W74', 'Capitalcorp', '1', 'prime', '74.66'),
('Quinn_W57', 'Las Vegas Yard Management', '0', 'gold', '-2.67'),
('Alexis_S77', 'Megatronic', '1', 'prime', '168.45'),
('Sawyer_S33', 'Dream Home Real Estate Service', '1', 'gold', '24.53'),
('Kamryn_T68', 'Apollo Group', '1', 'prime', '169.99'),
('Parker_P89', 'Alienware', '1', 'prime', '63.05'),
('Avery_H44', 'Realty Solution', '1', 'prime', '196.2'),
('Eden_H43', 'AK Steel Holding', '1', 'gold', '287.19'),
('Lyric_C24', 'H-E-B', '1', 'prime', '81.04'),
('Elliot_H55', 'Hornbeck Offshore Services', '1', 'prime', '300.22'),
('Elliott_B83', 'ZOMM, LLC', '1', 'gold', '299.14'),
('Reese_M81', 'Landskip Yard Care', '0', 'prime', '-13.51'),
('Zion_M58', 'Dereon', '1', 'gold', '243.76'),
('Rylan_K29', 'Ameriprise Financial', '1', 'prime', '124.6'),
('Jordan_W07', 'Rollins Inc.', '1', 'gold', '279.08'),
('Angel_D60', 'Autoliv', '0', 'prime', '-24.8'),
('Taylor_R04', 'Universal Design Partners', '1', 'gold', '102.59');

INSERT INTO Applicant(UserName, AccStatus, Category, Balance)
VALUES ('Avery_S76', '1', 'basic', '3.41'),
('Riley_J91', '1', 'prime', '178.36'),
('Peyton_W55', '1', 'gold', '21.28'),
('Logan_J79', '0', 'basic', '-6.59'),
('Taylor_B39', '1', 'basic', '52.33'),
('Ryan_D05', '0', 'prime', '-13.94'),
('Jordan_M01', '1', 'gold', '9.36'),
('Cameron_W01', '0', 'gold', '-35.3'),
('Blake_M45', '1', 'gold', '236.27'),
('Skylar_T94', '1', 'basic', '55.36'),
('Emerson_A91', '1', 'basic', '255.01'),
('Phoenix_T88', '1', 'gold', '246.43'),
('Hunter_J17', '0', 'gold', '-98.88'),
('Amari_W29', '1', 'gold', '27.52'),
('River_H64', '1', 'basic', '108.58'),
('Casey_M37', '0', 'gold', '-77.6'),
('Tatum_T80', '1', 'prime', '181.72'),
('Alex_G04', '1', 'basic', '253.28'),
('Addison_M01', '1', 'prime', '89.96'),
('Tyler_R41', '0', 'basic', '-41.56'),
('Addison_C99', '1', 'prime', '11.34'),
('Adrian_R42', '1', 'basic', '77.38'),
('Ainsley_L78', '0', 'prime', '-63.4'),
('Alex_L37', '1', 'basic', '28.86'),
('Andy_W03', '1', 'gold', '241.7'),
('Ari_H54', '0', 'prime', '-67.11'),
('Ash_A42', '1', 'basic', '151.82'),
('Aspen_Y08', '1', 'basic', '105.15'),
('Aubrey_H37', '0', 'gold', '-79.84'),
('Bailey_K56', '1', 'prime', '215.65'),
('Bay_W50', '1', 'gold', '203.38'),
('Blaine_L80', '1', 'basic', '243.34'),
('Bobbie_H42', '1', 'gold', '120.9'),
('Brett_S92', '1', 'prime', '127.28'),
('Brook_G08', '1', 'basic', '224.44'),
('Caelan_A24', '1', 'gold', '126.42'),
('Campbell_B89', '1', 'prime', '58.86'),
('Carroll_G80', '0', 'prime', '-0.4'),
('Charlie_N32', '1', 'prime', '199.71'),
('Chris_C86', '0', 'gold', '-51.04'),
('Clay_M12', '0', 'basic', '-27.35'),
('Corey_P54', '1', 'gold', '260.95'),
('Dana_R94', '0', 'basic', '-58.52'),
('Dakota_T41', '0', 'basic', '-62.43'),
('Dale_P03', '1', 'basic', '158.66'),
('Daryl_C23', '0', 'basic', '-63.04'),
('Devin_P28', '1', 'gold', '246.06'),
('Dorian_E82', '0', 'basic', '-44.53'),
('Drew_E30', '0', 'basic', '-44.39'),
('Eddie_C30', '1', 'gold', '234.24'),
('Eli_S12', '0', 'basic', '-97.22'),
('Elliott_S53', '1', 'prime', '171.58'),
('Frances_M87', '1', 'basic', '89.75'),
('Frankie_R70', '1', 'prime', '250.96'),
('Gabriel_R70', '1', 'gold', '63.36'),
('Glenn_C78', '1', 'gold', '242.14'),
('Gray_M93', '0', 'gold', '-59.85'),
('Harper_B61', '1', 'basic', '124.02'),
('Hayden_M02', '1', 'gold', '142.26'),
('Jamie_B06', '1', 'prime', '204.01'),
('Jean_R70', '1', 'gold', '100.86'),
('Jesse_C23', '0', 'prime', '-16.2'),
('Jordan_R46', '1', 'gold', '291.73'),
('Jules_C08', '1', 'gold', '149.24'),
('Julian_H83', '1', 'basic', '231.7'),
('Kaden_W63', '1', 'gold', '33.82'),
('Kelly_T25', '1', 'basic', '100.6'),
('Kennedy_P27', '1', 'prime', '209.28'),
('Lake_G16', '1', 'gold', '174.02'),
('Logan_R47', '1', 'prime', '224.85'),
('Max_J54', '1', 'basic', '268.31'),
('Morgan_W93', '1', 'prime', '90.99'),
('Pat_B21', '0', 'prime', '-78.51'),
('Peyton_K98', '1', 'gold', '126.21'),
('Ray_S05', '1', 'gold', '67.96'),
('Reed_P50', '0', 'prime', '-6.79'),
('Riley_B53', '1', 'gold', '246.3'),
('River_W68', '1', 'prime', '239.25'),
('Roan_B20', '1', 'basic', '42.71'),
('Rudy_R56', '0', 'prime', '-59.21');

INSERT INTO Admin(UserName)
VALUES ('Emery_R67'),
('Payton_B14'),
('Teagan_G07'),
('Marley_S18'),
('Morgan_H08'),
('London_R58'),
('Ariel_R67'),
('Karter_H02'),
('Kendall_B13'),
('Kai_D62');

INSERT INTO Job(JobID, EmployerUserName, Title, DatePosted, Description, Category, JobStatus, EmpNeeded)
VALUES ('1932', 'Oakley_A86', 'Needle Loom Tender', '2020-7-6', 'Looking for handier person. 1 years experience.', 'Agriculture and Natural Resources', '1', '5'),
('2569', 'Elliot_H55', 'Certified Cytotechnologist', '2020-3-15', 'Looking for cure person. 3 years experience.', 'Marketing, Sales and Service', '0', '2'),
('1909', 'Riley_H22', 'Farm Technician', '2020-7-3', 'Looking for stimulates person. 2 years experience.', 'Business Management and Administration', '0', '1'),
('2917', 'Tanner_P99', 'Analytical Lab Technician', '2020-4-9', 'Looking for first-rate person. 2 years experience.', 'Human Services', '0', '1'),
('1161', 'Hayden_W95', 'Lithography Contact Worker', '2020-2-20', 'Looking for undisputed person. 2 years experience.', 'Health Science', '0', '1'),
('1968', 'Elliott_B83', 'Loom Setter, Fourdrinier', '2020-8-26', 'Looking for succeeding person. 4 years experience.', 'Arts, Audio/Video, and Communications', '0', '2'),
('1759', 'Emory_S73', 'Director Business Travel', '2020-10-9', 'Looking for enhanced person. 5 years experience.', 'Government and Public Administration', '1', '5'),
('2557', 'Harley_O84', 'Hotel Superintendent', '2020-1-3', 'Looking for approve person. 2 years experience.', 'Agriculture and Natural Resources', '1', '3'),
('1949', 'Reese_M81', 'Fish Net Stringer', '2020-7-10', 'Looking for quicker person. 4 years experience.', 'Arts, Audio/Video, and Communications', '1', '2'),
('1611', 'Charlie_G03', 'City Sanitarian', '2020-12-12', 'Looking for reassure person. 4 years experience.', 'Human Services', '0', '3'),
('1382', 'Justice_H04', 'Shaft Sinker', '2020-5-9', 'Looking for gracious person. 5 years experience.', 'Arts, Audio/Video, and Communications', '1', '3'),
('2541', 'Armani_M07', 'Professor of Chemistry', '2020-7-10', 'Looking for fondness person. 3 years experience.', 'Manufacturing', '0', '1'),
('2733', 'Quinn_W57', 'Welt Stitcher', '2020-7-27', 'Looking for realistic person. 3 years experience.', 'Transportation, Distribution and Logistics', '0', '2'),
('1908', 'Toby_F77', 'Consulting Hr Professional', '2020-5-6', 'Looking for satisfies person. 3 years experience.', 'Science, Technology, Engineering, and Mathematics', '1', '3'),
('1452', 'Rowan_G74', 'Wind Turbine Mechanical Engineer', '2020-12-6', 'Looking for brainiest person. 4 years experience.', 'Law, Public Safety, Corrections and Security', '1', '4'),
('2098', 'River_J33', 'Registered Nurse Teacher', '2020-10-26', 'Looking for pleasure person. 3 years experience.', 'Government and Public Administration', '1', '1'),
('2666', 'Jordan_W07', 'Corn Sheller', '2020-10-11', 'Looking for beckon person. 2 years experience.', 'Science, Technology, Engineering, and Mathematics', '1', '2'),
('1591', 'Alexis_S77', 'Sticker On', '2020-7-20', 'Looking for admiring person. 3 years experience.', 'Human Services', '0', '1'),
('2888', 'Sam_J63', 'Design Engineering Specialist', '2020-7-15', 'Looking for improved person. 3 years experience.', 'Human Services', '1', '5'),
('1513', 'Harley_O84', 'Associate Account Director', '2020-4-17', 'Looking for positives person. 5 years experience.', 'Law, Public Safety, Corrections and Security', '1', '4'),
('1309', 'Lyric_C24', 'Onshore Diver', '2020-8-14', 'Looking for marvel person. 5 years experience.', 'Business Management and Administration', '0', '5'),
('1425', 'Jordan_W07', 'Boiler Shop Mechanic', '2020-8-5', 'Looking for blossom person. 5 years experience.', 'Architecture and Construction', '1', '4'),
('1360', 'Elliott_B83', 'Plastic Design Applier', '2020-4-14', 'Looking for supported person. 5 years experience.', 'Agriculture and Natural Resources', '1', '4'),
('2189', 'Sean_P87', 'Computer Mechanic', '2020-1-7', 'Looking for delight person. 1 years experience.', 'Agriculture and Natural Resources', '1', '4'),
('2867', 'Skyler_D13', 'Plunger Shovel Operator', '2020-12-14', 'Looking for consistent person. 3 years experience.', 'Business Management and Administration', '0', '2'),
('1076', 'Landry_G45', 'Pressure Sealer and Tester', '2020-1-14', 'Looking for nourish person. 1 years experience.', 'Government and Public Administration', '0', '4'),
('1110', 'Elliot_H55', 'Power Superintendent', '2020-2-8', 'Looking for compatible person. 5 years experience.', 'Human Services', '0', '5'),
('1015', 'Phoenix_F71', 'Hose Coupling Joiner', '2020-3-19', 'Looking for finest person. 5 years experience.', 'Government and Public Administration', '0', '1'),
('1640', 'Finley_E97', 'Pheresis Nurse', '2020-2-28', 'Looking for wonders person. 5 years experience.', 'Finance', '1', '1'),
('1960', 'West_S45', 'Railroad Operator', '2020-2-16', 'Looking for autonomous person. 2 years experience.', 'Hospitality and Tourism', '1', '1'),
('1533', 'Skyler_D13', 'Manager Home Improvement', '2020-10-29', 'Looking for cheapest person. 1 years experience.', 'Agriculture and Natural Resources', '1', '5'),
('1473', 'Stevie_L98', 'Director Credit Risk', '2020-10-13', 'Looking for bravo person. 2 years experience.', 'Information Technology', '1', '2'),
('1885', 'Hayden_W95', 'Clinical Transformation Specialist', '2020-3-3', 'Looking for effectual person. 2 years experience.', 'Architecture and Construction', '1', '5'),
('1342', 'Quinn_W57', 'Robotics Systems Engineer', '2020-3-7', 'Looking for stimulates person. 5 years experience.', 'Government and Public Administration', '0', '4'),
('2012', 'Skyler_D13', 'Knit Goods Mender', '2020-11-20', 'Looking for convience person. 3 years experience.', 'Science, Technology, Engineering, and Mathematics', '1', '4'),
('1619', 'Stevie_L98', 'Oceanographer, Assistant', '2020-6-28', 'Looking for vivid person. 1 years experience.', 'Health Science', '1', '3'),
('2780', 'Leighton_G02', 'Biomass Plant Technician', '2020-1-24', 'Looking for carefree person. 2 years experience.', 'Business Management and Administration', '1', '5'),
('1368', 'Oakley_A86', 'Linseed-Oil-Press Tender', '2020-5-4', 'Looking for lead person. 1 years experience.', 'Marketing, Sales and Service', '1', '4'),
('1326', 'Tatum_R67', 'Perforating-Machine Operator', '2020-12-7', 'Looking for better person. 3 years experience.', 'Human Services', '1', '1'),
('2021', 'Remy_W80', 'Business Development Assistant', '2020-12-22', 'Looking for favorite person. 3 years experience.', 'Finance', '0', '1'),
('1373', 'Leighton_G02', 'Head and Neck Surgeon', '2020-11-7', 'Looking for popular person. 3 years experience.', 'Arts, Audio/Video, and Communications', '0', '4'),
('2471', 'Oakley_A86', 'Advertisement Distributor', '2020-2-2', 'Looking for fanfare person. 3 years experience.', 'Marketing, Sales and Service', '0', '1'),
('1572', 'Casey_G62', 'Sustainability Communicator', '2020-5-20', 'Looking for indulgent person. 4 years experience.', 'Human Services', '0', '1'),
('1644', 'Justice_H04', 'Wardrobe Assistant', '2020-11-22', 'Looking for overtaken person. 1 years experience.', 'Transportation, Distribution and Logistics', '0', '2'),
('2895', 'Charlie_G03', 'Farmworker, Rice', '2020-11-25', 'Looking for admiring person. 4 years experience.', 'Agriculture and Natural Resources', '0', '4'),
('2988', 'Sean_P87', 'Geology Associate', '2020-7-25', 'Looking for profound person. 3 years experience.', 'Architecture and Construction', '0', '3'),
('2217', 'Sage_M47', 'Loading-Shovel Oiler', '2020-11-22', 'Looking for upgraded person. 3 years experience.', 'Hospitality and Tourism', '0', '3'),
('1940', 'Emory_S73', 'Slot Floor Supervisor', '2020-12-20', 'Looking for refunded person. 4 years experience.', 'Finance', '1', '2'),
('2256', 'Shawn_P06', 'Filer Helper', '2020-12-17', 'Looking for goodwill person. 1 years experience.', 'Information Technology', '0', '1'),
('2719', 'Alexis_S77', 'Creative Guru', '2020-9-14', 'Looking for promises person. 3 years experience.', 'Human Services', '1', '2'),
('2481', 'Lyric_C24', 'Xerox Machine Mechanic', '2020-1-13', 'Looking for danke person. 1 years experience.', 'Education and Training', '0', '2'),
('2560', 'Jordan_W07', 'Limousine Rental Clerk', '2020-8-4', 'Looking for majestic person. 4 years experience.', 'Human Services', '0', '3'),
('2005', 'Sage_M47', 'Electrical Prospecting Supervisor', '2020-1-25', 'Looking for daring person. 1 years experience.', 'Architecture and Construction', '0', '2'),
('1178', 'Lennon_R34', 'Blue Prints Trimmer', '2020-11-10', 'Looking for bloom person. 4 years experience.', 'Education and Training', '1', '3'),
('2386', 'Winter_F99', 'Burlap Worker', '2020-5-7', 'Looking for thank person. 1 years experience.', 'Law, Public Safety, Corrections and Security', '0', '2'),
('1754', 'Azariah_B76', 'Fans Clerk', '2020-2-10', 'Looking for usable person. 3 years experience.', 'Arts, Audio/Video, and Communications', '1', '4'),
('2951', 'Jessie_F37', 'Admissions Counselor', '2020-11-28', 'Looking for gorgeous person. 2 years experience.', 'Manufacturing', '0', '5'),
('2043', 'Tatum_R67', 'Die Cutter Operator', '2020-1-19', 'Looking for encourage person. 5 years experience.', 'Hospitality and Tourism', '0', '5'),
('1361', 'River_J33', '411 Directory Assistance Operator', '2020-10-5', 'Looking for easiness person. 2 years experience.', 'Finance', '1', '1'),
('1083', 'Stevie_L98', 'ETL Consultant', '2020-6-11', 'Looking for beloved person. 1 years experience.', 'Government and Public Administration', '1', '5'),
('1420', 'Tyler_W26', 'Grease-Machine Worker', '2020-4-19', 'Looking for daring person. 2 years experience.', 'Manufacturing', '1', '2'),
('1381', 'Jessie_F37', 'Nut and Bolt Assembler', '2020-8-28', 'Looking for effusion person. 2 years experience.', 'Agriculture and Natural Resources', '1', '1'),
('2162', 'Remy_W80', 'Radio Adjuster', '2020-12-15', 'Looking for flattering person. 1 years experience.', 'Human Services', '1', '3'),
('1552', 'Shawn_P06', 'VP of Technology', '2020-11-1', 'Looking for unwavering person. 5 years experience.', 'Hospitality and Tourism', '0', '5'),
('2426', 'Jamie_C67', 'Dump Motorman', '2020-2-10', 'Looking for beneficent person. 4 years experience.', 'Architecture and Construction', '1', '1'),
('1562', 'Milan_O58', 'Dance Studio Manager', '2020-9-14', 'Looking for proud person. 2 years experience.', 'Architecture and Construction', '1', '1'),
('2421', 'Winter_F99', 'Food Technology Teacher', '2020-8-11', 'Looking for gratifies person. 3 years experience.', 'Transportation, Distribution and Logistics', '1', '4'),
('2608', 'Peyton_M85', 'Slope-Hoist Operator', '2020-12-21', 'Looking for reputation person. 4 years experience.', 'Human Services', '1', '1'),
('2231', 'Riley_H22', 'Executive Administrator', '2020-6-27', 'Looking for brighter person. 3 years experience.', 'Education and Training', '0', '3'),
('2237', 'Oakley_A86', 'Sales and Merchandising Representative', '2020-8-12', 'Looking for healthful person. 5 years experience.', 'Science, Technology, Engineering, and Mathematics', '1', '4'),
('1456', 'Azariah_B76', 'Plant Maintenance Engineer', '2020-4-28', 'Looking for adored person. 3 years experience.', 'Hospitality and Tourism', '1', '1'),
('1971', 'Val_B55', 'Embossograph Operator', '2020-2-8', 'Looking for invincible person. 3 years experience.', 'Architecture and Construction', '1', '4'),
('1167', 'Elliott_B83', 'Railroad Wheels and Axle Inspector', '2020-6-13', 'Looking for bolster person. 2 years experience.', 'Education and Training', '0', '3'),
('2774', 'River_J33', 'Special Education Instructor', '2020-2-4', 'Looking for enrapt person. 4 years experience.', 'Human Services', '0', '1'),
('1665', 'Lennon_R34', 'Engineering Geologist', '2020-6-11', 'Looking for positive person. 4 years experience.', 'Human Services', '1', '3'),
('1847', 'Remington_W74', 'Ribbon Blockmaker', '2020-7-8', 'Looking for unbiased person. 2 years experience.', 'Information Technology', '0', '3'),
('2523', 'Ryan_H07', 'Fitness Director', '2020-7-13', 'Looking for stupendous person. 3 years experience.', 'Science, Technology, Engineering, and Mathematics', '1', '5'),
('2414', 'Jessie_F37', 'LPN CMA', '2020-12-28', 'Looking for swiftness person. 5 years experience.', 'Transportation, Distribution and Logistics', '1', '1'),
('1139', 'Hayden_W95', 'Dentofacial Orthopedics Dentist', '2020-6-14', 'Looking for laudable person. 3 years experience.', 'Law, Public Safety, Corrections and Security', '1', '4'),
('2062', 'Eden_H43', 'Car Bracer', '2020-8-19', 'Looking for gratitude person. 1 years experience.', 'Business Management and Administration', '0', '4'),
('1385', 'Riley_H22', 'Furnace Firer', '2020-9-7', 'Looking for rapport person. 5 years experience.', 'Law, Public Safety, Corrections and Security', '1', '2'),
('1951', 'Quinn_W57', 'Applications Support Specialist', '2020-3-24', 'Looking for saint person. 4 years experience.', 'Law, Public Safety, Corrections and Security', '1', '1'),
('1436', 'Remy_W80', 'Dipper and Drier', '2020-9-26', 'Looking for gracious person. 2 years experience.', 'Marketing, Sales and Service', '1', '5'),
('2324', 'Phoenix_F71', 'Auto Radio Mechanic', '2020-10-5', 'Looking for impressive person. 5 years experience.', 'Government and Public Administration', '1', '3'),
('1889', 'Jessie_F37', 'Supervisor, Wet Pour', '2020-10-15', 'Looking for hardier person. 5 years experience.', 'Law, Public Safety, Corrections and Security', '0', '2'),
('1762', 'Parker_P89', 'Drill Foreman', '2020-3-17', 'Looking for adaptable person. 1 years experience.', 'Hospitality and Tourism', '1', '3'),
('2198', 'Casey_G62', 'Audiology Director', '2020-8-26', 'Looking for cheapest person. 5 years experience.', 'Law, Public Safety, Corrections and Security', '0', '1'),
('1730', 'Rory_M44', 'A P Supervisor', '2020-7-14', 'Looking for keenness person. 2 years experience.', 'Hospitality and Tourism', '0', '1'),
('2437', 'Emerson_W80', 'New Autos Delivery Driver', '2020-12-23', 'Looking for effusive person. 4 years experience.', 'Hospitality and Tourism', '1', '4'),
('1258', 'Eden_H43', 'House Admin', '2020-11-12', 'Looking for peaceful person. 4 years experience.', 'Transportation, Distribution and Logistics', '1', '1'),
('2622', 'Remington_W74', 'Contestant Coordinator', '2020-5-11', 'Looking for astound person. 4 years experience.', 'Architecture and Construction', '1', '1'),
('2981', 'Finley_E97', 'Edge Worker', '2020-5-17', 'Looking for nicest person. 3 years experience.', 'Finance', '0', '2'),
('1652', 'Lennon_R34', 'Oxygen Equipment Aide', '2020-2-21', 'Looking for sociable person. 5 years experience.', 'Business Management and Administration', '0', '1'),
('2607', 'Elliott_B83', 'Park Guide', '2020-10-16', 'Looking for extoll person. 4 years experience.', 'Agriculture and Natural Resources', '0', '5'),
('2976', 'Amari_C83', 'IT Communications Manager', '2020-2-22', 'Looking for low-priced person. 5 years experience.', 'Marketing, Sales and Service', '0', '5'),
('2330', 'Jamie_C67', 'Manager Economic', '2020-8-6', 'Looking for sensitive person. 4 years experience.', 'Business Management and Administration', '0', '2'),
('1556', 'Toby_F77', 'Biologist Aide', '2020-10-26', 'Looking for dazzle person. 5 years experience.', 'Business Management and Administration', '1', '2'),
('2722', 'Sam_J63', 'Pen Rider', '2020-2-27', 'Looking for striving person. 1 years experience.', 'Marketing, Sales and Service', '0', '2'),
('1647', 'Stevie_L98', 'Box Inspector', '2020-2-19', 'Looking for finer person. 3 years experience.', 'Finance', '1', '2'),
('2777', 'Rowan_G74', 'Marketing Teacher', '2020-3-14', 'Looking for fresh person. 3 years experience.', 'Agriculture and Natural Resources', '0', '1'),
('2276', 'Toby_F77', 'Logistics and Planning Manager', '2020-3-24', 'Looking for humourous person. 5 years experience.', 'Agriculture and Natural Resources', '0', '1'),
('1079', 'Val_B55', 'Table Setter', '2020-6-20', 'Looking for hottest person. 2 years experience.', 'Law, Public Safety, Corrections and Security', '1', '3'),
('2006', 'Eden_H43', 'Full Stack Engineer', '2020-9-21', 'Looking for simplified person. 2 years experience.', 'Finance', '1', '3'),
('2135', 'Tyler_W26', 'Car Electronics Installer', '2020-7-16', 'Looking for gained person. 5 years experience.', 'Hospitality and Tourism', '1', '2'),
('1176', 'Emory_S73', 'Plastics Production Machine Operator', '2020-12-24', 'Looking for aver person. 4 years experience.', 'Government and Public Administration', '0', '2'),
('2106', 'River_J33', 'Machine Rug Cleaner', '2020-6-26', 'Looking for topnotch person. 1 years experience.', 'Manufacturing', '1', '1'),
('1475', 'Sage_M47', 'Sleeper Cutter', '2020-3-19', 'Looking for assurance person. 5 years experience.', 'Marketing, Sales and Service', '0', '2'),
('2793', 'Landry_G45', 'Nutritional Health Coach', '2020-6-26', 'Looking for unbeatable person. 4 years experience.', 'Law, Public Safety, Corrections and Security', '1', '3'),
('1450', 'Angel_D60', 'Water-Plant-Pump-Operator Supervisor', '2020-11-28', 'Looking for affordable person. 4 years experience.', 'Science, Technology, Engineering, and Mathematics', '1', '4'),
('2435', 'Charlie_G03', 'Recreation Therapist', '2020-2-7', 'Looking for pepping person. 4 years experience.', 'Health Science', '1', '2'),
('2962', 'Finley_E97', 'Disk Sharpener', '2020-3-29', 'Looking for dirt-cheap person. 2 years experience.', 'Architecture and Construction', '1', '5'),
('1546', 'Taylor_R04', 'Mud-Mixer Operator', '2020-12-6', 'Looking for subsidize person. 1 years experience.', 'Business Management and Administration', '1', '4'),
('2318', 'Toby_F77', 'Folder-Gluer Operator', '2020-2-10', 'Looking for safe person. 2 years experience.', 'Health Science', '1', '3'),
('2233', 'Tyler_W26', 'Boat and Plant Utility Supervisor', '2020-1-9', 'Looking for brighten person. 5 years experience.', 'Arts, Audio/Video, and Communications', '1', '3'),
('2742', 'Tatum_R67', 'Magnesium-Mill Operator', '2020-10-10', 'Looking for charm person. 4 years experience.', 'Transportation, Distribution and Logistics', '0', '1'),
('2657', 'Finley_E97', 'Vice President Media Relations', '2020-1-17', 'Looking for enchant person. 5 years experience.', 'Law, Public Safety, Corrections and Security', '0', '5'),
('1376', 'Sam_J63', 'Wash-Test Checker', '2020-6-11', 'Looking for encourage person. 1 years experience.', 'Finance', '0', '2'),
('1525', 'Avery_H44', 'Floor Surfacer', '2020-6-25', 'Looking for enraptured person. 3 years experience.', 'Health Science', '1', '1'),
('1232', 'Phoenix_F71', 'Casino Duty Manager', '2020-2-18', 'Looking for awed person. 1 years experience.', 'Marketing, Sales and Service', '0', '2'),
('1365', 'Toby_F77', 'Licensed Chemical Spray Technician', '2020-2-9', 'Looking for compatible person. 3 years experience.', 'Arts, Audio/Video, and Communications', '0', '2'),
('1529', 'Winter_F99', 'Motel Front Desk Attendant', '2020-4-16', 'Looking for exceled person. 3 years experience.', 'Hospitality and Tourism', '0', '1'),
('2207', 'Jordan_W07', 'Freight Tallier', '2020-2-7', 'Looking for eminence person. 3 years experience.', 'Architecture and Construction', '0', '1'),
('2986', 'Jordan_W07', 'Wardrobe Specialist', '2020-2-13', 'Looking for supports person. 1 years experience.', 'Information Technology', '1', '3'),
('1709', 'Winter_F99', 'Pattern Setter', '2020-1-24', 'Looking for doubtless person. 4 years experience.', 'Architecture and Construction', '1', '3'),
('1649', 'Emory_S73', 'Senior SQL Server Developer', '2020-9-20', 'Looking for beneficent person. 3 years experience.', 'Arts, Audio/Video, and Communications', '1', '3'),
('1482', 'Dallas_F36', 'Brass Burnisher', '2020-9-27', 'Looking for unfettered person. 2 years experience.', 'Health Science', '0', '5'),
('2915', 'Alexis_S77', 'Senior Product Analyst', '2020-11-12', 'Looking for nicest person. 1 years experience.', 'Arts, Audio/Video, and Communications', '1', '1'),
('1451', 'Justice_H04', 'Final Assembly Inspector', '2020-2-22', 'Looking for affirm person. 1 years experience.', 'Manufacturing', '0', '5'),
('1393', 'Val_B55', 'Curtain Stitcher', '2020-8-17', 'Looking for endorse person. 1 years experience.', 'Finance', '0', '5'),
('2088', 'Charlie_G03', 'Boring-Mill Set-Up Operator, Vertical', '2020-12-6', 'Looking for decent person. 1 years experience.', 'Transportation, Distribution and Logistics', '1', '1'),
('1455', 'Leighton_G02', 'Hand Printed Circuit Board Assembler', '2020-5-9', 'Looking for paramount person. 2 years experience.', 'Agriculture and Natural Resources', '0', '4'),
('2599', 'Harley_O84', 'Band Straightener', '2020-8-14', 'Looking for satisfied person. 3 years experience.', 'Manufacturing', '1', '5'),
('2822', 'Dakota_H85', 'Dairy-Manufacturing Technologist', '2020-10-26', 'Looking for good person. 2 years experience.', 'Health Science', '0', '4'),
('1264', 'Amari_C83', 'Fingernail Sculptor', '2020-10-10', 'Looking for readable person. 1 years experience.', 'Transportation, Distribution and Logistics', '0', '2'),
('1729', 'Remington_W74', 'Finish Production Manager', '2020-9-2', 'Looking for foolproof person. 3 years experience.', 'Education and Training', '0', '4'),
('2092', 'Oakley_A86', 'Tile Fitter', '2020-7-29', 'Looking for lustrous person. 4 years experience.', 'Health Science', '0', '1'),
('2232', 'Harley_O84', 'Printing-Roller Polisher', '2020-11-11', 'Looking for standout person. 1 years experience.', 'Law, Public Safety, Corrections and Security', '0', '3'),
('2314', 'Rory_M44', 'Human Resources Executive Assistant', '2020-9-4', 'Looking for galore person. 4 years experience.', 'Law, Public Safety, Corrections and Security', '0', '1'),
('2142', 'Avery_H44', 'Wharf Tender', '2020-10-14', 'Looking for momentous person. 4 years experience.', 'Hospitality and Tourism', '1', '5'),
('1285', 'Hayden_W95', 'Financial Reporting Advisor', '2020-12-12', 'Looking for optimism person. 4 years experience.', 'Architecture and Construction', '0', '3'),
('2340', 'Angel_D60', 'Crystal-Syrup Maker', '2020-9-24', 'Looking for popular person. 1 years experience.', 'Human Services', '0', '3'),
('1641', 'Milan_O58', 'Supervisor Nurse', '2020-7-19', 'Looking for lovable person. 5 years experience.', 'Finance', '1', '3'),
('2576', 'Alexis_S77', 'Director Ambulatory', '2020-11-24', 'Looking for nicer person. 4 years experience.', 'Business Management and Administration', '1', '2'),
('2556', 'Peyton_M85', 'Associate Professor of Art History', '2020-12-4', 'Looking for acclaim person. 1 years experience.', 'Business Management and Administration', '0', '4'),
('1706', 'Parker_P89', 'Marble Rubber', '2020-6-27', 'Looking for surmount person. 3 years experience.', 'Hospitality and Tourism', '1', '5'),
('1098', 'Winter_F99', 'Nurse Auditor', '2020-7-13', 'Looking for accolade person. 3 years experience.', 'Law, Public Safety, Corrections and Security', '0', '4'),
('1252', 'Peyton_M85', 'Blender Machine Operator', '2020-10-16', 'Looking for reassure person. 4 years experience.', 'Marketing, Sales and Service', '0', '2'),
('2631', 'Tyler_W26', 'Tapper, Hand', '2020-3-7', 'Looking for beneficent person. 2 years experience.', 'Education and Training', '0', '5'),
('2243', 'Avery_H44', 'Power Plant Operations Manager', '2020-7-18', 'Looking for remission person. 3 years experience.', 'Education and Training', '1', '1'),
('2348', 'Skyler_D13', 'Offset Press Operator, Helper', '2020-8-26', 'Looking for illuminati person. 4 years experience.',  'Agriculture and Natural Resources', '1', '4');

INSERT INTO CreditCardInfo(CCNumber, ExpireDate, CCBNumber, IsDefault, Auto_Manual)
VALUES ('2201163852677344', '2022-6-22', '558', '1', '0'),
('0823028179792558', '2022-6-8', '796', '1', '1'),
('2549677338908454', '2021-9-14', '446', '1', '1'),
('9894537619892326', '2021-1-24', '165', '0', '0'),
('2957366199458183', '2022-9-20', '614', '1', '1'),
('8296139968846288', '2022-6-14', '951', '0', '0'),
('6447286060183925', '2021-10-24', '086', '1', '1'),
('6217271930212110', '2021-1-10', '823', '1', '0'),
('9445447616801234', '2022-4-6', '993', '1', '0'),
('7395849936454058', '2022-6-26', '410', '1', '1'),
('0600955724591358', '2022-3-2', '590', '0', '0'),
('8250805055981541', '2021-1-3', '577', '0', '0'),
('3354807084137457', '2022-4-20', '847', '1', '1'),
('6161598651048226', '2022-10-9', '295', '1', '0'),
('0701589474155941', '2021-10-16', '698', '1', '1'),
('9443440865017208', '2021-5-17', '604', '1', '0'),
('9654676744054583', '2021-3-1', '583', '0', '1'),
('4265534917485274', '2021-4-19', '041', '1', '1'),
('3065925808035462', '2022-10-20', '056', '0', '0'),
('9599542573644785', '2021-6-28', '681', '0', '1'),
('6800055551782463', '2022-5-12', '487', '1', '0'),
('0014710387081163', '2022-7-23', '823', '1', '0'),
('7620996300465987', '2022-8-7', '266', '0', '0'),
('4469283392484855', '2022-9-5', '824', '1', '1'),
('4716018789595163', '2021-4-22', '153', '0', '0'),
('1125068999958541', '2021-8-9', '400', '1', '1'),
('7309017203227934', '2021-10-21', '628', '0', '0'),
('5178460885645781', '2022-2-7', '552', '0', '0'),
('9450502454071220', '2022-4-27', '941', '1', '1'),
('7475720998527313', '2021-4-14', '205', '0', '0'),
('4561449778083185', '2021-7-18', '421', '0', '0'),
('3931954181227190', '2021-7-27', '094', '1', '1'),
('1662537486496178', '2022-2-6', '136', '0', '1'),
('4794709148621394', '2022-6-1', '916', '0', '0'),
('8265279853044941', '2022-7-14', '822', '0', '0'),
('9127443326360195', '2021-7-14', '300', '1', '0'),
('4257586834369727', '2021-4-4', '906', '0', '0'),
('6845629365292418', '2021-3-24', '030', '1', '0'),
('3406496277513139', '2021-11-28', '927', '0', '0'),
('6828961724200451', '2021-1-6', '421', '1', '0'),
('3386152288089413', '2021-9-17', '712', '0', '1'),
('5531809272959813', '2021-11-28', '108', '0', '0'),
('0897524242352933', '2022-7-17', '139', '0', '1'),
('8984386147902323', '2022-3-3', '031', '1', '1'),
('0984764686067927', '2021-5-15', '187', '0', '0'),
('4332153306123673', '2022-11-6', '372', '1', '0'),
('6746340978560622', '2022-4-19', '332', '1', '1'),
('8579406492885396', '2021-10-23', '376', '0', '1'),
('0346258308932275', '2021-11-6', '222', '0', '1'),
('3135483626279316', '2021-11-26', '219', '1', '1'),
('5433428045578305', '2021-7-2', '070', '1', '1'),
('8319421215807215', '2022-6-19', '941', '0', '1'),
('7880187933367297', '2021-1-5', '147', '1', '0'),
('5077034795094718', '2021-8-22', '843', '1', '1'),
('9948604888179629', '2022-9-23', '611', '1', '1'),
('9172683773408201', '2021-5-9', '894', '1', '1'),
('8838625353235886', '2022-3-26', '769', '0', '1'),
('4064229926660975', '2022-1-12', '863', '0', '1'),
('0285321636458802', '2022-5-6', '713', '0', '1'),
('2694251374711443', '2021-10-21', '024', '1', '0'),
('6215964697964536', '2022-10-15', '839', '0', '1'),
('2474173102323116', '2021-11-23', '907', '0', '1'),
('8777350338115401', '2022-9-27', '246', '0', '1'),
('9937740512778479', '2022-10-13', '903', '1', '0'),
('9413818173016945', '2022-11-13', '128', '1', '0'),
('7180319375216600', '2022-2-20', '167', '0', '1'),
('5106880400027821', '2022-4-27', '882', '1', '0'),
('0764104129876902', '2021-4-6', '351', '0', '0'),
('2936994288738473', '2022-4-27', '731', '1', '1'),
('9403579000386969', '2022-1-24', '712', '0', '1'),
('9569294058617795', '2021-2-28', '389', '0', '0'),
('1247142493713933', '2021-11-14', '600', '0', '0'),
('7977260412416277', '2022-5-27', '382', '1', '0'),
('6740978698938160', '2021-10-16', '102', '0', '1'),
('3930092227367900', '2022-9-7', '057', '1', '0'),
('9605345494764684', '2022-3-19', '148', '1', '1'),
('6208241546423664', '2021-1-11', '358', '0', '0'),
('8263633259916220', '2021-8-22', '986', '0', '1'),
('2715874222181282', '2022-10-14', '858', '1', '1'),
('7720965419526738', '2022-11-24', '952', '1', '0'),
('7142538406131318', '2021-1-28', '851', '0', '1'),
('3242397715460518', '2021-7-12', '110', '0', '0'),
('0515934932004541', '2021-4-13', '982', '1', '1'),
('0444610700805113', '2022-4-28', '250', '1', '1'),
('3024799048790389', '2021-3-5', '398', '1', '1'),
('1980752584962384', '2022-4-16', '298', '0', '0'),
('9184858010673226', '2021-7-13', '830', '0', '0'),
('9008673679970097', '2021-5-12', '946', '0', '0'),
('7477340343400656', '2021-1-27', '047', '0', '1'),
('4229467449381697', '2022-3-25', '635', '1', '1'),
('0767128896051252', '2022-2-18', '048', '1', '0'),
('7649394297004119', '2022-9-13', '544', '0', '1'),
('1252017885482724', '2022-9-25', '601', '1', '0'),
('5337158891779004', '2021-10-27', '025', '0', '1'),
('8055517821895703', '2022-8-6', '197', '1', '1'),
('0329697159139606', '2021-11-23', '507', '1', '0'),
('5191095566348586', '2021-6-16', '942', '0', '0'),
('5815243924140154', '2021-1-5', '230', '0', '0'),
('7540764695878268', '2021-1-2', '285', '0', '1'),
('3683460738259805', '2022-6-9', '918', '0', '0'),
('1935692263401843', '2022-6-8', '406', '1', '1'),
('8245566331600936', '2021-9-23', '405', '0', '0'),
('1554891641575772', '2022-6-10', '908', '1', '0'),
('5987577771491599', '2022-11-27', '072', '0', '1'),
('0414338220911713', '2021-8-10', '837', '1', '0'),
('7679445613143992', '2022-1-17', '926', '1', '1'),
('4216500278147343', '2021-2-15', '276', '1', '0'),
('0996315062619827', '2021-6-23', '203', '1', '0'),
('1127235992688097', '2021-6-6', '178', '0', '1'),
('8313769310796284', '2022-9-28', '621', '0', '0'),
('4766189163154673', '2021-11-23', '970', '1', '1'),
('0980004534982795', '2022-8-4', '041', '0', '0'),
('2811460902048249', '2022-5-19', '908', '1', '0'),
('6390572521613397', '2021-8-2', '287', '1', '0'),
('3802584008899510', '2021-5-6', '840', '1', '1'),
('5407546383105519', '2022-2-2', '146', '0', '0'),
('8852330089463892', '2022-3-2', '539', '1', '0'),
('5710742686957348', '2022-4-12', '713', '1', '0'),
('9797973766668091', '2022-11-7', '888', '1', '0'),
('3375196662629164', '2021-7-25', '999', '0', '1'),
('3558152167478479', '2022-8-6', '577', '1', '1'),
('2986992691472245', '2021-8-12', '633', '1', '0'),
('9990745666091316', '2021-9-27', '044', '1', '1'),
('1245358643418286', '2021-3-6', '130', '1', '0'),
('3899597579643788', '2021-8-1', '705', '1', '1'),
('2246904940651721', '2021-10-18', '853', '0', '0'),
('3608303073496306', '2021-9-19', '950', '1', '0'),
('6909469508573950', '2022-7-17', '388', '1', '1'),
('4576357841663854', '2022-11-18', '517', '1', '1'),
('2408318310817365', '2022-7-26', '449', '0', '1'),
('7807181636736921', '2022-7-4', '072', '1', '1'),
('1980958464147025', '2022-1-14', '732', '0', '1'),
('5787668626405718', '2022-5-25', '083', '0', '0'),
('1869347252062498', '2022-8-12', '603', '0', '1'),
('4825511244957875', '2022-7-23', '585', '1', '0'),
('7671048893222200', '2021-8-1', '320', '0', '0'),
('3080231093310269', '2022-7-22', '306', '0', '1'),
('3567745328100369', '2022-3-19', '996', '1', '1'),
('6068559087406995', '2022-5-27', '149', '0', '1'),
('4997622716611431', '2021-9-12', '208', '1', '0'),
('2402143594921558', '2022-5-20', '391', '1', '0'),
('8002323181881381', '2022-9-25', '346', '1', '1'),
('7240237646365391', '2022-3-1', '899', '0', '1'),
('6073522083576258', '2021-6-1', '501', '0', '1'),
('8528412088308028', '2021-5-6', '815', '0', '1'),
('2130463523303077', '2021-2-6', '975', '0', '1'),
('1192962739518603', '2022-9-15', '870', '1', '0'),
('5405206846283738', '2021-11-4', '237', '0', '1'),
('1132526679835121', '2021-7-10', '115', '1', '1'),
('2475586461757136', '2021-4-24', '723', '1', '0');

INSERT INTO PADInfo(AccountNumber, InstituteNumber, BranchNumber, IsDefault, Auto_Manual)
VALUES ('7751489', '010', '68', '0', '1'),
('7625945', '570', '56', '0', '1'),
('4423099', '001', '20', '0', '1'),
('3570177', '830', '22', '1', '0'),
('4918247', '614', '49', '0', '1'),
('1838696', '626', '95', '1', '1'),
('7865096', '854', '85', '0', '1'),
('3264640', '840', '5', '0', '1'),
('4856517', '314', '15', '0', '1'),
('2114328', '899', '26', '0', '1'),
('7022747', '550', '42', '1', '1'),
('3087005', '326', '76', '1', '0'),
('4323288', '347', '84', '0', '0'),
('1590539', '310', '5', '0', '0'),
('5466706', '314', '87', '0', '1'),
('4206735', '815', '81', '0', '1'),
('4447380', '333', '90', '1', '0'),
('2683179', '603', '40', '0', '1'),
('4907886', '357', '12', '1', '1'),
('2282581', '277', '26', '1', '1'),
('4766408', '241', '82', '0', '0'),
('5443030', '010', '16', '0', '0'),
('8643859', '303', '4', '1', '1'),
('5681346', '294', '26', '0', '0'),
('7008179', '039', '46', '1', '0'),
('5708265', '342', '16', '0', '0'),
('7483207', '002', '11', '1', '0'),
('9353241', '219', '22', '1', '1'),
('7674154', '550', '1', '0', '0'),
('0986402', '522', '49', '1', '1'),
('4720114', '318', '92', '1', '1'),
('4066171', '177', '55', '0', '1'),
('6224227', '808', '55', '1', '1'),
('1995507', '580', '73', '1', '0'),
('2154090', '311', '33', '1', '1'),
('4794472', '344', '4', '0', '1'),
('5360287', '332', '2', '1', '1'),
('3869980', '625', '62', '0', '0'),
('0938258', '309', '10', '1', '0'),
('5537699', '260', '73', '0', '0'),
('9062817', '294', '61', '1', '1'),
('4908281', '006', '75', '1', '1'),
('5731522', '865', '46', '1', '0'),
('7742614', '623', '37', '0', '0'),
('1798714', '292', '75', '1', '0'),
('7705728', '352', '1', '0', '1'),
('7535504', '815', '45', '0', '0'),
('0958532', '323', '32', '1', '0'),
('4851011', '346', '50', '1', '1'),
('5537338', '623', '21', '0', '1'),
('9218595', '846', '11', '0', '1'),
('9985988', '550', '21', '1', '0'),
('3852193', '808', '46', '0', '1'),
('0765895', '532', '70', '0', '0'),
('8890551', '307', '23', '0', '1'),
('9360739', '310', '23', '0', '1'),
('1525430', '830', '28', '1', '0'),
('4875989', '352', '9', '1', '1'),
('3877779', '326', '44', '1', '0'),
('0634361', '307', '82', '0', '0'),
('5044533', '357', '67', '1', '0'),
('5291900', '242', '77', '1', '1'),
('1545490', '308', '25', '1', '0'),
('5267489', '016', '73', '0', '1'),
('0684400', '343', '78', '0', '1'),
('8944920', '275', '9', '1', '0'),
('7738554', '311', '68', '0', '0'),
('8138261', '340', '67', '1', '1'),
('4062964', '347', '44', '0', '1'),
('4255257', '354', '75', '1', '0'),
('0946242', '010', '28', '1', '1'),
('4993075', '344', '47', '1', '1'),
('8137194', '339', '69', '0', '0'),
('1439392', '509', '54', '1', '0'),
('0697651', '357', '28', '0', '1'),
('2958735', '039', '57', '0', '1'),
('6794762', '354', '11', '1', '1'),
('6075790', '265', '90', '1', '1'),
('5890699', '260', '79', '0', '0'),
('4876396', '340', '86', '0', '1'),
('6478669', '551', '91', '1', '1'),
('3368767', '614', '81', '1', '1'),
('4637187', '865', '25', '0', '0'),
('8138206', '597', '23', '0', '0'),
('5393896', '323', '36', '0', '1'),
('6198843', '344', '79', '1', '0'),
('3493787', '292', '53', '1', '0'),
('9571489', '623', '82', '1', '1'),
('2500245', '352', '18', '1', '1'),
('9055885', '345', '92', '0', '1'),
('8816387', '177', '72', '0', '0'),
('4402958', '532', '38', '1', '1'),
('0970104', '522', '5', '0', '1'),
('8995910', '307', '76', '1', '0'),
('8504842', '277', '35', '0', '0'),
('0260347', '308', '89', '0', '1'),
('5678689', '294', '50', '1', '0'),
('3229256', '352', '73', '1', '0'),
('4155080', '626', '72', '1', '1'),
('6576805', '219', '26', '1', '0'),
('9665977', '837', '17', '0', '0'),
('8125053', '315', '38', '1', '1'),
('8783963', '840', '81', '0', '0'),
('4870920', '842', '8', '1', '0'),
('8540368', '842', '84', '0', '0'),
('7376877', '839', '92', '0', '0'),
('2409797', '001', '3', '0', '0'),
('7598649', '536', '70', '0', '1'),
('9187721', '242', '97', '1', '0'),
('1043325', '270', '42', '1', '0'),
('8984705', '006', '29', '0', '1'),
('5742107', '332', '80', '1', '1'),
('2320243', '309', '77', '0', '1'),
('7218117', '002', '14', '0', '1'),
('7929109', '854', '27', '0', '1'),
('6483251', '323', '29', '1', '1'),
('7730856', '277', '43', '0', '1'),
('3048685', '540', '35', '0', '1'),
('2408408', '307', '53', '0', '0'),
('6041006', '358', '35', '1', '1'),
('1689970', '842', '48', '0', '0'),
('7402440', '303', '89', '0', '1'),
('3879602', '307', '45', '0', '0'),
('1659030', '327', '30', '0', '1'),
('8814703', '551', '81', '0', '0'),
('6867159', '338', '31', '1', '1'),
('7030985', '625', '73', '0', '0'),
('7111950', '349', '15', '0', '1'),
('7290158', '621', '78', '0', '1'),
('5278699', '509', '61', '1', '0'),
('9386961', '345', '91', '0', '1'),
('6873590', '550', '38', '1', '1'),
('7650978', '322', '39', '1', '0'),
('2941905', '307', '42', '1', '0'),
('4160863', '177', '1', '0', '0'),
('1616130', '294', '67', '1', '0'),
('1669032', '260', '32', '1', '1'),
('2512712', '342', '19', '0', '1'),
('1751532', '322', '82', '1', '0'),
('5236875', '899', '54', '0', '1'),
('8952697', '357', '17', '0', '0'),
('3476034', '322', '78', '0', '0'),
('5602884', '334', '62', '1', '0'),
('9951836', '343', '46', '1', '0'),
('4990865', '625', '69', '1', '1'),
('8166933', '899', '20', '1', '0'),
('4028498', '357', '11', '0', '0'),
('6152036', '003', '87', '1', '1'),
('9803039', '314', '64', '0', '0'),
('8146414', '853', '6', '0', '1');

INSERT INTO Application(ApplicantUserName, JobID, ApplicationStatus, ApplicationDate)
VALUES ('Avery_S76', '1932', 'denied', '2020-12-28'),
('Riley_J91', '2569', 'sent', '2020-7-4'),
('Peyton_W55', '1909', 'hired', '2020-2-24'),
('Logan_J79', '2917', 'accepted', '2020-5-1'),
('Taylor_B39', '1161', 'hired', '2020-11-8'),
('Ryan_D05', '1968', 'sent', '2020-5-19'),
('Jordan_M01', '1759', 'denied', '2020-8-27'),
('Cameron_W01', '2557', 'accepted', '2020-10-8'),
('Blake_M45', '1949', 'accepted', '2020-5-16'),
('Skylar_T94', '1611', 'review', '2020-10-9'),
('Emerson_A91', '1382', 'accepted', '2020-6-27'),
('Phoenix_T88', '2541', 'accepted', '2020-9-11'),
('Hunter_J17', '2733', 'hired', '2020-7-14'),
('Amari_W29', '1908', 'review', '2020-11-23'),
('River_H64', '1452', 'denied', '2020-2-25'),
('Casey_M37', '2098', 'review', '2020-5-19'),
('Tatum_T80', '2666', 'review', '2020-7-20'),
('Alex_G04', '1591', 'accepted', '2020-1-25'),
('Addison_M01', '2888', 'hired', '2020-5-20'),
('Tyler_R41', '1513', 'denied', '2020-11-13'),
('Addison_C99', '1309', 'review', '2020-3-22'),
('Adrian_R42', '1425', 'sent', '2020-8-8'),
('Ainsley_L78', '1360', 'review', '2020-5-25'),
('Alex_L37', '2189', 'hired', '2020-1-20'),
('Andy_W03', '2867', 'denied', '2020-9-29'),
('Ari_H54', '1076', 'sent', '2020-6-8'),
('Ash_A42', '1110', 'sent', '2020-1-18'),
('Aspen_Y08', '1015', 'accepted', '2020-12-15'),
('Aubrey_H37', '1640', 'denied', '2020-6-26'),
('Bailey_K56', '1960', 'hired', '2020-12-3'),
('Bay_W50', '1533', 'accepted', '2020-1-28'),
('Blaine_L80', '1473', 'review', '2020-5-20'),
('Bobbie_H42', '1885', 'denied', '2020-11-5'),
('Brett_S92', '1342', 'hired', '2020-2-6'),
('Brook_G08', '2012', 'hired', '2020-4-11'),
('Caelan_A24', '1619', 'review', '2020-2-10'),
('Campbell_B89', '2780', 'review', '2020-1-19'),
('Carroll_G80', '1368', 'denied', '2020-11-25'),
('Charlie_N32', '1326', 'hired', '2020-6-14'),
('Chris_C86', '2021', 'accepted', '2020-2-18'),
('Clay_M12', '1373', 'denied', '2020-2-18'),
('Corey_P54', '2471', 'sent', '2020-1-28'),
('Dana_R94', '1572', 'denied', '2020-2-29'),
('Dakota_T41', '1644', 'review', '2020-3-25'),
('Dale_P03', '2895', 'accepted', '2020-9-2'),
('Daryl_C23', '2988', 'hired', '2020-6-22'),
('Devin_P28', '2217', 'denied', '2020-7-16'),
('Dorian_E82', '1940', 'accepted', '2020-4-15'),
('Drew_E30', '2256', 'sent', '2020-7-4'),
('Eddie_C30', '2719', 'accepted', '2020-4-1'),
('Eli_S12', '2481', 'denied', '2020-10-23'),
('Elliott_S53', '2560', 'denied', '2020-10-15'),
('Frances_M87', '2005', 'accepted', '2020-10-16'),
('Frankie_R70', '1178', 'accepted', '2020-8-9'),
('Gabriel_R70', '2386', 'denied', '2020-2-14'),
('Glenn_C78', '1754', 'sent', '2020-1-16'),
('Gray_M93', '2951', 'hired', '2020-5-20'),
('Harper_B61', '2043', 'denied', '2020-3-11'),
('Hayden_M02', '1361', 'hired', '2020-2-15'),
('Jamie_B06', '1083', 'hired', '2020-11-16'),
('Jean_R70', '1420', 'sent', '2020-1-23'),
('Jesse_C23', '1381', 'hired', '2020-7-19'),
('Jordan_R46', '2162', 'accepted', '2020-7-2'),
('Jules_C08', '1552', 'denied', '2020-1-2'),
('Julian_H83', '2426', 'accepted', '2020-6-23'),
('Kaden_W63', '1562', 'sent', '2020-4-28'),
('Kelly_T25', '2421', 'review', '2020-8-19'),
('Kennedy_P27', '2608', 'sent', '2020-12-11'),
('Lake_G16', '2231', 'review', '2020-11-1'),
('Logan_R47', '2237', 'accepted', '2020-8-1'),
('Max_J54', '1456', 'sent', '2020-5-4'),
('Morgan_W93', '1971', 'review', '2020-7-5'),
('Pat_B21', '1167', 'denied', '2020-9-26'),
('Peyton_K98', '2774', 'sent', '2020-1-10'),
('Ray_S05', '1665', 'denied', '2020-4-4'),
('Reed_P50', '1847', 'accepted', '2020-11-28'),
('Riley_B53', '2523', 'sent', '2020-2-25'),
('River_W68', '2414', 'denied', '2020-2-17'),
('Roan_B20', '1139', 'hired', '2020-11-29'),
('Rudy_R56', '2062', 'sent', '2020-3-16');

INSERT INTO EmployerCC(EmployerUserName, CCNumber)
VALUES ('Ryan_H07', '2201163852677344'),
('Sage_C20', '0823028179792558'),
('Sam_J63', '2549677338908454'),
('Shawn_P06', '9894537619892326'),
('Sean_P87', '2957366199458183'),
('Stevie_L98', '8296139968846288'),
('Tanner_P99', '6447286060183925'),
('Taylor_H15', '6217271930212110'),
('Toby_F77', '9445447616801234'),
('Tyler_W26', '7395849936454058'),
('Val_B55', '0600955724591358'),
('West_S45', '8250805055981541'),
('Winter_F99', '3354807084137457'),
('Landry_G45', '6161598651048226'),
('Azariah_B76', '0701589474155941'),
('Oakley_A86', '9443440865017208'),
('Lennon_R34', '9654676744054583'),
('Charlie_G03', '4265534917485274'),
('Skyler_D13', '3065925808035462'),
('Dakota_H85', '9599542573644785'),
('Armani_M07', '6800055551782463'),
('Phoenix_F71', '0014710387081163'),
('Justice_H04', '7620996300465987'),
('Casey_G62', '4469283392484855'),
('Emory_S73', '4716018789595163'),
('Remy_W80', '1125068999958541'),
('Emerson_W80', '7309017203227934'),
('Amari_C83', '5178460885645781'),
('Hayden_W95', '9450502454071220'),
('River_J33', '7475720998527313'),
('Milan_O58', '4561449778083185'),
('Tatum_R67', '3931954181227190'),
('Jessie_F37', '1662537486496178'),
('Finley_E97', '4794709148621394'),
('Riley_H22', '8265279853044941'),
('Rowan_G74', '9127443326360195'),
('Sage_M47', '4257586834369727'),
('Jamie_C67', '6845629365292418'),
('Rory_M44', '3406496277513139'),
('Harley_O84', '6828961724200451'),
('Leighton_G02', '3386152288089413'),
('Peyton_M85', '5531809272959813'),
('Dallas_F36', '0897524242352933'),
('Remington_W74', '8984386147902323'),
('Quinn_W57', '0984764686067927'),
('Alexis_S77', '4332153306123673'),
('Sawyer_S33', '6746340978560622'),
('Kamryn_T68', '8579406492885396'),
('Parker_P89', '0346258308932275'),
('Avery_H44', '3135483626279316'),
('Eden_H43', '5433428045578305'),
('Lyric_C24', '8319421215807215'),
('Elliot_H55', '7880187933367297'),
('Elliott_B83', '5077034795094718'),
('Reese_M81', '9948604888179629'),
('Zion_M58', '9172683773408201'),
('Rylan_K29', '8838625353235886'),
('Jordan_W07', '4064229926660975'),
('Angel_D60', '0285321636458802'),
('Taylor_R04', '2694251374711443');

INSERT INTO EmployerPAD(EmployerUserName, AccountNumber)
VALUES ('Ryan_H07', '7751489'),
('Sage_C20', '7625945'),
('Sam_J63', '4423099'),
('Shawn_P06', '3570177'),
('Sean_P87', '4918247'),
('Stevie_L98', '1838696'),
('Tanner_P99', '7865096'),
('Taylor_H15', '3264640'),
('Toby_F77', '4856517'),
('Tyler_W26', '2114328'),
('Val_B55', '7022747'),
('West_S45', '3087005'),
('Winter_F99', '4323288'),
('Landry_G45', '1590539'),
('Azariah_B76', '5466706'),
('Oakley_A86', '4206735'),
('Lennon_R34', '4447380'),
('Charlie_G03', '2683179'),
('Skyler_D13', '4907886'),
('Dakota_H85', '2282581'),
('Armani_M07', '4766408'),
('Phoenix_F71', '5443030'),
('Justice_H04', '8643859'),
('Casey_G62', '5681346'),
('Emory_S73', '7008179'),
('Remy_W80', '5708265'),
('Emerson_W80', '7483207'),
('Amari_C83', '9353241'),
('Hayden_W95', '7674154'),
('River_J33', '0986402'),
('Milan_O58', '4720114'),
('Tatum_R67', '4066171'),
('Jessie_F37', '6224227'),
('Finley_E97', '1995507'),
('Riley_H22', '2154090'),
('Rowan_G74', '4794472'),
('Sage_M47', '5360287'),
('Jamie_C67', '3869980'),
('Rory_M44', '0938258'),
('Harley_O84', '5537699'),
('Leighton_G02', '9062817'),
('Peyton_M85', '4908281'),
('Dallas_F36', '5731522'),
('Remington_W74', '7742614'),
('Quinn_W57', '1798714'),
('Alexis_S77', '7705728'),
('Sawyer_S33', '7535504'),
('Kamryn_T68', '0958532'),
('Parker_P89', '4851011'),
('Avery_H44', '5537338'),
('Eden_H43', '9218595'),
('Lyric_C24', '9985988'),
('Elliot_H55', '3852193'),
('Elliott_B83', '0765895'),
('Reese_M81', '8890551'),
('Zion_M58', '9360739'),
('Rylan_K29', '1525430'),
('Jordan_W07', '4875989'),
('Angel_D60', '3877779'),
('Taylor_R04', '0634361');

INSERT INTO ApplicantCC(ApplicantUserName, CCNumber)
VALUES ('Avery_S76', '6215964697964536'),
('Riley_J91', '2474173102323116'),
('Peyton_W55', '8777350338115401'),
('Logan_J79', '9937740512778479'),
('Taylor_B39', '9413818173016945'),
('Ryan_D05', '7180319375216600'),
('Jordan_M01', '5106880400027821'),
('Cameron_W01', '0764104129876902'),
('Blake_M45', '2936994288738473'),
('Skylar_T94', '9403579000386969'),
('Emerson_A91', '9569294058617795'),
('Phoenix_T88', '1247142493713933'),
('Hunter_J17', '7977260412416277'),
('Amari_W29', '6740978698938160'),
('River_H64', '3930092227367900'),
('Casey_M37', '9605345494764684'),
('Tatum_T80', '6208241546423664'),
('Alex_G04', '8263633259916220'),
('Addison_M01', '2715874222181282'),
('Tyler_R41', '7720965419526738'),
('Addison_C99', '7142538406131318'),
('Adrian_R42', '3242397715460518'),
('Ainsley_L78', '0515934932004541'),
('Alex_L37', '0444610700805113'),
('Andy_W03', '3024799048790389'),
('Ari_H54', '1980752584962384'),
('Ash_A42', '9184858010673226'),
('Aspen_Y08', '9008673679970097'),
('Aubrey_H37', '7477340343400656'),
('Bailey_K56', '4229467449381697'),
('Bay_W50', '0767128896051252'),
('Blaine_L80', '7649394297004119'),
('Bobbie_H42', '1252017885482724'),
('Brett_S92', '5337158891779004'),
('Brook_G08', '8055517821895703'),
('Caelan_A24', '0329697159139606'),
('Campbell_B89', '5191095566348586'),
('Carroll_G80', '5815243924140154'),
('Charlie_N32', '7540764695878268'),
('Chris_C86', '3683460738259805'),
('Clay_M12', '1935692263401843'),
('Corey_P54', '8245566331600936'),
('Dana_R94', '1554891641575772'),
('Dakota_T41', '5987577771491599'),
('Dale_P03', '0414338220911713'),
('Daryl_C23', '7679445613143992'),
('Devin_P28', '4216500278147343'),
('Dorian_E82', '0996315062619827'),
('Drew_E30', '1127235992688097'),
('Eddie_C30', '8313769310796284'),
('Eli_S12', '4766189163154673'),
('Elliott_S53', '0980004534982795'),
('Frances_M87', '2811460902048249'),
('Frankie_R70', '6390572521613397'),
('Gabriel_R70', '3802584008899510'),
('Glenn_C78', '5407546383105519'),
('Gray_M93', '8852330089463892'),
('Harper_B61', '5710742686957348'),
('Hayden_M02', '9797973766668091'),
('Jamie_B06', '3375196662629164'),
('Jean_R70', '3558152167478479'),
('Jesse_C23', '2986992691472245'),
('Jordan_R46', '9990745666091316'),
('Jules_C08', '1245358643418286'),
('Julian_H83', '3899597579643788'),
('Kaden_W63', '2246904940651721'),
('Kelly_T25', '3608303073496306'),
('Kennedy_P27', '6909469508573950'),
('Lake_G16', '4576357841663854'),
('Logan_R47', '2408318310817365'),
('Max_J54', '7807181636736921'),
('Morgan_W93', '1980958464147025'),
('Pat_B21', '5787668626405718'),
('Peyton_K98', '1869347252062498'),
('Ray_S05', '4825511244957875'),
('Reed_P50', '7671048893222200'),
('Riley_B53', '3080231093310269'),
('River_W68', '3567745328100369'),
('Roan_B20', '6068559087406995'),
('Rudy_R56', '4997622716611431');

INSERT INTO ApplicantPAD(ApplicantUserName, AccountNumber)
VALUES ('Avery_S76', '5044533'),
('Riley_J91', '5291900'),
('Peyton_W55', '1545490'),
('Logan_J79', '5267489'),
('Taylor_B39', '0684400'),
('Ryan_D05', '8944920'),
('Jordan_M01', '7738554'),
('Cameron_W01', '8138261'),
('Blake_M45', '4062964'),
('Skylar_T94', '4255257'),
('Emerson_A91', '0946242'),
('Phoenix_T88', '4993075'),
('Hunter_J17', '8137194'),
('Amari_W29', '1439392'),
('River_H64', '0697651'),
('Casey_M37', '2958735'),
('Tatum_T80', '6794762'),
('Alex_G04', '6075790'),
('Addison_M01', '5890699'),
('Tyler_R41', '4876396'),
('Addison_C99', '6478669'),
('Adrian_R42', '3368767'),
('Ainsley_L78', '4637187'),
('Alex_L37', '8138206'),
('Andy_W03', '5393896'),
('Ari_H54', '6198843'),
('Ash_A42', '3493787'),
('Aspen_Y08', '9571489'),
('Aubrey_H37', '2500245'),
('Bailey_K56', '9055885'),
('Bay_W50', '8816387'),
('Blaine_L80', '4402958'),
('Bobbie_H42', '0970104'),
('Brett_S92', '8995910'),
('Brook_G08', '8504842'),
('Caelan_A24', '0260347'),
('Campbell_B89', '5678689'),
('Carroll_G80', '3229256'),
('Charlie_N32', '4155080'),
('Chris_C86', '6576805'),
('Clay_M12', '9665977'),
('Corey_P54', '8125053'),
('Dana_R94', '8783963'),
('Dakota_T41', '4870920'),
('Dale_P03', '8540368'),
('Daryl_C23', '7376877'),
('Devin_P28', '2409797'),
('Dorian_E82', '7598649'),
('Drew_E30', '9187721'),
('Eddie_C30', '1043325'),
('Eli_S12', '8984705'),
('Elliott_S53', '5742107'),
('Frances_M87', '2320243'),
('Frankie_R70', '7218117'),
('Gabriel_R70', '7929109'),
('Glenn_C78', '6483251'),
('Gray_M93', '7730856'),
('Harper_B61', '3048685'),
('Hayden_M02', '2408408'),
('Jamie_B06', '6041006'),
('Jean_R70', '1689970'),
('Jesse_C23', '7402440'),
('Jordan_R46', '3879602'),
('Jules_C08', '1659030'),
('Julian_H83', '8814703'),
('Kaden_W63', '6867159'),
('Kelly_T25', '7030985'),
('Kennedy_P27', '7111950'),
('Lake_G16', '7290158'),
('Logan_R47', '5278699'),
('Max_J54', '9386961'),
('Morgan_W93', '6873590'),
('Pat_B21', '7650978'),
('Peyton_K98', '2941905'),
('Ray_S05', '4160863'),
('Reed_P50', '1616130'),
('Riley_B53', '1669032'),
('River_W68', '2512712'),
('Roan_B20', '1751532'),
('Rudy_R56', '5236875');
