USE cxc55311;

DELETE FROM User;
INSERT INTO User(UserName, FirstName, LastName, Email, ContactNumber, Password)
VALUES ('Jerika_Rush54', 'Jerika', 'Rush', 'JerikaRush80@coldmail.com', '438-960-4503', 'webinar749'),
('Bertina_Segundo13', 'Bertina', 'Segundo', 'BertinaSegundo07@hmail.ca', '450-701-6872', 'bus287'),
('Anselmo_Abdel90', 'Anselmo', 'Abdel', 'AnselmoAbdel05@hmail.ca', '438-140-3552', 'liability637'),
('Jennalee_Lovely21', 'Jennalee', 'Lovely', 'JennaleeLovely66@hmail.ca', '514-359-5153', 'beauty122'),
('Hebert_Monik76', 'Hebert', 'Monik', 'HebertMonik81@hmail.ca', '514-501-1461', 'ranger817'),
('Willow_Anina32', 'Willow', 'Anina', 'WillowAnina53@coldmail.com', '438-988-6098', 'authority991'),
('Ineisha_Storm44', 'Ineisha', 'Storm', 'IneishaStorm53@coldmail.com', '514-400-7991', 'chestnut655'),
('Natisha_Jamario94', 'Natisha', 'Jamario', 'NatishaJamario00@coldmail.com', '514-379-2419', 'ecology714'),
('Branigan_Tyna33', 'Branigan', 'Tyna', 'BraniganTyna56@coldmail.com', '514-157-9048', 'veal559'),
('Kandra_Willaim72', 'Kandra', 'Willaim', 'KandraWillaim18@coldmail.com', '438-427-7372', 'outset191'),
('Takia_Armon86', 'Takia', 'Armon', 'TakiaArmon23@coldmail.com', '450-179-0743', 'carpenter448'),
('Ananias_Jessa60', 'Ananias', 'Jessa', 'AnaniasJessa89@hmail.ca', '438-620-2164', 'tummy755'),
('Travis_Georganne46', 'Travis', 'Georganne', 'TravisGeorganne67@hmail.ca', '438-994-9097', 'prize460'),
('Shyanne_Jenine71', 'Shyanne', 'Jenine', 'ShyanneJenine99@coldmail.com', '450-318-1461', 'smock917'),
('Fidel_Jonh00', 'Fidel', 'Jonh', 'FidelJonh45@coldmail.com', '450-701-6872', 'spreadsheet554'),
('Sherrod_Felisa40', 'Sherrod', 'Felisa', 'SherrodFelisa46@coldmail.com', '514-925-5265', 'chalk508'),
('Amara_Ruel67', 'Amara', 'Ruel', 'AmaraRuel24@coldmail.com', '450-379-0872', 'pint961'),
('Barett_Ashiya48', 'Barett', 'Ashiya', 'BarettAshiya03@coldmail.com', '514-268-4201', 'sensitive448'),
('Martina_Nastasia87', 'Martina', 'Nastasia', 'MartinaNastasia22@hmail.ca', '514-848-9989', 'wiretap954'),
('Cleve_Ida62', 'Cleve', 'Ida', 'CleveIda62@hmail.ca', '514-386-0725', 'biscuit768'),
('Edin_Kyrstle35', 'Edin', 'Kyrstle', 'EdinKyrstle44@coldmail.com', '514-885-9018', 'professor130'),
('Evaristo_Teralyn91', 'Evaristo', 'Teralyn', 'EvaristoTeralyn50@hmail.ca', '438-077-8905', 'starboard742'),
('Ivana_Esau18', 'Ivana', 'Esau', 'IvanaEsau22@coldmail.com', '438-983-5158', 'antennae881'),
('Flossie_Amamda48', 'Flossie', 'Amamda', 'FlossieAmamda19@hmail.ca', '438-576-7965', 'bin640'),
('Nicollette_Ryon23', 'Nicollette', 'Ryon', 'NicolletteRyon88@hmail.ca', '438-830-3410', 'flan143'),
('Woody_Yisroel94', 'Woody', 'Yisroel', 'WoodyYisroel77@coldmail.com', '514-602-9420', 'shackle187'),
('Ronnel_Kari50', 'Ronnel', 'Kari', 'RonnelKari40@coldmail.com', '438-307-3515', 'volume786'),
('Chadrick_Kyeshia99', 'Chadrick', 'Kyeshia', 'ChadrickKyeshia08@hmail.ca', '438-948-2276', 'term297'),
('Genine_Arionne46', 'Genine', 'Arionne', 'GenineArionne19@coldmail.com', '450-568-9424', 'negotiation234'),
('Liz_Kahla75', 'Liz', 'Kahla', 'LizKahla13@coldmail.com', '514-772-9559', 'outcome828'),
('Evann_Lynsie98', 'Evann', 'Lynsie', 'EvannLynsie27@hmail.ca', '438-682-4242', 'employee488'),
('Nakeita_Scott34', 'Nakeita', 'Scott', 'NakeitaScott74@coldmail.com', '514-763-4747', 'wit340'),
('Donita_Sharmaine61', 'Donita', 'Sharmaine', 'DonitaSharmaine45@coldmail.com', '514-700-9068', 'distribution340'),
('Laterra_Deshannon66', 'Laterra', 'Deshannon', 'LaterraDeshannon90@coldmail.com', '438-494-6289', 'progression373'),
('Veronia_Jaunita26', 'Veronia', 'Jaunita', 'VeroniaJaunita78@coldmail.com', '514-379-2419', 'cucumber692'),
('Britaney_Deona64', 'Britaney', 'Deona', 'BritaneyDeona52@coldmail.com', '438-263-1759', 'bustle098'),
('Felisha_Abril58', 'Felisha', 'Abril', 'FelishaAbril15@hmail.ca', '514-266-3586', 'fisting293'),
('Marlo_Lyonel42', 'Marlo', 'Lyonel', 'MarloLyonel42@hmail.ca', '438-948-2276', 'yarmulke739'),
('Mallorie_Rennie40', 'Mallorie', 'Rennie', 'MallorieRennie11@hmail.ca', '450-373-8832', 'cloak382'),
('Christna_Tor49', 'Christna', 'Tor', 'ChristnaTor28@hmail.ca', '450-692-5974', 'distribution577'),
('Laurine_Lemuel44', 'Laurine', 'Lemuel', 'LaurineLemuel57@hmail.ca', '514-325-4069', 'gravy739'),
('Percival_Celenia47', 'Percival', 'Celenia', 'PercivalCelenia61@hmail.ca', '514-854-6465', 'drink696'),
('Sierra_Erek07', 'Sierra', 'Erek', 'SierraErek88@coldmail.com', '514-268-4201', 'fifth435'),
('Kahley_Dajuan01', 'Kahley', 'Dajuan', 'KahleyDajuan07@hmail.ca', '514-542-3521', 'locket296'),
('Malik_Denishia59', 'Malik', 'Denishia', 'MalikDenishia79@hmail.ca', '514-739-0537', 'derivative956'),
('Jerika_Shequitta73', 'Jerika', 'Shequitta', 'JerikaShequitta07@hmail.ca', '450-513-3057', 'colonisation880'),
('Loreen_Yasmine35', 'Loreen', 'Yasmine', 'LoreenYasmine60@coldmail.com', '514-620-0732', 'engineer837'),
('Candi_Kerianne33', 'Candi', 'Kerianne', 'CandiKerianne39@hmail.ca', '514-049-2895', 'derivation930'),
('Tenita_Britainy11', 'Tenita', 'Britainy', 'TenitaBritainy05@coldmail.com', '514-620-6502', 'hero755'),
('Hasina_Jamol26', 'Hasina', 'Jamol', 'HasinaJamol69@hmail.ca', '450-819-4159', 'aluminum774'),
('Mar_Elbert32', 'Mar', 'Elbert', 'MarElbert93@hmail.ca', '450-318-1461', 'webpage395'),
('Deshawn_Arabia87', 'Deshawn', 'Arabia', 'DeshawnArabia37@coldmail.com', '438-225-4107', 'shred061'),
('Sesar_Sanford05', 'Sesar', 'Sanford', 'SesarSanford17@coldmail.com', '438-225-4107', 'espadrille919'),
('Annais_Louie09', 'Annais', 'Louie', 'AnnaisLouie31@hmail.ca', '514-134-9219', 'licorice817'),
('Antionio_Kennon00', 'Antionio', 'Kennon', 'AntionioKennon29@hmail.ca', '438-164-7383', 'pen281'),
('Bailee_Lativia36', 'Bailee', 'Lativia', 'BaileeLativia44@coldmail.com', '438-256-0028', 'cross-stitch719'),
('Lanetra_Leevi45', 'Lanetra', 'Leevi', 'LanetraLeevi80@hmail.ca', '450-568-9424', 'mission496'),
('Toney_Johniece29', 'Toney', 'Johniece', 'ToneyJohniece64@hmail.ca', '438-233-7328', 'chemistry139'),
('Omayra_Jamiah37', 'Omayra', 'Jamiah', 'OmayraJamiah95@hmail.ca', '438-374-0747', 'cowboy478'),
('Cristabel_Nakea27', 'Cristabel', 'Nakea', 'CristabelNakea65@hmail.ca', '438-886-2429', 'incident065'),
('Griffith_Richrd16', 'Griffith', 'Richrd', 'GriffithRichrd67@coldmail.com', '438-008-4831', 'system445'),
('Liset_Junior23', 'Liset', 'Junior', 'LisetJunior64@hmail.ca', '438-149-5025', 'seabass458'),
('Sudeep_Stormey81', 'Sudeep', 'Stormey', 'SudeepStormey48@coldmail.com', '450-564-1371', 'existence312'),
('Warren_Tonnetta02', 'Warren', 'Tonnetta', 'WarrenTonnetta61@hmail.ca', '438-499-4416', 'shield060'),
('Aisa_Kati91', 'Aisa', 'Kati', 'AisaKati67@coldmail.com', '450-990-1339', 'damage308'),
('Brynn_Keil53', 'Brynn', 'Keil', 'BrynnKeil87@coldmail.com', '438-499-4416', 'moment168'),
('Asia_Raymont61', 'Asia', 'Raymont', 'AsiaRaymont86@coldmail.com', '514-939-9683', 'atheist259'),
('Charice_Gill08', 'Charice', 'Gill', 'ChariceGill74@hmail.ca', '514-098-7573', 'photograph930'),
('Matthew_Alnisa33', 'Matthew', 'Alnisa', 'MatthewAlnisa39@hmail.ca', '438-154-5285', 'footnote974'),
('Tiffiany_Shawntavia48', 'Tiffiany', 'Shawntavia', 'TiffianyShawntavia11@coldmail.com', '450-769-9663', 'widow023'),
('Sallie_Solomon73', 'Sallie', 'Solomon', 'SallieSolomon14@coldmail.com', '450-938-5609', 'hedge276'),
('Lubna_Kymber33', 'Lubna', 'Kymber', 'LubnaKymber16@coldmail.com', '450-899-6401', 'dump truck650'),
('Kunal_Tameca31', 'Kunal', 'Tameca', 'KunalTameca50@hmail.ca', '514-650-2970', 'roast771'),
('Gadiel_Colleen52', 'Gadiel', 'Colleen', 'GadielColleen39@hmail.ca', '514-792-3609', 'newsstand854'),
('Melania_Sonali15', 'Melania', 'Sonali', 'MelaniaSonali57@hmail.ca', '438-071-6518', 'exercise032'),
('Nessa_Tamaya35', 'Nessa', 'Tamaya', 'NessaTamaya04@coldmail.com', '450-899-6401', 'client759'),
('Rahmel_Santonio40', 'Rahmel', 'Santonio', 'RahmelSantonio06@hmail.ca', '514-266-3586', 'dimension575'),
('Niomi_Lam79', 'Niomi', 'Lam', 'NiomiLam20@hmail.ca', '438-144-9750', 'cathedral264'),
('Kerensa_Atlantis00', 'Kerensa', 'Atlantis', 'KerensaAtlantis77@hmail.ca', '514-031-5800', 'stress164'),
('Hector_Rebakah20', 'Hector', 'Rebakah', 'HectorRebakah11@hmail.ca', '514-114-6145', 'grandparent724'),
('Theresia_Christella54', 'Theresia', 'Christella', 'TheresiaChristella40@coldmail.com', '450-709-2838', 'mouse476'),
('Alexa_Sadae67', 'Alexa', 'Sadae', 'AlexaSadae16@coldmail.com', '514-114-6145', 'boot241'),
('Rheannon_Mary73', 'Rheannon', 'Mary', 'RheannonMary55@hmail.ca', '450-066-2210', 'rambler092'),
('Debora_Lari56', 'Debora', 'Lari', 'DeboraLari94@coldmail.com', '514-134-9219', 'solution037'),
('Cristela_Katryn13', 'Cristela', 'Katryn', 'CristelaKatryn61@hmail.ca', '450-284-0153', 'hook026'),
('Angalena_Marena41', 'Angalena', 'Marena', 'AngalenaMarena94@coldmail.com', '514-489-3739', 'daylight401'),
('Thelbert_Micaiah11', 'Thelbert', 'Micaiah', 'ThelbertMicaiah24@coldmail.com', '450-428-6498', 'establishment604'),
('Kentrel_Jessyca41', 'Kentrel', 'Jessyca', 'KentrelJessyca82@hmail.ca', '438-585-3739', 'leash469'),
('Saidah_Vanessa50', 'Saidah', 'Vanessa', 'SaidahVanessa96@coldmail.com', '450-938-5609', 'adobe493'),
('Gessica_Marison34', 'Gessica', 'Marison', 'GessicaMarison94@hmail.ca', '438-256-0028', 'overcharge043'),
('Korissa_Rosalinda64', 'Korissa', 'Rosalinda', 'KorissaRosalinda17@coldmail.com', '438-616-5837', 'curler287'),
('Jamilah_Rima84', 'Jamilah', 'Rima', 'JamilahRima28@coldmail.com', '514-398-2354', 'patch888'),
('Samaria_Kerri99', 'Samaria', 'Kerri', 'SamariaKerri36@hmail.ca', '438-587-8797', 'capacity097'),
('Habiba_Leila13', 'Habiba', 'Leila', 'HabibaLeila84@hmail.ca', '438-823-1159', 'editorial421'),
('Christal_Ladarian55', 'Christal', 'Ladarian', 'ChristalLadarian91@coldmail.com', '514-620-0732', 'bandwidth790'),
('Demitrius_Edrick21', 'Demitrius', 'Edrick', 'DemitriusEdrick21@hmail.ca', '438-988-6098', 'magnitude579'),
('Almon_Hampton44', 'Almon', 'Hampton', 'AlmonHampton56@coldmail.com', '514-407-3506', 'sponsorship843'),
('Gareth_Teiara23', 'Gareth', 'Teiara', 'GarethTeiara15@hmail.ca', '450-043-6750', 'wholesaler715'),
('Habiba_Terrina92', 'Habiba', 'Terrina', 'HabibaTerrina06@hmail.ca', '514-031-7811', 'pollution506'),
('Jathan_Lateefah37', 'Jathan', 'Lateefah', 'JathanLateefah00@hmail.ca', '438-124-5447', 'hellcat158'),
('Shanica_Cherron68', 'Shanica', 'Cherron', 'ShanicaCherron67@coldmail.com', '438-841-6102', 'validity567'),
('Jebediah_Lemario54', 'Jebediah', 'Lemario', 'JebediahLemario64@hmail.ca', '438-124-5447', 'yesterday000'),
('Sophanna_Carmilla09', 'Sophanna', 'Carmilla', 'SophannaCarmilla81@hmail.ca', '450-116-5589', 'bacon758'),
('Shaune_Tela64', 'Shaune', 'Tela', 'ShauneTela33@hmail.ca', '514-031-5800', 'suitcase359'),
('Brionne_Anastasha17', 'Brionne', 'Anastasha', 'BrionneAnastasha50@coldmail.com', '514-315-3189', 'needle939'),
('Bridgid_Dashonda23', 'Bridgid', 'Dashonda', 'BridgidDashonda26@coldmail.com', '514-442-8839', 'condor102'),
('Felcia_Essica22', 'Felcia', 'Essica', 'FelciaEssica15@hmail.ca', '514-134-9219', 'triad587'),
('Allecia_Kenyanna73', 'Allecia', 'Kenyanna', 'AlleciaKenyanna46@hmail.ca', '438-119-6064', 'ram654'),
('Sabrina_Clenton95', 'Sabrina', 'Clenton', 'SabrinaClenton15@hmail.ca', '450-342-4648', 'alpenglow836'),
('Thoms_Zoila17', 'Thoms', 'Zoila', 'ThomsZoila58@hmail.ca', '438-841-6102', 'donation323'),
('Gasper_Ramel13', 'Gasper', 'Ramel', 'GasperRamel20@coldmail.com', '438-806-5051', 'aid656'),
('Shelah_Sindy37', 'Shelah', 'Sindy', 'ShelahSindy29@hmail.ca', '438-653-9200', 'cylinder900'),
('Janet_Sabah40', 'Janet', 'Sabah', 'JanetSabah17@hmail.ca', '438-105-8134', 'marketer717'),
('Vincenzo_Tyrus24', 'Vincenzo', 'Tyrus', 'VincenzoTyrus01@hmail.ca', '438-499-4416', 'ivory965'),
('Aubry_Anaalicia33', 'Aubry', 'Anaalicia', 'AubryAnaalicia32@coldmail.com', '450-370-0208', 'dulcimer601'),
('Travers_Delrico59', 'Travers', 'Delrico', 'TraversDelrico56@hmail.ca', '514-168-4869', 'pansy108'),
('Hoyt_Didi33', 'Hoyt', 'Didi', 'HoytDidi70@hmail.ca', '514-925-5265', 'talk167'),
('Davidmichael_Prestina07', 'Davidmichael', 'Prestina', 'DavidmichaelPrestina98@hmail.ca', '450-043-6750', 'nylon244'),
('Nyshia_Dray84', 'Nyshia', 'Dray', 'NyshiaDray93@coldmail.com', '438-934-9619', 'characteristic392'),
('Barak_Dyna92', 'Barak', 'Dyna', 'BarakDyna68@coldmail.com', '450-692-5974', 'spiritual456'),
('Tamillia_Irene75', 'Tamillia', 'Irene', 'TamilliaIrene48@coldmail.com', '438-822-0678', 'prevention960'),
('Kristi_Camisha00', 'Kristi', 'Camisha', 'KristiCamisha27@hmail.ca', '438-140-3552', 'gazelle927'),
('Dominquie_Beatrize08', 'Dominquie', 'Beatrize', 'DominquieBeatrize26@hmail.ca', '438-587-8797', 'developer561'),
('Donnette_Lainie89', 'Donnette', 'Lainie', 'DonnetteLainie74@hmail.ca', '450-757-9611', 'pool034'),
('Chastity_Damico48', 'Chastity', 'Damico', 'ChastityDamico99@coldmail.com', '514-479-4463', 'reclamation122'),
('Lei_Lianna76', 'Lei', 'Lianna', 'LeiLianna91@coldmail.com', '438-532-8039', 'practitioner835'),
('Juleah_Keesa37', 'Juleah', 'Keesa', 'JuleahKeesa53@hmail.ca', '438-532-6421', 'hacienda827'),
('Amy_Justis71', 'Amy', 'Justis', 'AmyJustis97@coldmail.com', '514-253-5069', 'book237'),
('Jennylyn_Falecia41', 'Jennylyn', 'Falecia', 'JennylynFalecia30@coldmail.com', '514-908-2786', 'input043'),
('Pamala_Shantrice64', 'Pamala', 'Shantrice', 'PamalaShantrice12@hmail.ca', '514-763-4747', 'standardisation067'),
('Joselin_Maree84', 'Joselin', 'Maree', 'JoselinMaree11@hmail.ca', '438-978-0043', 'haste496'),
('Brandonlee_Genette12', 'Brandonlee', 'Genette', 'BrandonleeGenette86@coldmail.com', '450-046-6637', 'savannah048'),
('Saleena_Aldo44', 'Saleena', 'Aldo', 'SaleenaAldo95@coldmail.com', '514-489-3739', 'many664'),
('Hakeem_Tabethia97', 'Hakeem', 'Tabethia', 'HakeemTabethia08@coldmail.com', '450-342-4648', 'trombone032'),
('Luisalberto_Durel69', 'Luisalberto', 'Durel', 'LuisalbertoDurel68@hmail.ca', '438-336-3811', 'sculptural135'),
('Shandrea_Aliza94', 'Shandrea', 'Aliza', 'ShandreaAliza86@coldmail.com', '438-410-9311', 'fisting808'),
('Baudelio_Romell42', 'Baudelio', 'Romell', 'BaudelioRomell06@hmail.ca', '450-990-1339', 'night827'),
('Hank_Ismeal26', 'Hank', 'Ismeal', 'HankIsmeal91@coldmail.com', '438-071-6518', 'flytrap800'),
('Talina_Sidra17', 'Talina', 'Sidra', 'TalinaSidra57@hmail.ca', '514-445-1661', 'poetry434'),
('Marlys_Siena13', 'Marlys', 'Siena', 'MarlysSiena12@coldmail.com', '450-931-2358', 'communicant104'),
('Jocelyn_Anneliese29', 'Jocelyn', 'Anneliese', 'JocelynAnneliese89@hmail.ca', '438-427-7372', 'billboard100'),
('Nessie_Nuria13', 'Nessie', 'Nuria', 'NessieNuria71@coldmail.com', '438-444-2037', 'juice539'),
('Jestine_Shaelynn27', 'Jestine', 'Shaelynn', 'JestineShaelynn34@coldmail.com', '450-760-0283', 'instant197'),
('Billie_Celenia12', 'Billie', 'Celenia', 'BillieCelenia08@coldmail.com', '514-702-3211', 'casserole188'),
('Errica_Darnella17', 'Errica', 'Darnella', 'ErricaDarnella77@hmail.ca', '514-253-5069', 'inheritance415'),
('Rashida_Carolyn16', 'Rashida', 'Carolyn', 'RashidaCarolyn10@coldmail.com', '514-398-2354', 'trafficker600'),
('Tamecia_Ezekial01', 'Tamecia', 'Ezekial', 'TameciaEzekial68@hmail.ca', '450-513-3057', 'generosity061'),
('Eunice_Eden91', 'Eunice', 'Eden', 'EuniceEden12@coldmail.com', '438-376-1821', 'filter183'),
('Asher_Erron01', 'Asher', 'Erron', 'AsherErron63@hmail.ca', '514-147-9757', 'wrench802'),
('Cindel_Guadalupe98', 'Cindel', 'Guadalupe', 'CindelGuadalupe77@hmail.ca', '514-533-8566', 'force027'),
('Olive_Jacintha41', 'Olive', 'Jacintha', 'OliveJacintha23@coldmail.com', '438-823-1159', 'secrecy908'),
('Avelino_Kiann67', 'Avelino', 'Kiann', 'AvelinoKiann80@hmail.ca', '438-431-0129', 'hospice525'),
('Sada_Emilie45', 'Sada', 'Emilie', 'SadaEmilie65@hmail.ca', '450-513-3057', 'holder664'),
('Sareena_Aleem77', 'Sareena', 'Aleem', 'SareenaAleem48@coldmail.com', '450-618-3670', 'concrete280'),
('Yaira_Lashun09', 'Yaira', 'Lashun', 'YairaLashun50@hmail.ca', '514-396-7965', 'resist811'),
('Nyla_Padraic27', 'Nyla', 'Padraic', 'NylaPadraic17@coldmail.com', '438-420-5841', 'clank062'),
('Becky_Artina64', 'Becky', 'Artina', 'BeckyArtina99@hmail.ca', '438-071-6518', 'suede750'),
('Random_Gamal45', 'Random', 'Gamal', 'RandomGamal84@hmail.ca', '438-514-1091', 'souvenir668'),
('Lila_Laqueisha61', 'Lila', 'Laqueisha', 'LilaLaqueisha50@hmail.ca', '514-315-3189', 'transport644'),
('Kayln_Shaela48', 'Kayln', 'Shaela', 'KaylnShaela37@hmail.ca', '450-223-0534', 'efficacy085');

DELETE FROM Employer;
INSERT INTO Employer(UserName, EmployerName, Category, Balance, Activated)
VALUES ('Jerika_Rush54', 'American International Group', 'gold', '75.83', True),
('Bertina_Segundo13', 'W. R. Berkley', 'gold', '12.9', True),
('Anselmo_Abdel90', 'Pro Star', 'gold', '103.92', True),
('Jennalee_Lovely21', 'Fruit of the Loom', 'prime', '-84.31', True),
('Hebert_Monik76', 'Pro Garden Management', 'prime', '111.86', True),
('Willow_Anina32', 'Vari-Tec', 'gold', '242.43', True),
('Ineisha_Storm44', 'Becton Dickinson', 'prime', '-46.85', True),
('Natisha_Jamario94', 'Vectren', 'prime', '272.85', True),
('Branigan_Tyna33', 'Bold Ideas', 'gold', '65.58', True),
('Kandra_Willaim72', 'Modern Realty', 'gold', '41.5', False),
('Takia_Armon86', 'Sunoco', 'prime', '256.78', True),
('Ananias_Jessa60', 'Cerner Corporation', 'gold', '198.1', True),
('Travis_Georganne46', 'Oracle Corporation', 'gold', '190.41', True),
('Shyanne_Jenine71', 'Emcor', 'gold', '269.54', True),
('Fidel_Jonh00', 'Tullys Coffee', 'gold', '275.03', True),
('Sherrod_Felisa40', 'Electric Boat', 'prime', '294.77', True),
('Amara_Ruel67', 'Corsair Memory', 'prime', '155.64', True),
('Barett_Ashiya48', 'Whirlpool Corporation', 'gold', '-1.83', True),
('Martina_Nastasia87', 'Schoeps Ice Cream', 'gold', '219.01', False),
('Cleve_Ida62', 'Polaris Industries', 'prime', '-92.64', False),
('Edin_Kyrstle35', 'Discovery Communications', 'prime', '-70.48', True),
('Evaristo_Teralyn91', 'U.S. Steel', 'prime', '131.14', True),
('Ivana_Esau18', 'Hawaiian Airlines', 'gold', '288.69', True),
('Flossie_Amamda48', 'Archer Daniels Midland', 'prime', '-20.99', True),
('Nicollette_Ryon23', 'Wendys/Arbys Group', 'prime', '265.05', True),
('Woody_Yisroel94', 'Paramount Pictures', 'gold', '43.49', True),
('Ronnel_Kari50', 'Anadarko Petroleum Corporation', 'prime', '-63.82', True),
('Chadrick_Kyeshia99', 'Benchmark Electronics', 'prime', '262.85', True),
('Genine_Arionne46', 'QuickTrip', 'gold', '107.82', True),
('Liz_Kahla75', 'Starbucks', 'gold', '-71.37', True),
('Evann_Lynsie98', 'Liz Claiborne', 'prime', '210.22', False),
('Nakeita_Scott34', 'AVST', 'gold', '97.8', True),
('Donita_Sharmaine61', 'Pizza Hut', 'gold', '210.53', True),
('Laterra_Deshannon66', 'CIGNA', 'gold', '238.44', True),
('Veronia_Jaunita26', 'Sterling Commerce', 'prime', '230.31', True),
('Britaney_Deona64', 'PalmSource, Inc.', 'prime', '109.09', True),
('Felisha_Abril58', 'DTE Energy', 'gold', '144.23', True),
('Marlo_Lyonel42', 'W.C. Bradley Co.', 'prime', '-79.28', True),
('Mallorie_Rennie40', 'Overcast Media', 'prime', '257.18', True),
('Christna_Tor49', 'Fireball', 'gold', '173.19', True),
('Laurine_Lemuel44', 'Hunt Petroleum', 'gold', '-29.43', False),
('Percival_Celenia47', 'Polaroid Corporation', 'prime', '24.08', True),
('Sierra_Erek07', 'International Paper', 'gold', '-58.89', True),
('Kahley_Dajuan01', 'Nvidia', 'prime', '41.85', True),
('Malik_Denishia59', 'Domtar', 'gold', '20.3', True),
('Jerika_Shequitta73', 'Reliable Guidance', 'gold', '100.3', True),
('Loreen_Yasmine35', 'Monmax', 'gold', '151.91', True),
('Candi_Kerianne33', 'Syntel', 'gold', '285.03', True),
('Tenita_Britainy11', 'SanDisk', 'prime', '164.81', True),
('Hasina_Jamol26', 'Procter & Gamble', 'gold', '-54.77', True);

DELETE FROM Applicant;
INSERT INTO Applicant(UserName, Category, Balance, Activated)
VALUES ('Mar_Elbert32', 'basic', '0', True),
('Deshawn_Arabia87', 'gold', '219.75', True),
('Sesar_Sanford05', 'basic', '0', True),
('Annais_Louie09', 'gold', '202.07', True),
('Antionio_Kennon00', 'gold', '283.4', True),
('Bailee_Lativia36', 'gold', '-68.05', True),
('Lanetra_Leevi45', 'basic', '0', False),
('Toney_Johniece29', 'basic', '0', True),
('Omayra_Jamiah37', 'basic', '0', True),
('Cristabel_Nakea27', 'prime', '39.86', True),
('Griffith_Richrd16', 'prime', '242.23', True),
('Liset_Junior23', 'gold', '118.02', True),
('Sudeep_Stormey81', 'gold', '193.54', True),
('Warren_Tonnetta02', 'prime', '184.88', True),
('Aisa_Kati91', 'gold', '137.77', True),
('Brynn_Keil53', 'basic', '0', True),
('Asia_Raymont61', 'basic', '0', True),
('Charice_Gill08', 'prime', '152.42', True),
('Matthew_Alnisa33', 'prime', '-69.14', True),
('Tiffiany_Shawntavia48', 'gold', '12.72', True),
('Sallie_Solomon73', 'basic', '0', True),
('Lubna_Kymber33', 'prime', '22.68', True),
('Kunal_Tameca31', 'prime', '-75.9', True),
('Gadiel_Colleen52', 'prime', '16.41', True),
('Melania_Sonali15', 'prime', '259.49', True),
('Nessa_Tamaya35', 'prime', '-41.08', True),
('Rahmel_Santonio40', 'basic', '0', True),
('Niomi_Lam79', 'gold', '0.36', True),
('Kerensa_Atlantis00', 'gold', '-41.88', False),
('Hector_Rebakah20', 'gold', '286.07', True),
('Theresia_Christella54', 'prime', '292.59', False),
('Alexa_Sadae67', 'basic', '0', True),
('Rheannon_Mary73', 'basic', '0', True),
('Debora_Lari56', 'basic', '0', False),
('Cristela_Katryn13', 'basic', '0', True),
('Angalena_Marena41', 'basic', '0', True),
('Thelbert_Micaiah11', 'prime', '180.38', True),
('Kentrel_Jessyca41', 'gold', '-38.76', True),
('Saidah_Vanessa50', 'prime', '250.94', True),
('Gessica_Marison34', 'basic', '0', True),
('Korissa_Rosalinda64', 'prime', '195.7', True),
('Jamilah_Rima84', 'basic', '0', True),
('Samaria_Kerri99', 'gold', '61.65', True),
('Habiba_Leila13', 'basic', '0', True),
('Christal_Ladarian55', 'gold', '-80.89', True),
('Demitrius_Edrick21', 'basic', '0', True),
('Almon_Hampton44', 'gold', '-33.22', True),
('Gareth_Teiara23', 'basic', '0', True),
('Habiba_Terrina92', 'prime', '166.8', True),
('Jathan_Lateefah37', 'prime', '-41.9', True),
('Shanica_Cherron68', 'prime', '210.53', True),
('Jebediah_Lemario54', 'prime', '70.62', True),
('Sophanna_Carmilla09', 'gold', '72.82', True),
('Shaune_Tela64', 'prime', '-35.03', True),
('Brionne_Anastasha17', 'basic', '0', True),
('Bridgid_Dashonda23', 'basic', '0', True),
('Felcia_Essica22', 'gold', '208.39', True),
('Allecia_Kenyanna73', 'prime', '-81.11', True),
('Sabrina_Clenton95', 'basic', '0', True),
('Thoms_Zoila17', 'prime', '71.46', False),
('Gasper_Ramel13', 'gold', '112.14', True),
('Shelah_Sindy37', 'gold', '208.76', True),
('Janet_Sabah40', 'gold', '87.83', False),
('Vincenzo_Tyrus24', 'basic', '0', True),
('Aubry_Anaalicia33', 'gold', '-45.28', True),
('Travers_Delrico59', 'basic', '0', True),
('Hoyt_Didi33', 'basic', '0', True),
('Davidmichael_Prestina07', 'basic', '0', True),
('Nyshia_Dray84', 'basic', '0', True),
('Barak_Dyna92', 'basic', '0', False),
('Tamillia_Irene75', 'basic', '0', True),
('Kristi_Camisha00', 'prime', '-30.87', True),
('Dominquie_Beatrize08', 'gold', '203.83', True),
('Donnette_Lainie89', 'basic', '0', True),
('Chastity_Damico48', 'basic', '0', True),
('Lei_Lianna76', 'basic', '0', True),
('Juleah_Keesa37', 'basic', '0', True),
('Amy_Justis71', 'gold', '-28.96', True),
('Jennylyn_Falecia41', 'gold', '139.96', True),
('Pamala_Shantrice64', 'prime', '139.29', True),
('Joselin_Maree84', 'basic', '0', True),
('Brandonlee_Genette12', 'gold', '163.61', True),
('Saleena_Aldo44', 'basic', '0', True),
('Hakeem_Tabethia97', 'prime', '23.2', True),
('Luisalberto_Durel69', 'prime', '161.03', True),
('Shandrea_Aliza94', 'gold', '156.08', True),
('Baudelio_Romell42', 'basic', '0', True),
('Hank_Ismeal26', 'prime', '293.65', True),
('Talina_Sidra17', 'prime', '46.73', True),
('Marlys_Siena13', 'basic', '0', True),
('Jocelyn_Anneliese29', 'basic', '0', True),
('Nessie_Nuria13', 'gold', '138.21', True),
('Jestine_Shaelynn27', 'basic', '0', True),
('Billie_Celenia12', 'prime', '-25.55', True),
('Errica_Darnella17', 'gold', '109.48', False),
('Rashida_Carolyn16', 'basic', '0', True),
('Tamecia_Ezekial01', 'gold', '96.74', False),
('Eunice_Eden91', 'prime', '153.04', True),
('Asher_Erron01', 'gold', '65.2', True),
('Cindel_Guadalupe98', 'gold', '239.64', True);

DELETE FROM Admin;
INSERT INTO Admin(UserName)
VALUES ('Olive_Jacintha41'),
('Avelino_Kiann67'),
('Sada_Emilie45'),
('Sareena_Aleem77'),
('Yaira_Lashun09'),
('Nyla_Padraic27'),
('Becky_Artina64'),
('Random_Gamal45'),
('Lila_Laqueisha61'),
('Kayln_Shaela48');

DELETE FROM Job;
INSERT INTO Job(JobID, EmployerUserName, Title, DatePosted, Description, Category, JobStatus, EmpNeeded)
VALUES ('5489', 'Natisha_Jamario94', 'Music Executive', '2020-3-12', 'Looking for endearing person. 5 years experience.',  'Education and Training', '0', '3'),
('1931', 'Cleve_Ida62', 'Assistant Professor of Archaeology', '2020-4-8', 'Looking for ecstasies person. 4 years experience.',  'Hospitality and Tourism', '1', '1'),
('2418', 'Laurine_Lemuel44', 'Diesel-Engine Inspector', '2020-8-1', 'Looking for thrift person. 3 years experience.',  'Architecture and Construction', '1', '2'),
('5421', 'Takia_Armon86', 'Supervisor, Harvesting', '2020-9-22', 'Looking for solace person. 5 years experience.',  'Hospitality and Tourism', '1', '2'),
('1189', 'Anselmo_Abdel90', 'Paint-Line Operator', '2020-4-15', 'Looking for pluses person. 4 years experience.',  'Manufacturing', '0', '3'),
('1880', 'Jerika_Rush54', 'Terminal Supervisor', '2020-6-21', 'Looking for fecilitous person. 4 years experience.',  'Hospitality and Tourism', '0', '1'),
('1854', 'Jerika_Shequitta73', 'Cream Gatherer', '2020-3-20', 'Looking for vivid person. 5 years experience.',  'Science, Technology, Engineering, and Mathematics', '0', '5'),
('3506', 'Ananias_Jessa60', 'Offset Plate Maker', '2020-3-24', 'Looking for dominated person. 4 years experience.',  'Arts, Audio/Video, and Communications', '1', '4'),
('1124', 'Evaristo_Teralyn91', 'Paper Coating Supervisor', '2020-2-9', 'Looking for logical person. 1 years experience.',  'Government and Public Administration', '1', '3'),
('3184', 'Donita_Sharmaine61', 'Screen Printing Stencil Preparer', '2020-1-14', 'Looking for futurestic person. 4 years experience.',  'Business Management and Administration', '1', '2'),
('4464', 'Malik_Denishia59', 'Badger Distiller Operator', '2020-6-23', 'Looking for win person. 5 years experience.',  'Human Services', '0', '1'),
('5021', 'Donita_Sharmaine61', 'Automobile Inspector', '2020-9-15', 'Looking for commitment person. 1 years experience.',  'Law, Public Safety, Corrections and Security', '0', '3'),
('3240', 'Natisha_Jamario94', 'Prescription Eyeglass Maker', '2020-1-21', 'Looking for outperform person. 2 years experience.',  'Manufacturing', '1', '3'),
('3010', 'Malik_Denishia59', 'J2EE Developer', '2020-4-11', 'Looking for eminence person. 3 years experience.',  'Finance', '1', '1'),
('2736', 'Nakeita_Scott34', 'Booster Plant Operator', '2020-8-6', 'Looking for reform person. 2 years experience.',  'Health Science', '0', '3'),
('3936', 'Candi_Kerianne33', 'Trestle Mechanic', '2020-1-19', 'Looking for better person. 3 years experience.',  'Finance', '0', '2'),
('1882', 'Liz_Kahla75', 'Electrical Timing Device Calibrator', '2020-5-2', 'Looking for astonished person. 4 years experience.',  'Information Technology', '0', '3'),
('1255', 'Travis_Georganne46', 'Crane-Crew Supervisor', '2020-10-26', 'Looking for hardier person. 5 years experience.',  'Manufacturing', '0', '1'),
('4047', 'Amara_Ruel67', 'Armature Coil Winder', '2020-12-15', 'Looking for genius person. 2 years experience.',  'Manufacturing', '1', '5'),
('3082', 'Mallorie_Rennie40', 'Broadcast Supervisor', '2020-3-11', 'Looking for reforming person. 1 years experience.',  'Science, Technology, Engineering, and Mathematics', '0', '3'),
('4526', 'Willow_Anina32', 'Comparison Shopper', '2020-6-5', 'Looking for courage person. 3 years experience.',  'Human Services', '0', '1'),
('1319', 'Ananias_Jessa60', 'Commercial Credit Officer', '2020-3-20', 'Looking for grand person. 4 years experience.',  'Marketing, Sales and Service', '1', '1'),
('1535', 'Kandra_Willaim72', 'Electrical-Prospecting Engineer', '2020-9-12', 'Looking for grateful person. 4 years experience.',  'Transportation, Distribution and Logistics', '1', '5'),
('5654', 'Felisha_Abril58', 'Economic Consultant', '2020-4-10', 'Looking for clean person. 5 years experience.',  'Arts, Audio/Video, and Communications', '1', '5'),
('5794', 'Laterra_Deshannon66', 'Quality Assurance Lead', '2020-10-27', 'Looking for dead-cheap person. 3 years experience.',  'Education and Training', '0', '3'),
('5456', 'Hasina_Jamol26', 'Analog IC Design Engineer', '2020-6-12', 'Looking for guiltless person. 4 years experience.',  'Arts, Audio/Video, and Communications', '0', '3'),
('5211', 'Cleve_Ida62', 'Database Developer', '2020-8-26', 'Looking for dependable person. 4 years experience.',  'Hospitality and Tourism', '1', '4'),
('3432', 'Takia_Armon86', 'Therapy Manager', '2020-9-21', 'Looking for rightful person. 5 years experience.',  'Marketing, Sales and Service', '1', '1'),
('3127', 'Bertina_Segundo13', 'Supply Chain Procurement Manager', '2020-3-21', 'Looking for fortitude person. 3 years experience.',  'Manufacturing', '1', '3'),
('2044', 'Candi_Kerianne33', 'Respiratory Care Instructor', '2020-12-28', 'Looking for fortune person. 1 years experience.',  'Health Science', '0', '5'),
('3743', 'Anselmo_Abdel90', 'Chef Concierge', '2020-5-18', 'Looking for luckier person. 2 years experience.',  'Law, Public Safety, Corrections and Security', '0', '4'),
('3753', 'Tenita_Britainy11', 'Manager ICU', '2020-11-27', 'Looking for gold person. 4 years experience.',  'Finance', '0', '4'),
('1741', 'Sierra_Erek07', 'Wood Carver', '2020-4-22', 'Looking for thankful person. 3 years experience.',  'Law, Public Safety, Corrections and Security', '1', '2'),
('1078', 'Travis_Georganne46', 'Sample Sawyer', '2020-5-5', 'Looking for enthusiast person. 5 years experience.',  'Government and Public Administration', '1', '1'),
('4094', 'Bertina_Segundo13', 'Software Development Manager', '2020-8-20', 'Looking for heartfelt person. 2 years experience.',  'Arts, Audio/Video, and Communications', '1', '1'),
('4405', 'Jerika_Rush54', 'Shank Stitcher', '2020-10-22', 'Looking for upheld person. 5 years experience.',  'Hospitality and Tourism', '0', '2'),
('4006', 'Martina_Nastasia87', 'Outboard Motors Experimental Mechanic', '2020-9-7', 'Looking for slammin person. 4 years experience.',  'Architecture and Construction', '1', '4'),
('3580', 'Tenita_Britainy11', 'Disassembler', '2020-5-2', 'Looking for easiest person. 5 years experience.',  'Health Science', '1', '4'),
('2655', 'Willow_Anina32', 'Land Department Head', '2020-10-10', 'Looking for admirer person. 3 years experience.',  'Human Services', '0', '4'),
('1500', 'Evaristo_Teralyn91', 'Compliance Associate', '2020-4-12', 'Looking for enchanting person. 4 years experience.',  'Finance', '0', '4'),
('1776', 'Jerika_Rush54', 'Braille-Duplicating-Machine Operator', '2020-8-26', 'Looking for praise person. 2 years experience.',  'Human Services', '1', '4'),
('5072', 'Ananias_Jessa60', 'Boom-Conveyor Operator', '2020-5-15', 'Looking for commitment person. 2 years experience.',  'Hospitality and Tourism', '1', '3'),
('3990', 'Christna_Tor49', 'Gizzard-Skin Remover', '2020-9-29', 'Looking for excitement person. 3 years experience.',  'Science, Technology, Engineering, and Mathematics', '0', '1'),
('4824', 'Travis_Georganne46', 'Bariatric Coordinator', '2020-8-1', 'Looking for supported person. 3 years experience.',  'Finance', '0', '4'),
('5406', 'Donita_Sharmaine61', 'Blackjack Supervisor', '2020-11-6', 'Looking for magical person. 3 years experience.',  'Agriculture and Natural Resources', '1', '2'),
('1993', 'Chadrick_Kyeshia99', 'Postie', '2020-3-27', 'Looking for assurances person. 1 years experience.',  'Marketing, Sales and Service', '1', '5'),
('1555', 'Candi_Kerianne33', 'Oral and Maxillofacial Pathologist', '2020-4-13', 'Looking for beloved person. 3 years experience.',  'Human Services', '0', '1'),
('3227', 'Kahley_Dajuan01', 'Submarine Cable Equipment Technician', '2020-6-1', 'Looking for tempting person. 1 years experience.',  'Manufacturing', '0', '1'),
('5984', 'Kahley_Dajuan01', 'Software Installation Engineer', '2020-3-19', 'Looking for soothe person. 3 years experience.',  'Education and Training', '1', '4'),
('2447', 'Cleve_Ida62', 'Oil Expeller Operator', '2020-11-7', 'Looking for assurances person. 1 years experience.',  'Architecture and Construction', '0', '4'),
('5621', 'Evaristo_Teralyn91', 'Mixing-House Operator', '2020-5-24', 'Looking for gush person. 3 years experience.',  'Manufacturing', '1', '1'),
('2384', 'Liz_Kahla75', 'Silk Soaker', '2020-7-3', 'Looking for punctual person. 4 years experience.',  'Agriculture and Natural Resources', '1', '4'),
('2204', 'Mallorie_Rennie40', 'Local Tanker Truck Driver', '2020-11-18', 'Looking for freedoms person. 4 years experience.',  'Human Services', '1', '2'),
('1865', 'Jennalee_Lovely21', 'English and Reading Instructor', '2020-10-21', 'Looking for realistic person. 2 years experience.',  'Health Science', '0', '5'),
('3570', 'Fidel_Jonh00', 'Work Study Student', '2020-4-3', 'Looking for prosper person. 2 years experience.',  'Science, Technology, Engineering, and Mathematics', '1', '4'),
('5257', 'Evaristo_Teralyn91', 'Air-Hammer Stripper', '2020-2-24', 'Looking for protect person. 1 years experience.',  'Science, Technology, Engineering, and Mathematics', '1', '2'),
('3090', 'Anselmo_Abdel90', 'Stock Clipper', '2020-10-11', 'Looking for humor person. 2 years experience.',  'Health Science', '1', '1'),
('4781', 'Takia_Armon86', 'Doorperson', '2020-8-26', 'Looking for keenness person. 1 years experience.',  'Law, Public Safety, Corrections and Security', '1', '3'),
('5805', 'Hasina_Jamol26', 'Neurocritical Care Physician', '2020-7-1', 'Looking for pleasant person. 3 years experience.',  'Architecture and Construction', '0', '3'),
('2653', 'Jennalee_Lovely21', 'Brush-Trimming-Machine Setter', '2020-6-29', 'Looking for fortune person. 5 years experience.',  'Science, Technology, Engineering, and Mathematics', '1', '3'),
('1118', 'Jerika_Rush54', 'Classroom Instructional Aide', '2020-5-16', 'Looking for inviolable person. 2 years experience.',  'Government and Public Administration', '0', '1'),
('5097', 'Ivana_Esau18', 'Digital Media Intern', '2020-4-11', 'Looking for bolster person. 4 years experience.',  'Transportation, Distribution and Logistics', '0', '5'),
('2802', 'Travis_Georganne46', 'Jordan Man', '2020-10-21', 'Looking for thinner person. 1 years experience.',  'Manufacturing', '0', '3'),
('2525', 'Liz_Kahla75', 'Labor-Crew Supervisor', '2020-3-26', 'Looking for lean person. 4 years experience.',  'Manufacturing', '1', '3'),
('3650', 'Travis_Georganne46', 'Spike Maker', '2020-10-5', 'Looking for enthrall person. 3 years experience.',  'Human Services', '1', '4'),
('3077', 'Willow_Anina32', 'Engraver, Hand, Hard Metals', '2020-12-9', 'Looking for humour person. 2 years experience.',  'Finance', '0', '2'),
('3323', 'Kandra_Willaim72', 'Marriage and Family Counselor', '2020-10-3', 'Looking for laudable person. 3 years experience.',  'Marketing, Sales and Service', '0', '1'),
('2387', 'Marlo_Lyonel42', 'Pre-Press Operator', '2020-3-15', 'Looking for advocates person. 3 years experience.',  'Manufacturing', '0', '5'),
('5028', 'Evaristo_Teralyn91', 'Pot Tender', '2020-9-10', 'Looking for tougher person. 5 years experience.',  'Information Technology', '1', '2'),
('2155', 'Jennalee_Lovely21', 'Trolley-Coach Driver', '2020-10-29', 'Looking for awesome person. 3 years experience.',  'Architecture and Construction', '1', '4'),
('1939', 'Laterra_Deshannon66', 'Industrial Organizational Psychologist', '2020-9-19', 'Looking for refine person. 4 years experience.',  'Government and Public Administration', '0', '5'),
('2620', 'Ananias_Jessa60', 'Shingle Catcher', '2020-9-28', 'Looking for confidence person. 1 years experience.',  'Government and Public Administration', '0', '4'),
('2461', 'Veronia_Jaunita26', 'Supervising Broker', '2020-10-17', 'Looking for regal person. 5 years experience.',  'Government and Public Administration', '0', '2'),
('1004', 'Felisha_Abril58', 'Spray Painter', '2020-8-22', 'Looking for praising person. 3 years experience.',  'Health Science', '1', '2'),
('2515', 'Nakeita_Scott34', 'Currency Examiner', '2020-9-14', 'Looking for courage person. 5 years experience.',  'Manufacturing', '1', '3'),
('4815', 'Bertina_Segundo13', 'Insecticide Sprayer', '2020-4-27', 'Looking for goodwill person. 5 years experience.',  'Architecture and Construction', '1', '1'),
('5989', 'Candi_Kerianne33', 'Automotive Sales Associate', '2020-5-13', 'Looking for jubilate person. 2 years experience.',  'Agriculture and Natural Resources', '1', '4'),
('4807', 'Willow_Anina32', 'Truck Driver Instructor', '2020-8-28', 'Looking for savior person. 1 years experience.',  'Law, Public Safety, Corrections and Security', '0', '4'),
('2291', 'Sherrod_Felisa40', 'Transmission Repairer', '2020-12-26', 'Looking for righten person. 5 years experience.',  'Finance', '1', '4'),
('4295', 'Liz_Kahla75', 'Framing-Mill Operator', '2020-8-13', 'Looking for sociable person. 1 years experience.',  'Business Management and Administration', '0', '4'),
('2170', 'Candi_Kerianne33', 'Service Center Coordinator', '2020-2-24', 'Looking for solace person. 2 years experience.',  'Law, Public Safety, Corrections and Security', '0', '5'),
('2905', 'Felisha_Abril58', 'Open Claims Representative', '2020-11-20', 'Looking for award person. 1 years experience.',  'Arts, Audio/Video, and Communications', '0', '4'),
('1853', 'Ronnel_Kari50', 'Insole Cementer', '2020-1-13', 'Looking for courteous person. 2 years experience.',  'Marketing, Sales and Service', '0', '4'),
('4192', 'Cleve_Ida62', 'Jewel Hole Driller', '2020-8-5', 'Looking for regal person. 1 years experience.',  'Manufacturing', '0', '2'),
('5749', 'Martina_Nastasia87', 'Cardiac Cath Tech', '2020-8-14', 'Looking for fearless person. 3 years experience.',  'Finance', '1', '3'),
('4355', 'Ineisha_Storm44', 'Inspector, Finishing', '2020-7-9', 'Looking for pleasing person. 5 years experience.',  'Health Science', '1', '2'),
('3514', 'Jennalee_Lovely21', 'Manager ICU', '2020-10-18', 'Looking for adroit person. 2 years experience.',  'Information Technology', '0', '3'),
('4137', 'Jerika_Shequitta73', 'Plumbing Instructor', '2020-12-4', 'Looking for resound person. 2 years experience.',  'Architecture and Construction', '0', '4'),
('5942', 'Malik_Denishia59', 'Measurement Department Chief Clerk', '2020-11-6', 'Looking for enlighten person. 1 years experience.',  'Transportation, Distribution and Logistics', '1', '1'),
('4096', 'Kahley_Dajuan01', 'Ancillary Specialist', '2020-11-4', 'Looking for triumphant person. 2 years experience.',  'Law, Public Safety, Corrections and Security', '1', '4'),
('3678', 'Mallorie_Rennie40', 'Piper Installer', '2020-3-25', 'Looking for exemplar person. 1 years experience.',  'Health Science', '0', '5'),
('1109', 'Flossie_Amamda48', 'Program Director/Music Director', '2020-10-8', 'Looking for celebrated person. 5 years experience.',  'Health Science', '1', '1'),
('5943', 'Genine_Arionne46', 'Rolling-Machine Tender', '2020-4-10', 'Looking for favorite person. 1 years experience.',  'Business Management and Administration', '1', '4'),
('2772', 'Bertina_Segundo13', 'V Belt Finisher', '2020-10-2', 'Looking for plusses person. 2 years experience.',  'Health Science', '1', '3'),
('2880', 'Amara_Ruel67', 'Electrician, Front', '2020-1-21', 'Looking for amaze person. 2 years experience.',  'Human Services', '0', '1'),
('1126', 'Ineisha_Storm44', 'Yeast Culture Developer', '2020-7-6', 'Looking for tougher person. 2 years experience.',  'Hospitality and Tourism', '1', '5'),
('3183', 'Jennalee_Lovely21', 'Gas Station Service Attendant', '2020-11-20', 'Looking for perfect person. 5 years experience.',  'Manufacturing', '1', '5'),
('3643', 'Flossie_Amamda48', 'Historical Interpreter', '2020-12-11', 'Looking for flatter person. 4 years experience.',  'Finance', '0', '1'),
('4188', 'Travis_Georganne46', 'Poultry Dresser', '2020-8-29', 'Looking for all-around person. 3 years experience.',  'Information Technology', '1', '5'),
('1329', 'Barett_Ashiya48', 'Professional Bass Fisherman', '2020-5-25', 'Looking for nurturing person. 4 years experience.',  'Agriculture and Natural Resources', '0', '3');

DELETE FROM CreditCardInfo;
INSERT INTO CreditCardInfo(CCNumber, ExpireDate, CCBNumber, IsDefault, Auto_Manual)
VALUES ('4982982509012594', '2021-2-17', '092', '1', '1'),
('6592481041195029', '2022-9-8', '707', '0', '0'),
('7503542295200909', '2021-3-10', '241', '1', '1'),
('1060215139005473', '2022-9-22', '029', '1', '1'),
('4484312442125899', '2021-6-19', '760', '0', '0'),
('5670422854474249', '2021-11-20', '616', '0', '0'),
('0788488733554237', '2022-10-11', '130', '0', '0'),
('8427862957542321', '2021-2-17', '729', '0', '0'),
('2941466713960677', '2022-4-22', '106', '0', '0'),
('1002014854071305', '2021-11-6', '936', '1', '1'),
('5406051965407457', '2021-9-14', '553', '0', '0'),
('4872432026897334', '2021-1-22', '872', '1', '1'),
('2987129102783331', '2021-9-16', '703', '0', '0'),
('7381392185078808', '2022-5-23', '444', '0', '0'),
('8357022396942424', '2022-2-2', '450', '0', '0'),
('3237393657916318', '2022-10-3', '778', '0', '0'),
('3586799541052496', '2022-6-10', '819', '0', '0'),
('5380841316145457', '2022-9-3', '844', '0', '0'),
('9872445183522552', '2022-3-18', '826', '0', '0'),
('2915572471024753', '2021-3-5', '472', '0', '0'),
('6262250454907218', '2021-10-25', '840', '0', '0'),
('4474412601446848', '2022-1-4', '171', '0', '0'),
('5311648015277143', '2022-3-1', '082', '0', '0'),
('1542911297622407', '2022-8-23', '793', '0', '0'),
('4407656243229215', '2021-8-8', '882', '1', '1'),
('8966751628309346', '2021-2-26', '891', '0', '0'),
('9149101978340309', '2021-2-15', '907', '1', '1'),
('2655765736506772', '2022-4-12', '570', '0', '0'),
('9847979996305251', '2022-11-24', '656', '1', '1'),
('6042656470195390', '2022-1-8', '730', '0', '0'),
('8462046948218380', '2022-1-16', '419', '0', '0'),
('8335842080592313', '2021-7-24', '706', '0', '0'),
('0665446241536234', '2022-6-27', '588', '1', '1'),
('1067697051449732', '2021-11-22', '264', '0', '0'),
('8966948655508155', '2021-7-24', '527', '0', '0'),
('9674885483001776', '2022-7-7', '255', '0', '0'),
('8813288202880400', '2021-6-24', '108', '0', '0'),
('7054326667445316', '2022-11-12', '919', '0', '0'),
('2755407768142897', '2022-4-22', '434', '1', '1'),
('7088626137388244', '2021-8-27', '917', '1', '1'),
('8087686103994836', '2022-8-5', '592', '0', '0'),
('9390238487099324', '2022-1-21', '422', '1', '1'),
('9887379364900974', '2022-7-22', '093', '0', '0'),
('1405362455401133', '2021-11-17', '619', '0', '0'),
('3379074644731302', '2021-7-17', '872', '0', '0'),
('9156446679057742', '2022-5-7', '216', '0', '0'),
('6427186763811514', '2022-8-14', '580', '0', '0'),
('9218088226336858', '2021-6-28', '443', '1', '1'),
('4139154359458440', '2021-2-19', '811', '0', '0'),
('5750600917195203', '2021-9-14', '339', '0', '0'),
('1701324484820194', '2021-8-19', '995', '0', '0'),
('5989393361926908', '2022-1-13', '170', '0', '0'),
('0089558247476743', '2022-8-1', '049', '0', '0'),
('5530368659489793', '2022-7-7', '211', '1', '1'),
('7229849136722866', '2021-10-21', '157', '0', '0'),
('4011785603450417', '2021-6-27', '981', '0', '0'),
('1674973521652487', '2021-3-18', '388', '0', '0'),
('3347645002886386', '2021-1-6', '122', '0', '0'),
('4687946181415968', '2021-5-24', '384', '1', '1'),
('0483234082961539', '2021-9-14', '099', '1', '1'),
('3542251548204387', '2022-8-18', '288', '1', '1'),
('8221444759712692', '2022-11-13', '312', '0', '0'),
('4218595527621185', '2021-7-14', '455', '0', '0'),
('7856907741245584', '2021-2-5', '365', '0', '0'),
('1594037991666528', '2021-4-2', '215', '0', '0'),
('6627234267761626', '2021-4-4', '782', '0', '0'),
('4073374700205997', '2022-6-15', '075', '0', '0'),
('6711830022076011', '2021-10-21', '570', '0', '0'),
('8301530877200568', '2022-3-9', '084', '0', '0'),
('8181805067925756', '2021-1-14', '332', '0', '0'),
('3587199978729453', '2021-1-5', '975', '0', '0'),
('2916486634841497', '2022-10-27', '887', '1', '1'),
('6089500491710751', '2021-7-19', '089', '1', '1'),
('0790334708091135', '2021-10-1', '550', '0', '0'),
('2376366038017804', '2021-10-14', '968', '0', '0'),
('9646778802747151', '2021-8-19', '353', '0', '0'),
('4770902489069560', '2021-6-22', '942', '1', '1'),
('0055663002252771', '2022-10-4', '546', '0', '0'),
('8983960221488006', '2021-3-20', '855', '0', '0'),
('1953617484520421', '2022-2-18', '074', '0', '0'),
('0795445974240089', '2022-9-14', '386', '0', '0'),
('9425884424834676', '2021-8-25', '314', '0', '0'),
('2960593290021429', '2022-8-11', '432', '0', '0'),
('4875229726512783', '2021-4-19', '852', '0', '0'),
('0352283794213139', '2021-5-23', '853', '1', '1'),
('4560286757325340', '2021-9-9', '968', '0', '0'),
('2083500065212229', '2021-9-26', '115', '0', '0'),
('3766456707909245', '2022-1-16', '911', '1', '1'),
('8388756099487810', '2022-2-16', '382', '0', '0'),
('0825916193585964', '2022-6-23', '688', '0', '0'),
('7459159487639675', '2022-10-19', '791', '0', '0'),
('2781002496341972', '2021-8-22', '525', '1', '1'),
('8098893850351524', '2022-3-13', '711', '0', '0'),
('6812229892909512', '2021-8-17', '136', '0', '0'),
('1879954834890599', '2021-10-12', '828', '0', '0'),
('9850814711149667', '2021-2-22', '836', '0', '0'),
('7121401921752426', '2022-2-26', '862', '1', '1'),
('9130891731856231', '2021-8-18', '194', '0', '0'),
('1497097371777085', '2021-7-4', '437', '0', '0'),
('8312659841338390', '2021-2-5', '995', '0', '0'),
('5564702149253564', '2021-5-24', '214', '0', '0'),
('9839603604843742', '2022-5-18', '474', '0', '0'),
('2949505188339176', '2021-3-20', '120', '1', '1'),
('0160717890527400', '2021-8-24', '037', '0', '0'),
('2576339716874786', '2021-4-9', '321', '0', '0'),
('7035711731882116', '2021-7-10', '052', '0', '0'),
('5695652397854065', '2021-4-23', '715', '0', '0'),
('1428434446827725', '2022-6-17', '995', '0', '0'),
('2943966635169344', '2022-6-3', '734', '0', '0'),
('2714100314326104', '2022-6-17', '244', '1', '1'),
('9965590411666557', '2021-11-21', '307', '0', '0'),
('6029751100959868', '2021-10-28', '861', '0', '0'),
('1561800751019531', '2021-2-16', '435', '0', '0'),
('3865554564671073', '2021-10-5', '131', '0', '0'),
('3553187326133277', '2021-5-17', '892', '0', '0'),
('4169573380115544', '2022-11-17', '297', '0', '0'),
('9203366825330695', '2022-3-25', '592', '0', '0'),
('3780470330665739', '2022-9-9', '458', '0', '0'),
('4867508906967247', '2022-2-28', '904', '0', '0'),
('2180902970977964', '2021-7-7', '099', '0', '0'),
('9977390601939992', '2021-11-1', '329', '0', '0'),
('7241320954110444', '2021-2-8', '097', '0', '0'),
('3921924871689549', '2021-4-26', '729', '0', '0'),
('2381603888664252', '2022-4-15', '576', '0', '0'),
('9172485155833660', '2022-11-27', '287', '0', '0'),
('7521604730398183', '2022-1-27', '946', '1', '1'),
('2189773626525166', '2022-4-19', '393', '0', '0'),
('4216881747796224', '2022-4-17', '015', '0', '0'),
('4815394702224037', '2022-1-10', '382', '0', '0'),
('5303706125525911', '2021-10-18', '811', '0', '0'),
('1294912626531741', '2021-6-20', '640', '0', '0'),
('8130065139372086', '2021-10-25', '136', '0', '0'),
('0604511023261903', '2021-2-11', '467', '0', '0'),
('6555113474233337', '2022-2-5', '090', '0', '0'),
('9961295394136451', '2022-5-28', '199', '0', '0'),
('1688674947768472', '2021-6-6', '043', '0', '0'),
('1164603227886392', '2021-5-28', '280', '0', '0'),
('4743817134334176', '2022-9-12', '322', '0', '0'),
('7131153832931006', '2021-10-28', '597', '1', '1'),
('5733895298160693', '2022-8-7', '255', '0', '0'),
('7069162904065422', '2022-4-2', '110', '0', '0'),
('7039594035837521', '2021-6-27', '656', '1', '1'),
('9093449123202745', '2022-7-23', '662', '1', '1'),
('3311266101732320', '2021-4-24', '288', '0', '0'),
('0027455162631528', '2022-6-15', '299', '0', '0'),
('1600394735027231', '2021-3-20', '364', '0', '0'),
('4184901002330305', '2022-1-9', '014', '1', '1'),
('5466657379577190', '2021-1-28', '623', '0', '0'),
('2738871833965815', '2021-1-13', '740', '1', '1'),
('5689419391557888', '2022-10-10', '898', '0', '0'),
('7419161706775876', '2021-1-13', '280', '0', '0'),
('1649760803052248', '2022-3-25', '712', '1', '1'),
('0112604167651868', '2022-11-18', '295', '0', '0'),
('7844915082417807', '2022-1-21', '934', '0', '0'),
('6800250527120905', '2021-7-26', '531', '0', '0'),
('0775341411119937', '2022-6-4', '023', '0', '0'),
('9915348873819944', '2022-2-18', '929', '0', '0'),
('2834942871186399', '2021-6-17', '203', '0', '0'),
('2189956353937091', '2022-10-7', '137', '0', '0'),
('4643781374139309', '2021-5-9', '615', '0', '0'),
('7747745413292802', '2022-9-17', '865', '0', '0'),
('3514231443502457', '2021-3-26', '893', '0', '0'),
('2225366533662534', '2021-7-4', '086', '0', '0'),
('9673077932954756', '2021-10-8', '956', '0', '0'),
('1815112649018496', '2022-11-16', '542', '0', '0'),
('7394366929389795', '2022-10-12', '023', '0', '0'),
('5016790703221097', '2021-2-1', '312', '0', '0'),
('5574515319677714', '2022-7-25', '682', '0', '0'),
('5160885601588229', '2021-9-15', '087', '0', '0'),
('1952828465358524', '2021-2-9', '643', '0', '0'),
('0004551424818090', '2022-7-11', '931', '0', '0'),
('6334077707502549', '2021-2-22', '293', '0', '0'),
('8759610707393803', '2022-11-17', '916', '0', '0'),
('1373171078811286', '2021-10-9', '492', '1', '1'),
('3687825099915643', '2021-5-11', '723', '0', '0'),
('7689794505467869', '2022-1-23', '032', '0', '0'),
('7309987984684141', '2021-10-16', '961', '0', '0'),
('7573621433997657', '2021-8-4', '490', '0', '0'),
('8260066966213425', '2021-10-14', '008', '0', '0'),
('7316490229471859', '2022-10-23', '687', '0', '0'),
('9476631379648315', '2021-4-15', '447', '0', '0'),
('4952663358919221', '2021-5-14', '502', '0', '0'),
('9937899631730902', '2021-8-16', '917', '0', '0'),
('6163180277351079', '2022-2-1', '953', '0', '0'),
('9375076012548500', '2022-7-19', '806', '0', '0'),
('8253847278572155', '2021-5-4', '654', '1', '1'),
('1401822780485517', '2021-8-2', '201', '0', '0'),
('6251278086047359', '2021-9-27', '419', '0', '0'),
('0969271948372831', '2022-3-18', '616', '1', '1'),
('7405180212940615', '2022-8-5', '386', '0', '0'),
('1151484295864197', '2021-10-26', '109', '0', '0'),
('3830829930861739', '2021-1-1', '589', '0', '0'),
('8654720124321065', '2021-11-22', '879', '0', '0'),
('0815731702190087', '2021-10-10', '923', '0', '0'),
('7413280795399087', '2022-10-26', '542', '0', '0'),
('7004089723777623', '2021-8-1', '315', '0', '0'),
('2068660011634904', '2022-10-12', '647', '1', '1'),
('0960981404314968', '2021-2-12', '757', '0', '0'),
('9008717228206786', '2022-8-15', '484', '0', '0'),
('3722155884422370', '2022-10-26', '831', '0', '0'),
('3345730209723672', '2022-2-26', '091', '1', '1'),
('3566132680224063', '2022-6-23', '601', '0', '0'),
('0841727867262627', '2022-3-19', '995', '0', '0'),
('3878328322706403', '2021-7-7', '712', '0', '0'),
('4324204396597889', '2022-7-21', '950', '0', '0'),
('4888541806073486', '2022-7-22', '196', '1', '1'),
('2495177272566122', '2021-7-8', '114', '0', '0'),
('4290972072417145', '2022-7-13', '685', '1', '1'),
('9221007671062349', '2021-4-25', '862', '0', '0'),
('3081866317279607', '2021-8-6', '532', '0', '0'),
('7901916839868905', '2021-2-7', '348', '0', '0'),
('9109850902866505', '2022-2-6', '766', '0', '0'),
('3923245477686209', '2022-6-9', '648', '0', '0'),
('7797948969430027', '2021-2-26', '437', '1', '1'),
('5780935361968488', '2022-10-11', '857', '0', '0'),
('0018498519148017', '2022-7-7', '259', '0', '0'),
('6879914801301115', '2021-10-10', '856', '0', '0'),
('3831786919589971', '2021-9-6', '191', '0', '0'),
('7922378003032115', '2021-10-25', '287', '1', '1'),
('2903116897808346', '2022-3-4', '932', '0', '0'),
('2797640115395107', '2022-11-25', '432', '0', '0'),
('1039089306610618', '2022-5-6', '637', '0', '0'),
('4896445917588925', '2022-7-20', '838', '0', '0'),
('6918025445559302', '2021-8-27', '742', '0', '0'),
('0893980816077173', '2022-5-17', '442', '1', '1'),
('4705731785306634', '2021-4-9', '542', '0', '0'),
('2404383731178847', '2021-9-18', '422', '0', '0'),
('1720099193380297', '2022-6-15', '326', '0', '0'),
('9863551969169112', '2021-4-15', '127', '1', '1'),
('1679028035626789', '2021-6-14', '248', '0', '0'),
('9937930731777391', '2021-8-19', '372', '0', '0'),
('4265608228589528', '2022-5-25', '810', '0', '0'),
('0096830591091797', '2021-5-5', '272', '1', '1'),
('3195934591696912', '2021-11-19', '313', '0', '0'),
('1969689482436381', '2022-10-21', '679', '0', '0'),
('1749412165612237', '2022-3-4', '415', '1', '1'),
('5635401256228275', '2022-5-3', '027', '0', '0'),
('0118469997568179', '2022-1-21', '922', '0', '0'),
('2523166805337846', '2021-11-25', '936', '1', '1'),
('1643124632384730', '2021-3-26', '540', '0', '0'),
('9451386392991548', '2021-8-22', '315', '0', '0'),
('5996949657091939', '2021-6-28', '836', '0', '0'),
('9247196098463814', '2021-5-28', '609', '0', '0'),
('1201299243438677', '2022-1-16', '885', '0', '0'),
('1115174348044478', '2021-10-28', '156', '0', '0'),
('3847039155707996', '2021-1-13', '981', '0', '0'),
('7317531752612867', '2022-11-1', '118', '1', '1'),
('7981192399040343', '2022-3-18', '380', '0', '0'),
('3839460928134462', '2021-11-25', '020', '0', '0'),
('2600041544544610', '2021-4-15', '580', '0', '0'),
('7042386946295198', '2021-11-11', '054', '0', '0'),
('3417647884391651', '2021-10-12', '663', '0', '0'),
('3721654636923713', '2022-6-23', '086', '1', '1'),
('7257456293419102', '2021-9-14', '349', '0', '0'),
('0646180453173714', '2022-7-17', '793', '0', '0'),
('4236955643350968', '2021-9-23', '040', '1', '1'),
('3005623676157316', '2022-10-3', '512', '0', '0'),
('6748310889003567', '2021-9-16', '226', '0', '0'),
('5571510404215939', '2021-7-5', '273', '0', '0'),
('2690481219732999', '2021-1-25', '538', '0', '0'),
('2952730846574254', '2022-4-9', '584', '0', '0'),
('0071570362450701', '2021-3-24', '465', '1', '1'),
('7246057653401898', '2021-11-13', '351', '1', '1'),
('0101523038969236', '2022-10-28', '060', '0', '0'),
('6429646925649151', '2021-9-27', '355', '0', '0'),
('9087885283768234', '2022-4-1', '853', '0', '0'),
('9955139066053263', '2022-11-7', '467', '0', '0'),
('1396803948969251', '2021-2-10', '605', '1', '1'),
('6579621762239065', '2021-5-14', '229', '0', '0'),
('3515227503399132', '2022-8-25', '998', '0', '0'),
('9629699304054109', '2022-11-10', '742', '0', '0'),
('8952861227258793', '2021-11-22', '253', '0', '0'),
('7754525547206465', '2021-5-19', '085', '0', '0'),
('3656884366889219', '2022-8-26', '455', '1', '1'),
('1431539165184122', '2022-9-2', '440', '0', '0'),
('0831403568934139', '2022-1-26', '248', '1', '1'),
('9028378453899164', '2021-1-22', '765', '0', '0'),
('3954310010579552', '2022-4-22', '293', '0', '0'),
('1366009950198099', '2022-1-27', '147', '1', '1'),
('7448228351783100', '2022-9-15', '908', '0', '0'),
('0817445841501030', '2021-5-6', '948', '0', '0'),
('3024078204986289', '2022-10-14', '401', '0', '0'),
('4419060197573737', '2021-9-12', '925', '0', '0'),
('1373654613279852', '2022-5-5', '049', '0', '0'),
('4651304076826834', '2021-4-28', '854', '0', '0'),
('0289683727898575', '2022-8-6', '797', '0', '0'),
('1568077019086074', '2022-6-2', '570', '1', '1'),
('4336410516827585', '2022-1-14', '536', '0', '0'),
('7663128021849728', '2022-7-26', '790', '0', '0'),
('4255227927370070', '2022-7-20', '782', '0', '0'),
('5105828131850667', '2022-4-11', '988', '0', '0'),
('7491644640062296', '2022-4-3', '304', '0', '0'),
('5133911299824796', '2021-1-18', '450', '0', '0'),
('9952177220966007', '2021-9-3', '768', '1', '1'),
('6914433752902647', '2022-2-27', '283', '0', '0'),
('8924345124798522', '2022-6-14', '293', '0', '0'),
('1520967384836713', '2022-7-23', '918', '0', '0'),
('2512703225429228', '2022-9-24', '357', '1', '1'),
('6748970993616578', '2022-2-23', '814', '0', '0'),
('0273197511335543', '2021-5-26', '318', '0', '0'),
('0159933876617499', '2022-1-11', '340', '1', '1'),
('0780539069964011', '2021-2-7', '890', '1', '1'),
('8857561388144888', '2022-11-26', '038', '0', '0'),
('8898569876455843', '2021-7-21', '714', '0', '0'),
('3272776187879319', '2022-9-2', '989', '1', '1'),
('1637770618612671', '2022-1-27', '872', '0', '0'),
('7891886101942751', '2021-9-13', '597', '0', '0'),
('5981185494736574', '2021-7-4', '539', '0', '0'),
('0891493793746494', '2021-5-17', '021', '0', '0'),
('0349883411138545', '2021-7-18', '108', '0', '0'),
('6595301841526219', '2022-9-14', '004', '1', '1'),
('9137599893315927', '2022-2-16', '690', '0', '0'),
('0192160030455995', '2022-6-13', '858', '0', '0'),
('7380555582703351', '2022-11-5', '990', '0', '0'),
('7673113186651746', '2022-9-4', '622', '0', '0'),
('2636711526768983', '2022-1-5', '486', '1', '1'),
('4093323137723523', '2022-7-7', '906', '0', '0'),
('3700452178830905', '2022-4-6', '717', '0', '0'),
('1859737628028284', '2022-3-8', '765', '0', '0'),
('0325818018601823', '2022-9-2', '076', '1', '1'),
('4105347501121206', '2022-8-19', '583', '1', '1'),
('0434566483342603', '2022-11-23', '781', '0', '0'),
('4556797023884489', '2021-5-14', '580', '0', '0'),
('2986672424733088', '2021-7-27', '598', '0', '0'),
('6257619512078346', '2022-11-23', '708', '1', '1'),
('6217716356706473', '2022-9-11', '476', '0', '0'),
('3672367871643228', '2021-9-28', '103', '0', '0'),
('7458714104097101', '2022-10-19', '369', '0', '0'),
('8392287449369804', '2021-9-28', '287', '0', '0'),
('6835657743642379', '2021-6-22', '738', '0', '0'),
('1904207425702475', '2021-10-21', '915', '0', '0'),
('5362615991903009', '2021-2-11', '973', '0', '0'),
('5273987830015949', '2022-5-9', '307', '1', '1'),
('5357645952714535', '2021-6-1', '341', '0', '0'),
('1552999278523391', '2022-9-28', '793', '0', '0'),
('8694414663900412', '2021-3-5', '393', '0', '0'),
('8145088486789689', '2022-6-8', '305', '1', '1'),
('4009118906366647', '2021-1-20', '776', '0', '0'),
('8736979799601642', '2022-7-23', '922', '0', '0'),
('7960690484077228', '2021-1-2', '751', '0', '0'),
('8967142202911077', '2022-9-13', '736', '0', '0'),
('6289973998442857', '2022-5-23', '324', '0', '0'),
('5233113174869761', '2022-1-14', '909', '0', '0'),
('0451732390147397', '2022-3-24', '203', '0', '0'),
('0185186447619392', '2022-6-7', '893', '0', '0'),
('9757539243606651', '2022-4-25', '390', '0', '0'),
('6989576150220183', '2022-7-28', '994', '0', '0'),
('1534486330345073', '2021-10-28', '536', '0', '0'),
('8669592869750988', '2022-10-27', '568', '0', '0'),
('7782035248640023', '2021-1-26', '591', '1', '1'),
('9867485831442299', '2022-5-22', '956', '0', '0'),
('6061843424634807', '2021-6-18', '755', '0', '0'),
('6701034963554023', '2022-4-10', '241', '0', '0'),
('2201505730039611', '2021-7-9', '932', '1', '1'),
('0333832932756507', '2022-8-13', '097', '0', '0'),
('2249365191609456', '2021-4-28', '572', '0', '0'),
('3432699907839784', '2021-4-24', '229', '0', '0'),
('0398458764218224', '2022-2-1', '569', '1', '1'),
('2436050191401707', '2021-6-25', '862', '0', '0'),
('2649087547998209', '2022-4-28', '597', '0', '0'),
('2637574625096044', '2022-6-1', '252', '1', '1'),
('9549746224006651', '2021-6-4', '063', '0', '0'),
('1937878697314061', '2021-7-20', '604', '0', '0'),
('2632427458443950', '2022-9-19', '451', '0', '0'),
('1894342702551195', '2021-3-10', '668', '1', '1'),
('9655077567662435', '2022-2-4', '020', '0', '0'),
('2346449429189883', '2022-1-5', '400', '0', '0'),
('4681804770058398', '2021-6-19', '505', '1', '1'),
('0722930325271869', '2021-2-9', '210', '0', '0'),
('0666328975873144', '2021-4-12', '240', '0', '0'),
('7461009944073506', '2022-7-7', '906', '0', '0'),
('7081494919341549', '2021-3-3', '634', '0', '0'),
('1862362504680535', '2021-2-13', '008', '0', '0'),
('3575796394670223', '2021-2-23', '633', '0', '0'),
('6399458392546220', '2021-7-19', '069', '1', '1'),
('0395412339140280', '2021-11-9', '439', '0', '0'),
('1321616851754380', '2021-5-15', '641', '0', '0'),
('9139730197787780', '2022-5-27', '896', '0', '0'),
('4781123362808807', '2022-3-9', '622', '0', '0'),
('6418956770953869', '2022-1-9', '219', '0', '0'),
('8185938506675310', '2021-9-20', '030', '0', '0'),
('7094920001525753', '2021-1-16', '869', '0', '0');

DELETE FROM PADInfo;
INSERT INTO PADInfo(AccountNumber, InstituteNumber, BranchNumber, IsDefault, Auto_Manual)
VALUES ('3191857', '030', '28923', '0', '0'),
('1605911', '322', '13937', '0', '0'),
('8743421', '854', '94946', '0', '0'),
('3939756', '260', '78722', '0', '0'),
('1770082', '290', '73909', '0', '0'),
('9364819', '270', '86405', '0', '0'),
('9372549', '269', '42755', '0', '0'),
('5550173', '620', '26720', '0', '0'),
('5912700', '590', '50369', '0', '0'),
('7396587', '854', '51334', '0', '0'),
('0493322', '003', '26946', '0', '0'),
('2036675', '269', '50265', '1', '1'),
('5227793', '360', '38008', '0', '0'),
('0502098', '829', '27191', '0', '0'),
('3641502', '551', '11224', '0', '0'),
('3321805', '344', '91329', '0', '0'),
('2087822', '548', '84115', '0', '0'),
('1171782', '290', '63413', '0', '0'),
('5134980', '294', '36836', '0', '0'),
('0301024', '219', '32509', '1', '1'),
('1274626', '340', '69722', '0', '0'),
('8004520', '807', '76031', '0', '0'),
('8940148', '522', '47542', '1', '1'),
('0084117', '548', '63015', '0', '0'),
('4369244', '568', '24802', '0', '0'),
('4910832', '307', '86630', '0', '0'),
('1791888', '242', '65950', '1', '1'),
('3703713', '240', '77742', '0', '0'),
('4529233', '002', '82500', '0', '0'),
('6314694', '004', '90003', '0', '0'),
('8392303', '219', '10029', '0', '0'),
('9904703', '323', '75264', '0', '0'),
('9831862', '339', '30524', '0', '0'),
('1739868', '590', '19882', '0', '0'),
('8738129', '321', '22588', '0', '0'),
('6731742', '829', '65393', '0', '0'),
('5090668', '865', '11198', '0', '0'),
('2967405', '323', '67087', '0', '0'),
('1071313', '294', '50815', '0', '0'),
('5411796', '269', '14298', '0', '0'),
('3659349', '568', '65044', '0', '0'),
('8894693', '879', '60386', '1', '1'),
('4491408', '328', '50778', '0', '0'),
('5531973', '309', '46046', '0', '0'),
('8717582', '358', '60861', '0', '0'),
('5059761', '343', '24812', '0', '0'),
('2670815', '001', '43965', '0', '0'),
('1296187', '618', '12950', '0', '0'),
('6948638', '219', '56173', '0', '0'),
('3759014', '623', '42128', '0', '0'),
('8390763', '809', '57576', '0', '0'),
('3276285', '810', '76024', '1', '1'),
('3373319', '854', '65087', '0', '0'),
('5655068', '349', '76141', '0', '0'),
('0462752', '332', '53914', '0', '0'),
('2801904', '346', '13687', '1', '1'),
('2683545', '550', '55146', '0', '0'),
('3926997', '327', '14138', '0', '0'),
('6037327', '336', '28187', '0', '0'),
('8803185', '004', '14500', '0', '0'),
('0692417', '808', '49134', '0', '0'),
('9016630', '536', '29161', '0', '0'),
('6974004', '241', '98972', '1', '1'),
('8074855', '303', '50560', '0', '0'),
('6095770', '001', '87715', '0', '0'),
('3864749', '004', '19540', '0', '0'),
('3523035', '507', '18328', '1', '1'),
('7399439', '333', '69694', '1', '1'),
('4528607', '345', '74575', '0', '0'),
('0192562', '004', '58411', '0', '0'),
('5683949', '592', '73151', '0', '0'),
('1660526', '803', '53160', '0', '0'),
('4681529', '342', '16904', '0', '0'),
('0252503', '335', '48931', '0', '0'),
('1226305', '310', '65372', '0', '0'),
('5206566', '275', '40947', '0', '0'),
('5802255', '338', '76938', '0', '0'),
('3829103', '623', '46880', '0', '0'),
('3427357', '004', '70455', '0', '0'),
('0502077', '240', '56842', '0', '0'),
('7364479', '030', '13921', '0', '0'),
('7674831', '349', '89919', '1', '1'),
('3947542', '328', '88061', '1', '1'),
('8951351', '819', '99776', '0', '0'),
('7049739', '006', '16697', '1', '1'),
('9901558', '532', '46246', '0', '0'),
('0124462', '837', '68531', '0', '0'),
('0164968', '853', '91326', '0', '0'),
('3832891', '260', '68086', '0', '0'),
('3022012', '590', '33790', '0', '0'),
('9510872', '303', '56891', '0', '0'),
('7800848', '269', '65721', '0', '0'),
('3574000', '540', '81411', '1', '1'),
('2273139', '899', '49075', '0', '0'),
('2203139', '853', '58630', '0', '0'),
('6891390', '570', '60587', '0', '0'),
('4014270', '318', '34210', '0', '0'),
('0599663', '314', '32932', '1', '1'),
('6064525', '840', '96030', '0', '0'),
('4361152', '355', '58975', '0', '0'),
('2970799', '352', '54906', '0', '0'),
('0438674', '177', '97691', '0', '0'),
('8642635', '360', '87701', '0', '0'),
('8303970', '326', '33826', '0', '0'),
('5335487', '590', '32528', '0', '0'),
('6528837', '837', '61703', '0', '0'),
('9454028', '844', '71403', '0', '0'),
('9483379', '001', '83405', '1', '1'),
('8667681', '309', '76093', '0', '0'),
('4369800', '039', '74089', '0', '0'),
('7814168', '349', '95344', '1', '1'),
('1803730', '592', '53114', '0', '0'),
('3312632', '315', '32485', '0', '0'),
('3061590', '335', '30856', '0', '0'),
('4966923', '242', '41362', '1', '1'),
('0465068', '322', '97241', '0', '0'),
('9246928', '006', '92929', '0', '0'),
('7974323', '532', '13750', '0', '0'),
('8980269', '301', '20926', '1', '1'),
('9132754', '334', '37361', '0', '0'),
('1070526', '016', '71511', '0', '0'),
('8241002', '336', '23321', '0', '0'),
('9659765', '327', '95698', '1', '1'),
('6893391', '323', '61400', '0', '0'),
('1441126', '326', '58458', '0', '0'),
('1399245', '359', '49966', '0', '0'),
('0409310', '347', '75256', '1', '1'),
('1495391', '343', '99388', '1', '1'),
('5418098', '275', '99437', '1', '1'),
('4543307', '245', '83700', '0', '0'),
('4682628', '265', '55171', '0', '0'),
('1249620', '242', '26710', '1', '1'),
('6648335', '828', '64478', '0', '0'),
('5673931', '030', '13704', '1', '1'),
('6640215', '342', '36369', '0', '0'),
('5889310', '359', '46670', '0', '0'),
('6849741', '010', '31557', '0', '0'),
('5194289', '597', '86277', '1', '1'),
('0036998', '357', '15567', '1', '1'),
('2002881', '330', '11823', '0', '0'),
('4910133', '630', '58332', '0', '0'),
('9328371', '846', '53526', '0', '0'),
('9523164', '626', '61238', '0', '0'),
('5707484', '275', '21516', '0', '0'),
('4474841', '030', '92754', '0', '0'),
('8323828', '842', '13173', '0', '0'),
('8184429', '323', '67615', '0', '0'),
('7390646', '354', '32653', '0', '0'),
('6117032', '630', '53590', '0', '0'),
('9228424', '308', '34355', '0', '0'),
('9058168', '625', '78054', '0', '0'),
('6286896', '277', '69637', '0', '0'),
('3672047', '854', '40191', '0', '0'),
('0472435', '339', '18313', '0', '0'),
('1100104', '039', '17559', '0', '0'),
('4618039', '592', '16733', '0', '0'),
('8581967', '551', '50072', '0', '0'),
('4314287', '889', '61788', '0', '0'),
('9627430', '359', '95111', '1', '1'),
('1499909', '349', '72484', '0', '0'),
('1881395', '507', '26474', '0', '0'),
('7181388', '004', '23311', '0', '0'),
('3370237', '275', '87765', '1', '1'),
('2886789', '532', '98150', '1', '1'),
('1327596', '842', '35608', '0', '0'),
('5266863', '879', '96209', '1', '1'),
('9208704', '840', '69636', '0', '0'),
('5718590', '242', '18378', '0', '0'),
('9797542', '357', '77441', '0', '0'),
('3357430', '345', '83275', '1', '1'),
('8073457', '318', '97572', '0', '0'),
('6470752', '030', '67860', '0', '0'),
('4190201', '290', '84538', '1', '1'),
('8146523', '294', '28646', '1', '1'),
('2444573', '322', '51138', '0', '0'),
('1647055', '270', '15314', '0', '0'),
('7849263', '328', '50168', '0', '0'),
('0574689', '570', '26818', '0', '0'),
('0859266', '854', '30724', '1', '1'),
('3363978', '623', '23249', '0', '0'),
('7044474', '260', '53940', '1', '1'),
('1576256', '315', '78574', '0', '0'),
('3008560', '807', '74729', '0', '0'),
('6754740', '030', '52042', '0', '0'),
('7808149', '277', '69693', '0', '0'),
('1382899', '315', '50151', '0', '0'),
('4741603', '326', '35161', '1', '1'),
('8034969', '315', '13174', '0', '0'),
('5563079', '568', '48562', '0', '0'),
('2068797', '844', '64007', '0', '0'),
('4745772', '570', '56329', '0', '0'),
('8797537', '846', '22384', '1', '1'),
('6792332', '358', '53115', '0', '0'),
('3085417', '551', '83180', '0', '0'),
('1855638', '330', '92359', '1', '1'),
('1520929', '334', '40336', '0', '0'),
('2086524', '310', '24630', '0', '0'),
('2407403', '844', '22939', '0', '0'),
('5722696', '819', '36793', '0', '0'),
('9720960', '889', '79234', '1', '1'),
('5997720', '347', '19788', '0', '0'),
('8180809', '626', '20429', '0', '0'),
('7152146', '590', '43027', '0', '0'),
('2625669', '010', '96740', '0', '0'),
('0793694', '250', '84700', '1', '1'),
('3047911', '328', '22324', '0', '0'),
('3186795', '336', '55039', '0', '0'),
('4062810', '245', '59897', '0', '0'),
('5370564', '345', '71996', '1', '1'),
('5680933', '242', '92008', '0', '0'),
('1028116', '340', '54369', '0', '0'),
('9123381', '322', '98803', '0', '0'),
('4130462', '307', '20799', '0', '0'),
('5204220', '270', '76070', '1', '1'),
('7543418', '548', '59979', '0', '0'),
('7680816', '322', '23238', '0', '0'),
('4218224', '342', '99745', '0', '0'),
('9447324', '340', '96138', '0', '0'),
('7699908', '603', '84917', '0', '0'),
('6199329', '865', '10845', '0', '0'),
('8991965', '630', '96205', '0', '0'),
('2395945', '345', '56109', '1', '1'),
('7896245', '522', '44654', '0', '0'),
('2917799', '327', '45752', '0', '0'),
('8324222', '839', '53284', '0', '0'),
('6792338', '250', '16686', '0', '0'),
('1146423', '016', '38623', '1', '1'),
('5766417', '360', '65051', '0', '0'),
('3748389', '590', '10914', '0', '0'),
('6704787', '360', '96727', '0', '0'),
('2734967', '292', '91008', '0', '0'),
('1310604', '347', '40100', '0', '0'),
('1102292', '355', '10125', '0', '0'),
('9137793', '509', '89609', '1', '1'),
('7140774', '330', '69123', '0', '0'),
('6345809', '809', '48456', '0', '0'),
('5379760', '522', '88904', '0', '0'),
('6318553', '597', '55499', '0', '0'),
('3826052', '177', '28750', '0', '0'),
('8548006', '803', '37027', '0', '0'),
('1578441', '879', '95531', '1', '1'),
('8770081', '352', '67998', '0', '0'),
('9796147', '301', '68727', '1', '1'),
('9265578', '522', '79388', '0', '0'),
('1919178', '333', '91357', '0', '0'),
('3540648', '548', '20025', '0', '0'),
('7210471', '303', '28710', '0', '0'),
('9549053', '623', '65372', '0', '0'),
('9188337', '603', '13261', '1', '1'),
('7154917', '357', '86177', '0', '0'),
('7625104', '318', '63959', '0', '0'),
('3885373', '321', '49898', '0', '0'),
('8606491', '250', '44504', '0', '0'),
('6733754', '303', '57309', '0', '0'),
('5141860', '002', '90674', '0', '0'),
('6126217', '002', '95655', '0', '0'),
('3805063', '360', '61817', '0', '0'),
('9870964', '592', '11968', '0', '0'),
('8024458', '614', '96321', '0', '0'),
('5709363', '327', '20475', '1', '1'),
('1882144', '846', '55218', '0', '0'),
('6766445', '340', '64355', '0', '0'),
('8599490', '277', '49473', '0', '0'),
('7383227', '270', '30205', '1', '1'),
('2779994', '359', '71751', '0', '0'),
('1140577', '846', '82751', '0', '0'),
('0406226', '002', '54600', '0', '0'),
('8994834', '357', '84864', '0', '0'),
('8975976', '355', '69079', '0', '0'),
('4444119', '030', '54427', '0', '0'),
('5475416', '334', '76372', '0', '0'),
('0442224', '568', '24475', '1', '1'),
('0137796', '839', '85717', '0', '0'),
('9269646', '334', '12516', '0', '0'),
('5195070', '307', '73622', '1', '1'),
('4174880', '219', '34937', '0', '0'),
('8440754', '338', '73605', '0', '0'),
('1818060', '333', '36578', '1', '1'),
('2605386', '568', '30228', '0', '0'),
('9615680', '310', '80524', '0', '0'),
('2194744', '840', '84394', '0', '0'),
('8225762', '603', '48763', '0', '0'),
('7254898', '828', '78348', '0', '0'),
('0638524', '342', '35996', '0', '0'),
('7756139', '344', '33677', '1', '1'),
('1423086', '344', '91508', '0', '0'),
('1044718', '803', '13815', '0', '0'),
('1459459', '618', '34843', '1', '1'),
('5879852', '621', '31237', '0', '0'),
('8656835', '807', '89463', '0', '0'),
('1959553', '039', '38379', '0', '0'),
('4650249', '828', '78988', '0', '0'),
('1380916', '889', '30322', '0', '0'),
('7325475', '839', '70644', '1', '1'),
('7942000', '352', '32207', '0', '0'),
('1025435', '245', '93879', '1', '1'),
('7191951', '808', '86502', '0', '0'),
('8540273', '608', '88760', '0', '0'),
('2935607', '338', '72896', '0', '0'),
('6147632', '358', '94567', '1', '1'),
('5786860', '309', '47028', '0', '0'),
('1859138', '854', '64171', '0', '0'),
('0102190', '314', '10898', '0', '0'),
('3242961', '177', '28058', '0', '0'),
('5670667', '242', '87408', '0', '0'),
('6888954', '339', '44425', '0', '0'),
('3140741', '269', '70762', '0', '0'),
('8625954', '626', '33563', '0', '0'),
('0295789', '839', '22718', '0', '0'),
('6979988', '532', '44324', '0', '0'),
('1585955', '551', '36137', '0', '0'),
('0870013', '321', '43697', '0', '0'),
('3016282', '307', '18398', '0', '0'),
('2564441', '606', '41476', '0', '0'),
('4703628', '311', '11308', '0', '0'),
('8187028', '846', '59521', '0', '0'),
('5752203', '240', '83142', '0', '0'),
('0801483', '540', '45148', '0', '0'),
('3109839', '321', '55958', '1', '1'),
('3540588', '342', '25076', '0', '0'),
('4189910', '568', '42546', '0', '0'),
('2073835', '551', '45853', '0', '0'),
('2502140', '030', '36193', '0', '0'),
('6473822', '308', '77828', '1', '1'),
('8189118', '889', '18338', '0', '0'),
('3403073', '590', '14046', '0', '0'),
('1625468', '245', '89747', '0', '0'),
('3887726', '277', '11472', '1', '1'),
('9301712', '030', '78243', '0', '0'),
('5557947', '336', '93124', '0', '0'),
('8498426', '328', '44904', '0', '0'),
('3860227', '260', '27556', '0', '0'),
('5426206', '006', '23241', '0', '0'),
('4102515', '840', '54661', '0', '0'),
('7941276', '846', '84010', '0', '0'),
('4133209', '344', '29611', '0', '0'),
('6977472', '328', '26191', '1', '1'),
('5844380', '004', '89551', '1', '1'),
('7116584', '621', '36554', '0', '0'),
('9608245', '551', '31611', '0', '0'),
('1797849', '621', '58129', '0', '0'),
('7137422', '219', '80985', '0', '0'),
('9639925', '349', '98594', '0', '0'),
('8077275', '597', '82374', '1', '1'),
('4791224', '623', '36574', '1', '1'),
('2420911', '277', '11283', '1', '1'),
('9250070', '340', '26436', '0', '0'),
('0984215', '301', '79584', '0', '0'),
('3962648', '620', '40022', '0', '0'),
('8321493', '002', '58914', '1', '1'),
('4786723', '332', '29917', '0', '0'),
('9743182', '623', '90672', '0', '0'),
('1130392', '879', '45331', '1', '1'),
('8140423', '006', '85377', '0', '0'),
('9813225', '242', '55030', '0', '0'),
('0995556', '606', '29149', '0', '0'),
('9426961', '322', '17058', '0', '0'),
('8136322', '242', '39708', '0', '0'),
('2063730', '809', '61816', '0', '0'),
('9235440', '010', '18087', '0', '0'),
('0028093', '828', '15396', '0', '0'),
('3684875', '540', '61204', '0', '0'),
('6928170', '352', '66459', '0', '0'),
('4001787', '899', '29088', '0', '0'),
('3760094', '355', '96118', '1', '1'),
('9159088', '332', '59692', '0', '0'),
('3219076', '003', '88269', '0', '0'),
('8659763', '347', '33074', '0', '0'),
('5177500', '889', '17645', '0', '0'),
('8660731', '277', '17563', '1', '1'),
('6163471', '597', '11598', '0', '0'),
('7907679', '030', '44018', '0', '0'),
('9014113', '340', '78087', '0', '0'),
('8771220', '277', '43857', '0', '0'),
('7912955', '311', '91581', '0', '0'),
('2016135', '344', '65680', '0', '0'),
('1776186', '275', '17561', '1', '1'),
('6190535', '177', '14824', '0', '0'),
('0098178', '335', '70587', '0', '0'),
('3400745', '361', '73025', '0', '0'),
('4456338', '308', '81696', '1', '1'),
('4687985', '039', '62111', '0', '0'),
('2148707', '270', '75251', '0', '0'),
('4299111', '311', '60615', '0', '0'),
('4831426', '335', '73501', '0', '0'),
('5457334', '003', '12610', '0', '0'),
('1285677', '330', '14200', '0', '0'),
('7872639', '853', '98449', '1', '1'),
('8332116', '604', '30439', '0', '0');

DELETE FROM Application;
INSERT INTO Application(ApplicantUserName, JobID, ApplicationStatus, ApplicationDate)
VALUES ('Hank_Ismeal26', '5489', 'hired', '2020-1-16'),
('Warren_Tonnetta02', '5489', 'accepted', '2020-5-6'),
('Janet_Sabah40', '5489', 'review', '2020-6-17'),
('Cristela_Katryn13', '5489', 'hired', '2020-10-16'),
('Gadiel_Colleen52', '5489', 'accepted', '2020-3-27'),
('Griffith_Richrd16', '5489', 'accepted', '2020-11-26'),
('Asia_Raymont61', '5489', 'hired', '2020-3-4'),
('Bridgid_Dashonda23', '5489', 'denied', '2020-9-8'),
('Omayra_Jamiah37', '1931', 'denied', '2020-4-7'),
('Matthew_Alnisa33', '1931', 'sent', '2020-4-29'),
('Shelah_Sindy37', '1931', 'denied', '2020-7-1'),
('Marlys_Siena13', '1931', 'sent', '2020-8-14'),
('Lanetra_Leevi45', '1931', 'sent', '2020-5-24'),
('Kristi_Camisha00', '1931', 'denied', '2020-12-20'),
('Shandrea_Aliza94', '1931', 'accepted', '2020-9-1'),
('Shaune_Tela64', '2418', 'hired', '2020-2-9'),
('Angalena_Marena41', '2418', 'sent', '2020-5-29'),
('Rashida_Carolyn16', '2418', 'review', '2020-6-25'),
('Habiba_Leila13', '2418', 'sent', '2020-11-23'),
('Cristabel_Nakea27', '5421', 'sent', '2020-6-5'),
('Pamala_Shantrice64', '5421', 'sent', '2020-4-23'),
('Annais_Louie09', '5421', 'sent', '2020-2-17'),
('Samaria_Kerri99', '5421', 'denied', '2020-2-14'),
('Gareth_Teiara23', '5421', 'hired', '2020-5-16'),
('Thoms_Zoila17', '1189', 'review', '2020-5-22'),
('Debora_Lari56', '1189', 'accepted', '2020-3-12'),
('Tamecia_Ezekial01', '1189', 'accepted', '2020-1-7'),
('Hoyt_Didi33', '1189', 'hired', '2020-2-15'),
('Lanetra_Leevi45', '1189', 'denied', '2020-8-6'),
('Davidmichael_Prestina07', '1880', 'hired', '2020-11-29'),
('Warren_Tonnetta02', '1880', 'accepted', '2020-4-2'),
('Tamillia_Irene75', '1880', 'sent', '2020-3-8'),
('Juleah_Keesa37', '1880', 'accepted', '2020-6-22'),
('Sabrina_Clenton95', '1880', 'denied', '2020-5-16'),
('Mar_Elbert32', '1854', 'denied', '2020-3-26'),
('Toney_Johniece29', '1854', 'accepted', '2020-8-20'),
('Talina_Sidra17', '3506', 'hired', '2020-1-14'),
('Charice_Gill08', '3506', 'sent', '2020-8-4'),
('Lanetra_Leevi45', '3506', 'sent', '2020-4-13'),
('Cristela_Katryn13', '3506', 'denied', '2020-1-16'),
('Nessie_Nuria13', '3506', 'sent', '2020-10-11'),
('Joselin_Maree84', '1124', 'hired', '2020-9-24'),
('Tamecia_Ezekial01', '1124', 'accepted', '2020-5-10'),
('Jebediah_Lemario54', '1124', 'accepted', '2020-2-13'),
('Baudelio_Romell42', '1124', 'review', '2020-6-5'),
('Rheannon_Mary73', '1124', 'accepted', '2020-7-15'),
('Sesar_Sanford05', '1124', 'accepted', '2020-6-20'),
('Shaune_Tela64', '3184', 'sent', '2020-6-14'),
('Kentrel_Jessyca41', '3184', 'hired', '2020-8-19'),
('Almon_Hampton44', '3184', 'review', '2020-8-15'),
('Theresia_Christella54', '3184', 'denied', '2020-5-13'),
('Shandrea_Aliza94', '3184', 'sent', '2020-12-12'),
('Kristi_Camisha00', '3184', 'hired', '2020-4-21'),
('Bailee_Lativia36', '3184', 'sent', '2020-5-16'),
('Saidah_Vanessa50', '3184', 'sent', '2020-11-7'),
('Kristi_Camisha00', '4464', 'accepted', '2020-11-14'),
('Jennylyn_Falecia41', '4464', 'accepted', '2020-1-22'),
('Shelah_Sindy37', '4464', 'sent', '2020-4-13'),
('Toney_Johniece29', '5021', 'sent', '2020-4-8'),
('Donnette_Lainie89', '5021', 'accepted', '2020-2-18'),
('Allecia_Kenyanna73', '5021', 'hired', '2020-3-4'),
('Niomi_Lam79', '5021', 'sent', '2020-4-21'),
('Rashida_Carolyn16', '5021', 'review', '2020-11-29'),
('Gadiel_Colleen52', '3240', 'hired', '2020-11-29'),
('Asia_Raymont61', '3240', 'sent', '2020-4-6'),
('Demitrius_Edrick21', '3240', 'denied', '2020-1-12'),
('Hoyt_Didi33', '3010', 'sent', '2020-3-29'),
('Jathan_Lateefah37', '3010', 'accepted', '2020-7-23'),
('Gasper_Ramel13', '3010', 'review', '2020-8-24'),
('Shanica_Cherron68', '3010', 'sent', '2020-1-9'),
('Tamecia_Ezekial01', '3010', 'sent', '2020-2-11'),
('Lubna_Kymber33', '3010', 'accepted', '2020-2-5'),
('Jamilah_Rima84', '3010', 'denied', '2020-9-6'),
('Jennylyn_Falecia41', '3010', 'accepted', '2020-9-6'),
('Marlys_Siena13', '3010', 'denied', '2020-11-27'),
('Gadiel_Colleen52', '2736', 'accepted', '2020-7-27'),
('Kentrel_Jessyca41', '2736', 'accepted', '2020-10-14'),
('Angalena_Marena41', '2736', 'hired', '2020-7-23'),
('Travers_Delrico59', '2736', 'denied', '2020-3-16'),
('Amy_Justis71', '2736', 'hired', '2020-10-4'),
('Sophanna_Carmilla09', '3936', 'sent', '2020-9-18'),
('Vincenzo_Tyrus24', '3936', 'hired', '2020-11-21'),
('Deshawn_Arabia87', '1882', 'hired', '2020-6-16'),
('Rheannon_Mary73', '1882', 'denied', '2020-8-25'),
('Habiba_Terrina92', '1882', 'denied', '2020-8-27'),
('Thoms_Zoila17', '1255', 'sent', '2020-6-3'),
('Melania_Sonali15', '1255', 'hired', '2020-7-17'),
('Theresia_Christella54', '1255', 'denied', '2020-5-29'),
('Debora_Lari56', '1255', 'sent', '2020-1-28'),
('Jathan_Lateefah37', '1255', 'sent', '2020-11-29'),
('Almon_Hampton44', '1255', 'denied', '2020-11-6'),
('Sesar_Sanford05', '1255', 'accepted', '2020-1-11'),
('Sudeep_Stormey81', '1255', 'review', '2020-5-13'),
('Antionio_Kennon00', '1255', 'denied', '2020-4-10'),
('Matthew_Alnisa33', '4047', 'hired', '2020-11-27'),
('Debora_Lari56', '4047', 'review', '2020-4-20'),
('Hoyt_Didi33', '4047', 'accepted', '2020-4-17'),
('Samaria_Kerri99', '4047', 'denied', '2020-11-12'),
('Angalena_Marena41', '4047', 'accepted', '2020-7-29'),
('Saidah_Vanessa50', '4047', 'accepted', '2020-11-12'),
('Warren_Tonnetta02', '4047', 'denied', '2020-10-20'),
('Gasper_Ramel13', '4047', 'sent', '2020-12-25'),
('Jennylyn_Falecia41', '4047', 'denied', '2020-12-8'),
('Bridgid_Dashonda23', '3082', 'sent', '2020-3-15'),
('Sudeep_Stormey81', '3082', 'accepted', '2020-12-25'),
('Christal_Ladarian55', '3082', 'review', '2020-9-12'),
('Sophanna_Carmilla09', '3082', 'review', '2020-8-28'),
('Hoyt_Didi33', '3082', 'denied', '2020-3-14'),
('Melania_Sonali15', '3082', 'sent', '2020-3-17'),
('Almon_Hampton44', '3082', 'denied', '2020-2-2'),
('Felcia_Essica22', '4526', 'review', '2020-11-18'),
('Thelbert_Micaiah11', '4526', 'sent', '2020-6-4'),
('Sabrina_Clenton95', '4526', 'accepted', '2020-4-24'),
('Habiba_Terrina92', '4526', 'review', '2020-10-18'),
('Brynn_Keil53', '4526', 'accepted', '2020-5-19'),
('Cristabel_Nakea27', '4526', 'denied', '2020-7-29'),
('Jamilah_Rima84', '4526', 'sent', '2020-12-20'),
('Hoyt_Didi33', '1319', 'denied', '2020-4-27'),
('Bridgid_Dashonda23', '1319', 'sent', '2020-9-27'),
('Annais_Louie09', '1319', 'denied', '2020-2-20'),
('Niomi_Lam79', '1319', 'hired', '2020-11-5'),
('Thelbert_Micaiah11', '1319', 'accepted', '2020-2-16'),
('Griffith_Richrd16', '1319', 'denied', '2020-9-12'),
('Jestine_Shaelynn27', '1319', 'denied', '2020-5-25'),
('Nyshia_Dray84', '1319', 'denied', '2020-2-29'),
('Bridgid_Dashonda23', '1535', 'hired', '2020-5-19'),
('Gessica_Marison34', '1535', 'denied', '2020-2-12'),
('Janet_Sabah40', '1535', 'review', '2020-5-5'),
('Eunice_Eden91', '1535', 'denied', '2020-7-26'),
('Gareth_Teiara23', '1535', 'sent', '2020-3-5'),
('Hank_Ismeal26', '1535', 'review', '2020-8-4'),
('Shaune_Tela64', '5654', 'sent', '2020-5-17'),
('Chastity_Damico48', '5654', 'sent', '2020-4-12'),
('Debora_Lari56', '5654', 'denied', '2020-6-22'),
('Rahmel_Santonio40', '5654', 'review', '2020-7-27'),
('Omayra_Jamiah37', '5654', 'hired', '2020-10-25'),
('Luisalberto_Durel69', '5654', 'sent', '2020-8-28'),
('Marlys_Siena13', '5654', 'hired', '2020-9-16'),
('Griffith_Richrd16', '5654', 'accepted', '2020-10-2'),
('Omayra_Jamiah37', '5794', 'sent', '2020-9-24'),
('Lanetra_Leevi45', '5794', 'denied', '2020-9-26'),
('Kerensa_Atlantis00', '5794', 'accepted', '2020-8-18'),
('Lubna_Kymber33', '5794', 'denied', '2020-6-8'),
('Sallie_Solomon73', '5794', 'hired', '2020-10-8'),
('Annais_Louie09', '5794', 'sent', '2020-6-9'),
('Asia_Raymont61', '5794', 'accepted', '2020-10-23'),
('Kristi_Camisha00', '5794', 'sent', '2020-3-4'),
('Jathan_Lateefah37', '5794', 'sent', '2020-7-28'),
('Sallie_Solomon73', '5456', 'denied', '2020-10-5'),
('Nyshia_Dray84', '5456', 'sent', '2020-5-27'),
('Gareth_Teiara23', '5211', 'review', '2020-1-16'),
('Sallie_Solomon73', '5211', 'sent', '2020-3-15'),
('Janet_Sabah40', '5211', 'review', '2020-3-10'),
('Davidmichael_Prestina07', '5211', 'accepted', '2020-1-24'),
('Billie_Celenia12', '5211', 'denied', '2020-10-17'),
('Allecia_Kenyanna73', '5211', 'review', '2020-6-2'),
('Angalena_Marena41', '3432', 'accepted', '2020-10-10'),
('Hector_Rebakah20', '3432', 'sent', '2020-1-28'),
('Griffith_Richrd16', '3432', 'sent', '2020-7-20'),
('Dominquie_Beatrize08', '3432', 'review', '2020-6-26'),
('Bridgid_Dashonda23', '3432', 'accepted', '2020-9-18'),
('Jebediah_Lemario54', '3127', 'sent', '2020-3-23'),
('Tamecia_Ezekial01', '3127', 'denied', '2020-5-7'),
('Kunal_Tameca31', '3127', 'hired', '2020-2-21'),
('Sabrina_Clenton95', '3127', 'review', '2020-10-22'),
('Saidah_Vanessa50', '3127', 'accepted', '2020-8-1'),
('Dominquie_Beatrize08', '3127', 'sent', '2020-3-28'),
('Billie_Celenia12', '3127', 'hired', '2020-3-26'),
('Melania_Sonali15', '3127', 'review', '2020-9-24'),
('Korissa_Rosalinda64', '3127', 'denied', '2020-12-4'),
('Cristabel_Nakea27', '2044', 'accepted', '2020-5-29'),
('Nessie_Nuria13', '2044', 'review', '2020-9-17'),
('Sesar_Sanford05', '2044', 'hired', '2020-6-3'),
('Saidah_Vanessa50', '2044', 'accepted', '2020-3-5'),
('Liset_Junior23', '2044', 'hired', '2020-6-23'),
('Hank_Ismeal26', '2044', 'hired', '2020-7-5'),
('Jocelyn_Anneliese29', '2044', 'hired', '2020-1-10'),
('Juleah_Keesa37', '2044', 'sent', '2020-3-3'),
('Barak_Dyna92', '3743', 'hired', '2020-3-15'),
('Baudelio_Romell42', '3743', 'accepted', '2020-8-16'),
('Theresia_Christella54', '3743', 'accepted', '2020-3-8'),
('Jennylyn_Falecia41', '3743', 'sent', '2020-10-10'),
('Deshawn_Arabia87', '3743', 'hired', '2020-11-18'),
('Kerensa_Atlantis00', '3743', 'accepted', '2020-12-11'),
('Asia_Raymont61', '3753', 'hired', '2020-5-7'),
('Niomi_Lam79', '3753', 'accepted', '2020-12-2'),
('Chastity_Damico48', '3753', 'sent', '2020-8-25'),
('Kentrel_Jessyca41', '3753', 'sent', '2020-5-6'),
('Saleena_Aldo44', '1741', 'sent', '2020-12-24'),
('Nyshia_Dray84', '1741', 'denied', '2020-1-8'),
('Jathan_Lateefah37', '1741', 'denied', '2020-10-26'),
('Lei_Lianna76', '1741', 'denied', '2020-12-17'),
('Pamala_Shantrice64', '1078', 'sent', '2020-1-10'),
('Jathan_Lateefah37', '1078', 'denied', '2020-6-28'),
('Cristabel_Nakea27', '1078', 'accepted', '2020-9-14'),
('Jestine_Shaelynn27', '1078', 'denied', '2020-2-24'),
('Shaune_Tela64', '4094', 'denied', '2020-5-2'),
('Christal_Ladarian55', '4094', 'denied', '2020-6-18'),
('Juleah_Keesa37', '4094', 'denied', '2020-12-16'),
('Nessie_Nuria13', '4094', 'denied', '2020-2-28'),
('Sabrina_Clenton95', '4094', 'hired', '2020-8-26'),
('Nyshia_Dray84', '4094', 'denied', '2020-12-13'),
('Tamillia_Irene75', '4094', 'review', '2020-1-10'),
('Lubna_Kymber33', '4094', 'denied', '2020-12-28'),
('Jestine_Shaelynn27', '4094', 'review', '2020-1-2'),
('Brandonlee_Genette12', '4405', 'hired', '2020-12-18'),
('Asher_Erron01', '4405', 'review', '2020-4-11'),
('Luisalberto_Durel69', '4405', 'hired', '2020-12-3'),
('Korissa_Rosalinda64', '4405', 'accepted', '2020-9-4'),
('Saidah_Vanessa50', '4405', 'accepted', '2020-11-9'),
('Tamillia_Irene75', '4006', 'accepted', '2020-12-15'),
('Joselin_Maree84', '4006', 'hired', '2020-7-23'),
('Brionne_Anastasha17', '4006', 'hired', '2020-6-24'),
('Nyshia_Dray84', '3580', 'review', '2020-5-29'),
('Mar_Elbert32', '3580', 'sent', '2020-5-5'),
('Asher_Erron01', '3580', 'sent', '2020-1-20'),
('Jathan_Lateefah37', '3580', 'sent', '2020-3-7'),
('Shelah_Sindy37', '3580', 'accepted', '2020-12-17'),
('Pamala_Shantrice64', '2655', 'hired', '2020-2-17'),
('Shandrea_Aliza94', '2655', 'denied', '2020-9-1'),
('Theresia_Christella54', '2655', 'review', '2020-1-18'),
('Thelbert_Micaiah11', '1500', 'accepted', '2020-5-27'),
('Theresia_Christella54', '1500', 'hired', '2020-5-11'),
('Cristela_Katryn13', '1500', 'accepted', '2020-12-9'),
('Marlys_Siena13', '1500', 'accepted', '2020-4-10'),
('Jebediah_Lemario54', '1776', 'sent', '2020-5-13'),
('Saidah_Vanessa50', '1776', 'denied', '2020-4-9'),
('Mar_Elbert32', '1776', 'denied', '2020-11-12'),
('Kristi_Camisha00', '1776', 'review', '2020-3-16'),
('Thoms_Zoila17', '5072', 'review', '2020-10-18'),
('Errica_Darnella17', '5072', 'denied', '2020-1-10'),
('Pamala_Shantrice64', '3990', 'denied', '2020-12-24'),
('Jebediah_Lemario54', '3990', 'accepted', '2020-12-21'),
('Vincenzo_Tyrus24', '3990', 'sent', '2020-12-15'),
('Asia_Raymont61', '4824', 'accepted', '2020-11-13'),
('Errica_Darnella17', '4824', 'accepted', '2020-8-24'),
('Jathan_Lateefah37', '4824', 'hired', '2020-1-20'),
('Tiffiany_Shawntavia48', '4824', 'review', '2020-10-28'),
('Juleah_Keesa37', '4824', 'denied', '2020-9-9'),
('Barak_Dyna92', '4824', 'hired', '2020-5-3'),
('Charice_Gill08', '4824', 'hired', '2020-7-14'),
('Lubna_Kymber33', '5406', 'denied', '2020-12-18'),
('Liset_Junior23', '5406', 'review', '2020-2-8'),
('Jestine_Shaelynn27', '5406', 'accepted', '2020-9-11'),
('Baudelio_Romell42', '5406', 'review', '2020-10-18'),
('Joselin_Maree84', '5406', 'accepted', '2020-8-8'),
('Davidmichael_Prestina07', '5406', 'accepted', '2020-3-4'),
('Thelbert_Micaiah11', '1993', 'accepted', '2020-5-25'),
('Saleena_Aldo44', '1993', 'review', '2020-9-3'),
('Sophanna_Carmilla09', '1993', 'review', '2020-6-27'),
('Marlys_Siena13', '1993', 'hired', '2020-1-13'),
('Demitrius_Edrick21', '1993', 'denied', '2020-9-10'),
('Hakeem_Tabethia97', '1993', 'review', '2020-11-3'),
('Debora_Lari56', '1993', 'denied', '2020-1-6'),
('Liset_Junior23', '1993', 'hired', '2020-7-24'),
('Thoms_Zoila17', '1555', 'denied', '2020-10-27'),
('Korissa_Rosalinda64', '1555', 'denied', '2020-1-20'),
('Sesar_Sanford05', '1555', 'review', '2020-6-29'),
('Juleah_Keesa37', '1555', 'review', '2020-8-1'),
('Thoms_Zoila17', '3227', 'denied', '2020-4-19'),
('Allecia_Kenyanna73', '3227', 'hired', '2020-9-24'),
('Matthew_Alnisa33', '3227', 'accepted', '2020-7-20'),
('Alexa_Sadae67', '5984', 'accepted', '2020-8-10'),
('Aubry_Anaalicia33', '5984', 'accepted', '2020-4-20'),
('Aubry_Anaalicia33', '2447', 'review', '2020-9-6'),
('Gadiel_Colleen52', '2447', 'review', '2020-9-10'),
('Barak_Dyna92', '2447', 'review', '2020-2-2'),
('Hank_Ismeal26', '2447', 'accepted', '2020-3-16'),
('Kunal_Tameca31', '2447', 'accepted', '2020-10-28'),
('Kentrel_Jessyca41', '2447', 'accepted', '2020-8-14'),
('Eunice_Eden91', '2447', 'denied', '2020-6-20'),
('Jamilah_Rima84', '2447', 'hired', '2020-12-23'),
('Sabrina_Clenton95', '5621', 'sent', '2020-6-26'),
('Debora_Lari56', '5621', 'hired', '2020-1-9'),
('Hector_Rebakah20', '5621', 'review', '2020-3-24'),
('Baudelio_Romell42', '5621', 'review', '2020-6-22'),
('Antionio_Kennon00', '5621', 'review', '2020-9-29'),
('Samaria_Kerri99', '5621', 'sent', '2020-3-25'),
('Janet_Sabah40', '2384', 'accepted', '2020-11-11'),
('Chastity_Damico48', '2384', 'denied', '2020-2-13'),
('Saleena_Aldo44', '2204', 'denied', '2020-10-19'),
('Joselin_Maree84', '2204', 'hired', '2020-9-22'),
('Lubna_Kymber33', '2204', 'hired', '2020-1-2'),
('Habiba_Leila13', '2204', 'denied', '2020-8-22'),
('Mar_Elbert32', '1865', 'denied', '2020-7-19'),
('Lei_Lianna76', '1865', 'accepted', '2020-1-26'),
('Rashida_Carolyn16', '1865', 'accepted', '2020-1-3'),
('Charice_Gill08', '1865', 'denied', '2020-9-26'),
('Rheannon_Mary73', '1865', 'sent', '2020-1-14'),
('Deshawn_Arabia87', '1865', 'sent', '2020-7-25'),
('Dominquie_Beatrize08', '1865', 'sent', '2020-6-2'),
('Jestine_Shaelynn27', '1865', 'accepted', '2020-5-22'),
('Nessie_Nuria13', '3570', 'hired', '2020-6-26'),
('Matthew_Alnisa33', '3570', 'review', '2020-10-7'),
('Habiba_Terrina92', '3570', 'hired', '2020-7-19'),
('Demitrius_Edrick21', '3570', 'review', '2020-12-17'),
('Hector_Rebakah20', '3570', 'hired', '2020-3-10'),
('Felcia_Essica22', '3570', 'denied', '2020-9-23'),
('Rheannon_Mary73', '3570', 'accepted', '2020-10-15'),
('Griffith_Richrd16', '3570', 'accepted', '2020-1-20'),
('Gadiel_Colleen52', '3570', 'review', '2020-6-14'),
('Baudelio_Romell42', '5257', 'sent', '2020-7-9'),
('Shandrea_Aliza94', '5257', 'sent', '2020-5-20'),
('Demitrius_Edrick21', '5257', 'sent', '2020-5-18'),
('Joselin_Maree84', '5257', 'denied', '2020-7-5'),
('Lubna_Kymber33', '5257', 'sent', '2020-4-20'),
('Cindel_Guadalupe98', '5257', 'accepted', '2020-10-8'),
('Almon_Hampton44', '5257', 'review', '2020-8-11'),
('Hoyt_Didi33', '5257', 'hired', '2020-1-19'),
('Deshawn_Arabia87', '5257', 'denied', '2020-7-17'),
('Samaria_Kerri99', '3090', 'review', '2020-5-2'),
('Shaune_Tela64', '3090', 'sent', '2020-6-1'),
('Rahmel_Santonio40', '4781', 'accepted', '2020-11-8'),
('Allecia_Kenyanna73', '4781', 'hired', '2020-12-28'),
('Cindel_Guadalupe98', '4781', 'sent', '2020-5-11'),
('Liset_Junior23', '4781', 'denied', '2020-2-27'),
('Barak_Dyna92', '4781', 'review', '2020-12-10'),
('Rashida_Carolyn16', '4781', 'denied', '2020-11-19'),
('Tiffiany_Shawntavia48', '5805', 'sent', '2020-12-4'),
('Hoyt_Didi33', '5805', 'accepted', '2020-9-28'),
('Debora_Lari56', '5805', 'hired', '2020-4-22'),
('Lubna_Kymber33', '5805', 'hired', '2020-9-9'),
('Lanetra_Leevi45', '5805', 'review', '2020-6-28'),
('Janet_Sabah40', '5805', 'denied', '2020-8-27'),
('Hank_Ismeal26', '5805', 'review', '2020-5-25'),
('Christal_Ladarian55', '5805', 'review', '2020-8-18'),
('Aisa_Kati91', '2653', 'hired', '2020-4-28'),
('Nessie_Nuria13', '2653', 'denied', '2020-1-21'),
('Bailee_Lativia36', '2653', 'accepted', '2020-7-1'),
('Cristabel_Nakea27', '2653', 'hired', '2020-8-14'),
('Travers_Delrico59', '2653', 'denied', '2020-12-1'),
('Barak_Dyna92', '2653', 'sent', '2020-3-12'),
('Gareth_Teiara23', '1118', 'hired', '2020-4-25'),
('Billie_Celenia12', '1118', 'denied', '2020-10-4'),
('Deshawn_Arabia87', '1118', 'review', '2020-7-26'),
('Dominquie_Beatrize08', '1118', 'denied', '2020-2-3'),
('Demitrius_Edrick21', '1118', 'sent', '2020-7-14'),
('Habiba_Leila13', '1118', 'denied', '2020-11-20'),
('Aisa_Kati91', '1118', 'accepted', '2020-12-12'),
('Omayra_Jamiah37', '5097', 'accepted', '2020-2-25'),
('Debora_Lari56', '5097', 'hired', '2020-8-4'),
('Deshawn_Arabia87', '5097', 'denied', '2020-2-17'),
('Allecia_Kenyanna73', '5097', 'sent', '2020-5-29'),
('Thoms_Zoila17', '5097', 'sent', '2020-1-21'),
('Hector_Rebakah20', '5097', 'sent', '2020-12-4'),
('Charice_Gill08', '5097', 'accepted', '2020-11-8'),
('Cristabel_Nakea27', '5097', 'sent', '2020-7-12'),
('Habiba_Terrina92', '5097', 'hired', '2020-6-6'),
('Melania_Sonali15', '2802', 'hired', '2020-11-7'),
('Hank_Ismeal26', '2802', 'review', '2020-8-11'),
('Shanica_Cherron68', '2802', 'review', '2020-11-11'),
('Asher_Erron01', '2802', 'hired', '2020-2-25'),
('Debora_Lari56', '2802', 'sent', '2020-8-8'),
('Habiba_Terrina92', '2802', 'review', '2020-6-29'),
('Gadiel_Colleen52', '2802', 'review', '2020-1-1'),
('Omayra_Jamiah37', '2802', 'accepted', '2020-5-12'),
('Shanica_Cherron68', '2525', 'sent', '2020-2-21'),
('Christal_Ladarian55', '2525', 'sent', '2020-4-13'),
('Niomi_Lam79', '2525', 'hired', '2020-1-19'),
('Jamilah_Rima84', '3650', 'sent', '2020-4-25'),
('Lei_Lianna76', '3650', 'hired', '2020-7-14'),
('Asia_Raymont61', '3650', 'accepted', '2020-10-23'),
('Lubna_Kymber33', '3077', 'denied', '2020-9-2'),
('Gessica_Marison34', '3077', 'denied', '2020-2-5'),
('Hector_Rebakah20', '3077', 'sent', '2020-9-27'),
('Griffith_Richrd16', '3077', 'hired', '2020-3-16'),
('Billie_Celenia12', '3077', 'review', '2020-5-20'),
('Bridgid_Dashonda23', '3077', 'accepted', '2020-4-18'),
('Amy_Justis71', '3077', 'sent', '2020-11-27'),
('Samaria_Kerri99', '3323', 'sent', '2020-11-17'),
('Sabrina_Clenton95', '3323', 'review', '2020-6-4'),
('Allecia_Kenyanna73', '3323', 'sent', '2020-1-12'),
('Jamilah_Rima84', '3323', 'sent', '2020-7-15'),
('Toney_Johniece29', '3323', 'review', '2020-10-5'),
('Annais_Louie09', '3323', 'hired', '2020-3-27'),
('Nessa_Tamaya35', '3323', 'accepted', '2020-5-10'),
('Korissa_Rosalinda64', '2387', 'accepted', '2020-5-23'),
('Jocelyn_Anneliese29', '2387', 'accepted', '2020-8-1'),
('Charice_Gill08', '2387', 'accepted', '2020-5-22'),
('Janet_Sabah40', '2387', 'hired', '2020-9-14'),
('Thoms_Zoila17', '2387', 'denied', '2020-8-3'),
('Rahmel_Santonio40', '5028', 'review', '2020-4-8'),
('Melania_Sonali15', '5028', 'denied', '2020-1-9'),
('Kerensa_Atlantis00', '5028', 'accepted', '2020-2-7'),
('Christal_Ladarian55', '5028', 'accepted', '2020-2-23'),
('Saidah_Vanessa50', '5028', 'sent', '2020-8-18'),
('Omayra_Jamiah37', '5028', 'hired', '2020-12-2'),
('Lubna_Kymber33', '5028', 'review', '2020-2-8'),
('Jocelyn_Anneliese29', '5028', 'hired', '2020-1-27'),
('Asher_Erron01', '2155', 'denied', '2020-12-1'),
('Samaria_Kerri99', '2155', 'hired', '2020-12-19'),
('Tamecia_Ezekial01', '2155', 'denied', '2020-11-11'),
('Hakeem_Tabethia97', '1939', 'review', '2020-3-12'),
('Debora_Lari56', '1939', 'sent', '2020-11-7'),
('Liset_Junior23', '1939', 'accepted', '2020-4-27'),
('Jennylyn_Falecia41', '1939', 'accepted', '2020-10-5'),
('Barak_Dyna92', '2620', 'hired', '2020-5-27'),
('Tiffiany_Shawntavia48', '2620', 'sent', '2020-7-20'),
('Gareth_Teiara23', '2620', 'accepted', '2020-5-1'),
('Gessica_Marison34', '2620', 'hired', '2020-2-8'),
('Felcia_Essica22', '2620', 'accepted', '2020-12-13'),
('Asher_Erron01', '2620', 'hired', '2020-12-25'),
('Sallie_Solomon73', '2620', 'denied', '2020-9-14'),
('Tamillia_Irene75', '2461', 'review', '2020-3-20'),
('Nessa_Tamaya35', '2461', 'sent', '2020-12-2'),
('Sesar_Sanford05', '2461', 'denied', '2020-10-29'),
('Aubry_Anaalicia33', '2461', 'sent', '2020-2-3'),
('Kristi_Camisha00', '1004', 'sent', '2020-9-23'),
('Hoyt_Didi33', '1004', 'sent', '2020-8-3'),
('Nessa_Tamaya35', '1004', 'accepted', '2020-9-25'),
('Jamilah_Rima84', '2515', 'sent', '2020-11-10'),
('Hakeem_Tabethia97', '2515', 'sent', '2020-11-5'),
('Hector_Rebakah20', '2515', 'review', '2020-6-17'),
('Aisa_Kati91', '2515', 'denied', '2020-3-19'),
('Nessa_Tamaya35', '2515', 'accepted', '2020-4-17'),
('Habiba_Terrina92', '2515', 'accepted', '2020-10-23'),
('Janet_Sabah40', '2515', 'sent', '2020-9-14'),
('Tamecia_Ezekial01', '4815', 'denied', '2020-2-2'),
('Omayra_Jamiah37', '4815', 'review', '2020-9-5'),
('Jennylyn_Falecia41', '4815', 'denied', '2020-6-10'),
('Shelah_Sindy37', '4815', 'accepted', '2020-8-22'),
('Lubna_Kymber33', '4815', 'review', '2020-8-16'),
('Almon_Hampton44', '5989', 'hired', '2020-3-7'),
('Theresia_Christella54', '5989', 'accepted', '2020-2-16'),
('Samaria_Kerri99', '5989', 'hired', '2020-9-8'),
('Shandrea_Aliza94', '5989', 'sent', '2020-7-5'),
('Travers_Delrico59', '5989', 'review', '2020-1-2'),
('Deshawn_Arabia87', '5989', 'review', '2020-9-10'),
('Aubry_Anaalicia33', '5989', 'hired', '2020-2-10'),
('Thoms_Zoila17', '4807', 'accepted', '2020-9-4'),
('Toney_Johniece29', '4807', 'review', '2020-7-5'),
('Debora_Lari56', '4807', 'hired', '2020-4-20'),
('Davidmichael_Prestina07', '4807', 'denied', '2020-12-19'),
('Jathan_Lateefah37', '2291', 'review', '2020-12-13'),
('Donnette_Lainie89', '2291', 'hired', '2020-1-29'),
('Theresia_Christella54', '2291', 'sent', '2020-9-15'),
('Kentrel_Jessyca41', '2291', 'accepted', '2020-2-16'),
('Sesar_Sanford05', '2291', 'accepted', '2020-1-18'),
('Gessica_Marison34', '4295', 'sent', '2020-5-28'),
('Errica_Darnella17', '4295', 'hired', '2020-10-20'),
('Marlys_Siena13', '4295', 'denied', '2020-12-6'),
('Shaune_Tela64', '4295', 'hired', '2020-3-7'),
('Hank_Ismeal26', '4295', 'hired', '2020-4-23'),
('Hoyt_Didi33', '4295', 'hired', '2020-3-4'),
('Jennylyn_Falecia41', '2170', 'sent', '2020-5-8'),
('Shanica_Cherron68', '2170', 'accepted', '2020-3-26'),
('Lubna_Kymber33', '2170', 'denied', '2020-1-13'),
('Matthew_Alnisa33', '2170', 'accepted', '2020-11-2'),
('Toney_Johniece29', '2170', 'accepted', '2020-7-26'),
('Davidmichael_Prestina07', '2170', 'hired', '2020-11-9'),
('Alexa_Sadae67', '2170', 'review', '2020-9-17'),
('Rheannon_Mary73', '2170', 'review', '2020-8-1'),
('Chastity_Damico48', '2170', 'sent', '2020-3-5'),
('Cindel_Guadalupe98', '2905', 'hired', '2020-4-27'),
('Cristabel_Nakea27', '2905', 'hired', '2020-4-24'),
('Lubna_Kymber33', '2905', 'sent', '2020-9-20'),
('Chastity_Damico48', '2905', 'accepted', '2020-11-28'),
('Gadiel_Colleen52', '2905', 'denied', '2020-6-29'),
('Nyshia_Dray84', '2905', 'review', '2020-10-20'),
('Sabrina_Clenton95', '2905', 'accepted', '2020-8-9'),
('Aisa_Kati91', '2905', 'accepted', '2020-1-17'),
('Shandrea_Aliza94', '1853', 'hired', '2020-7-16'),
('Luisalberto_Durel69', '1853', 'sent', '2020-11-24'),
('Asher_Erron01', '1853', 'hired', '2020-8-12'),
('Christal_Ladarian55', '1853', 'denied', '2020-4-18'),
('Jamilah_Rima84', '1853', 'accepted', '2020-8-28'),
('Samaria_Kerri99', '1853', 'sent', '2020-11-10'),
('Asia_Raymont61', '1853', 'review', '2020-5-25'),
('Sabrina_Clenton95', '1853', 'denied', '2020-5-20'),
('Samaria_Kerri99', '4192', 'sent', '2020-2-11'),
('Eunice_Eden91', '4192', 'denied', '2020-11-13'),
('Deshawn_Arabia87', '4192', 'sent', '2020-12-15'),
('Kunal_Tameca31', '4192', 'review', '2020-5-19'),
('Gadiel_Colleen52', '4192', 'accepted', '2020-1-20'),
('Angalena_Marena41', '4192', 'sent', '2020-3-17'),
('Kerensa_Atlantis00', '4192', 'denied', '2020-1-16'),
('Melania_Sonali15', '4192', 'hired', '2020-8-7'),
('Tamecia_Ezekial01', '4192', 'review', '2020-8-22'),
('Deshawn_Arabia87', '5749', 'accepted', '2020-4-20'),
('Vincenzo_Tyrus24', '5749', 'denied', '2020-9-3'),
('Errica_Darnella17', '5749', 'accepted', '2020-7-23'),
('Bridgid_Dashonda23', '5749', 'denied', '2020-11-28'),
('Rahmel_Santonio40', '5749', 'accepted', '2020-9-17'),
('Rashida_Carolyn16', '5749', 'denied', '2020-11-29'),
('Charice_Gill08', '5749', 'sent', '2020-10-4'),
('Debora_Lari56', '5749', 'hired', '2020-2-25'),
('Juleah_Keesa37', '4355', 'accepted', '2020-5-25'),
('Hakeem_Tabethia97', '4355', 'sent', '2020-9-3'),
('Kentrel_Jessyca41', '4355', 'accepted', '2020-8-4'),
('Jathan_Lateefah37', '4355', 'denied', '2020-8-18'),
('Hector_Rebakah20', '3514', 'denied', '2020-7-18'),
('Shandrea_Aliza94', '3514', 'denied', '2020-8-9'),
('Omayra_Jamiah37', '3514', 'denied', '2020-10-14'),
('Errica_Darnella17', '3514', 'hired', '2020-8-13'),
('Chastity_Damico48', '3514', 'denied', '2020-6-15'),
('Kerensa_Atlantis00', '3514', 'review', '2020-7-24'),
('Shaune_Tela64', '3514', 'accepted', '2020-10-11'),
('Rahmel_Santonio40', '3514', 'denied', '2020-5-6'),
('Shelah_Sindy37', '3514', 'review', '2020-7-4'),
('Cristela_Katryn13', '4137', 'accepted', '2020-5-10'),
('Saleena_Aldo44', '4137', 'denied', '2020-5-17'),
('Thelbert_Micaiah11', '4137', 'accepted', '2020-2-27'),
('Pamala_Shantrice64', '4137', 'sent', '2020-3-18'),
('Gareth_Teiara23', '4137', 'sent', '2020-7-10'),
('Rashida_Carolyn16', '4137', 'accepted', '2020-3-17'),
('Travers_Delrico59', '5942', 'accepted', '2020-12-26'),
('Antionio_Kennon00', '5942', 'sent', '2020-2-28'),
('Cindel_Guadalupe98', '5942', 'denied', '2020-1-1'),
('Allecia_Kenyanna73', '5942', 'sent', '2020-4-2'),
('Marlys_Siena13', '5942', 'denied', '2020-4-29'),
('Lanetra_Leevi45', '5942', 'denied', '2020-1-3'),
('Shanica_Cherron68', '5942', 'sent', '2020-6-16'),
('Asher_Erron01', '5942', 'accepted', '2020-2-16'),
('Hector_Rebakah20', '5942', 'denied', '2020-9-27'),
('Antionio_Kennon00', '4096', 'review', '2020-8-6'),
('Thoms_Zoila17', '4096', 'review', '2020-6-5'),
('Mar_Elbert32', '3678', 'denied', '2020-12-2'),
('Sudeep_Stormey81', '3678', 'accepted', '2020-12-9'),
('Niomi_Lam79', '1109', 'denied', '2020-12-3'),
('Asher_Erron01', '1109', 'denied', '2020-8-17'),
('Donnette_Lainie89', '1109', 'denied', '2020-8-15'),
('Cristabel_Nakea27', '1109', 'hired', '2020-11-10'),
('Nessa_Tamaya35', '5943', 'denied', '2020-12-20'),
('Habiba_Terrina92', '5943', 'hired', '2020-7-4'),
('Davidmichael_Prestina07', '5943', 'accepted', '2020-9-28'),
('Luisalberto_Durel69', '5943', 'sent', '2020-11-12'),
('Angalena_Marena41', '5943', 'accepted', '2020-8-5'),
('Warren_Tonnetta02', '5943', 'hired', '2020-12-28'),
('Annais_Louie09', '5943', 'accepted', '2020-10-6'),
('Charice_Gill08', '5943', 'accepted', '2020-3-2'),
('Pamala_Shantrice64', '2772', 'hired', '2020-11-25'),
('Habiba_Leila13', '2772', 'denied', '2020-2-6'),
('Donnette_Lainie89', '2772', 'hired', '2020-2-1'),
('Sesar_Sanford05', '2772', 'sent', '2020-12-18'),
('Demitrius_Edrick21', '2880', 'denied', '2020-5-14'),
('Talina_Sidra17', '2880', 'accepted', '2020-5-29'),
('Davidmichael_Prestina07', '2880', 'denied', '2020-5-14'),
('Tiffiany_Shawntavia48', '2880', 'accepted', '2020-3-26'),
('Omayra_Jamiah37', '1126', 'review', '2020-10-17'),
('Shelah_Sindy37', '1126', 'hired', '2020-7-24'),
('Marlys_Siena13', '1126', 'sent', '2020-9-28'),
('Tamecia_Ezekial01', '1126', 'sent', '2020-9-17'),
('Angalena_Marena41', '1126', 'denied', '2020-4-29'),
('Liset_Junior23', '1126', 'hired', '2020-1-12'),
('Kerensa_Atlantis00', '1126', 'sent', '2020-1-19'),
('Cindel_Guadalupe98', '1126', 'review', '2020-7-24'),
('Bridgid_Dashonda23', '1126', 'hired', '2020-10-11'),
('Annais_Louie09', '3183', 'review', '2020-7-6'),
('Melania_Sonali15', '3183', 'hired', '2020-11-22'),
('Tiffiany_Shawntavia48', '3183', 'denied', '2020-5-23'),
('Brynn_Keil53', '3183', 'hired', '2020-7-22'),
('Almon_Hampton44', '3183', 'hired', '2020-4-7'),
('Davidmichael_Prestina07', '3183', 'denied', '2020-10-3'),
('Habiba_Terrina92', '3643', 'denied', '2020-3-19'),
('Asia_Raymont61', '3643', 'sent', '2020-4-21'),
('Matthew_Alnisa33', '3643', 'accepted', '2020-5-16'),
('Sophanna_Carmilla09', '3643', 'accepted', '2020-4-16'),
('Mar_Elbert32', '4188', 'sent', '2020-6-10'),
('Errica_Darnella17', '4188', 'sent', '2020-5-17'),
('Brionne_Anastasha17', '4188', 'denied', '2020-3-21'),
('Amy_Justis71', '4188', 'review', '2020-11-15'),
('Bridgid_Dashonda23', '4188', 'hired', '2020-8-2'),
('Gareth_Teiara23', '4188', 'denied', '2020-7-16'),
('Omayra_Jamiah37', '4188', 'denied', '2020-1-12'),
('Juleah_Keesa37', '4188', 'hired', '2020-4-11'),
('Felcia_Essica22', '4188', 'sent', '2020-4-29'),
('Shelah_Sindy37', '1329', 'review', '2020-3-8'),
('Davidmichael_Prestina07', '1329', 'accepted', '2020-4-4'),
('Cindel_Guadalupe98', '1329', 'review', '2020-3-14');

DELETE FROM EmployerCC;
INSERT INTO EmployerCC(EmployerUserName, CCNumber)
VALUES ('Jerika_Rush54', '4982982509012594'),
('Jerika_Rush54', '6592481041195029'),
('Bertina_Segundo13', '7503542295200909'),
('Anselmo_Abdel90', '1060215139005473'),
('Anselmo_Abdel90', '4484312442125899'),
('Jennalee_Lovely21', '5670422854474249'),
('Jennalee_Lovely21', '0788488733554237'),
('Jennalee_Lovely21', '8427862957542321'),
('Jennalee_Lovely21', '2941466713960677'),
('Hebert_Monik76', '1002014854071305'),
('Hebert_Monik76', '5406051965407457'),
('Willow_Anina32', '4872432026897334'),
('Willow_Anina32', '2987129102783331'),
('Willow_Anina32', '7381392185078808'),
('Willow_Anina32', '8357022396942424'),
('Ineisha_Storm44', '3237393657916318'),
('Ineisha_Storm44', '3586799541052496'),
('Natisha_Jamario94', '5380841316145457'),
('Natisha_Jamario94', '9872445183522552'),
('Natisha_Jamario94', '2915572471024753'),
('Natisha_Jamario94', '6262250454907218'),
('Branigan_Tyna33', '4474412601446848'),
('Branigan_Tyna33', '5311648015277143'),
('Branigan_Tyna33', '1542911297622407'),
('Kandra_Willaim72', '4407656243229215'),
('Kandra_Willaim72', '8966751628309346'),
('Takia_Armon86', '9149101978340309'),
('Takia_Armon86', '2655765736506772'),
('Ananias_Jessa60', '9847979996305251'),
('Ananias_Jessa60', '6042656470195390'),
('Ananias_Jessa60', '8462046948218380'),
('Ananias_Jessa60', '8335842080592313'),
('Travis_Georganne46', '0665446241536234'),
('Travis_Georganne46', '1067697051449732'),
('Travis_Georganne46', '8966948655508155'),
('Travis_Georganne46', '9674885483001776'),
('Shyanne_Jenine71', '8813288202880400'),
('Shyanne_Jenine71', '7054326667445316'),
('Fidel_Jonh00', '2755407768142897'),
('Sherrod_Felisa40', '7088626137388244'),
('Sherrod_Felisa40', '8087686103994836'),
('Amara_Ruel67', '9390238487099324'),
('Amara_Ruel67', '9887379364900974'),
('Amara_Ruel67', '1405362455401133'),
('Amara_Ruel67', '3379074644731302'),
('Barett_Ashiya48', '9156446679057742'),
('Martina_Nastasia87', '6427186763811514'),
('Cleve_Ida62', '9218088226336858'),
('Cleve_Ida62', '4139154359458440'),
('Cleve_Ida62', '5750600917195203'),
('Edin_Kyrstle35', '1701324484820194'),
('Edin_Kyrstle35', '5989393361926908'),
('Edin_Kyrstle35', '0089558247476743'),
('Evaristo_Teralyn91', '5530368659489793'),
('Ivana_Esau18', '7229849136722866'),
('Ivana_Esau18', '4011785603450417'),
('Flossie_Amamda48', '1674973521652487'),
('Flossie_Amamda48', '3347645002886386'),
('Nicollette_Ryon23', '4687946181415968'),
('Woody_Yisroel94', '0483234082961539'),
('Ronnel_Kari50', '3542251548204387'),
('Ronnel_Kari50', '8221444759712692'),
('Ronnel_Kari50', '4218595527621185'),
('Ronnel_Kari50', '7856907741245584'),
('Chadrick_Kyeshia99', '1594037991666528'),
('Chadrick_Kyeshia99', '6627234267761626'),
('Genine_Arionne46', '4073374700205997'),
('Liz_Kahla75', '6711830022076011'),
('Liz_Kahla75', '8301530877200568'),
('Liz_Kahla75', '8181805067925756'),
('Liz_Kahla75', '3587199978729453'),
('Evann_Lynsie98', '2916486634841497'),
('Nakeita_Scott34', '6089500491710751'),
('Nakeita_Scott34', '0790334708091135'),
('Donita_Sharmaine61', '2376366038017804'),
('Donita_Sharmaine61', '9646778802747151'),
('Laterra_Deshannon66', '4770902489069560'),
('Laterra_Deshannon66', '0055663002252771'),
('Laterra_Deshannon66', '8983960221488006'),
('Laterra_Deshannon66', '1953617484520421'),
('Veronia_Jaunita26', '0795445974240089'),
('Veronia_Jaunita26', '9425884424834676'),
('Veronia_Jaunita26', '2960593290021429'),
('Veronia_Jaunita26', '4875229726512783'),
('Britaney_Deona64', '0352283794213139'),
('Britaney_Deona64', '4560286757325340'),
('Britaney_Deona64', '2083500065212229'),
('Felisha_Abril58', '3766456707909245'),
('Felisha_Abril58', '8388756099487810'),
('Felisha_Abril58', '0825916193585964'),
('Felisha_Abril58', '7459159487639675'),
('Marlo_Lyonel42', '2781002496341972'),
('Marlo_Lyonel42', '8098893850351524'),
('Marlo_Lyonel42', '6812229892909512'),
('Mallorie_Rennie40', '1879954834890599'),
('Christna_Tor49', '9850814711149667'),
('Laurine_Lemuel44', '7121401921752426'),
('Laurine_Lemuel44', '9130891731856231'),
('Laurine_Lemuel44', '1497097371777085'),
('Laurine_Lemuel44', '8312659841338390'),
('Percival_Celenia47', '5564702149253564'),
('Percival_Celenia47', '9839603604843742'),
('Sierra_Erek07', '2949505188339176'),
('Sierra_Erek07', '0160717890527400'),
('Sierra_Erek07', '2576339716874786'),
('Sierra_Erek07', '7035711731882116'),
('Kahley_Dajuan01', '5695652397854065'),
('Kahley_Dajuan01', '1428434446827725'),
('Kahley_Dajuan01', '2943966635169344'),
('Malik_Denishia59', '2714100314326104'),
('Jerika_Shequitta73', '9965590411666557'),
('Jerika_Shequitta73', '6029751100959868'),
('Jerika_Shequitta73', '1561800751019531'),
('Loreen_Yasmine35', '3865554564671073'),
('Loreen_Yasmine35', '3553187326133277'),
('Loreen_Yasmine35', '4169573380115544'),
('Loreen_Yasmine35', '9203366825330695'),
('Candi_Kerianne33', '3780470330665739'),
('Candi_Kerianne33', '4867508906967247'),
('Candi_Kerianne33', '2180902970977964'),
('Candi_Kerianne33', '9977390601939992'),
('Tenita_Britainy11', '7241320954110444'),
('Tenita_Britainy11', '3921924871689549'),
('Tenita_Britainy11', '2381603888664252'),
('Tenita_Britainy11', '9172485155833660'),
('Hasina_Jamol26', '7521604730398183'),
('Hasina_Jamol26', '2189773626525166'),
('Hasina_Jamol26', '4216881747796224'),
('Hasina_Jamol26', '4815394702224037');

DELETE FROM EmployerPAD;
INSERT INTO EmployerPAD(EmployerUserName, AccountNumber)
VALUES ('Jerika_Rush54', '3191857'),
('Jerika_Rush54', '1605911'),
('Jerika_Rush54', '8743421'),
('Jerika_Rush54', '3939756'),
('Bertina_Segundo13', '1770082'),
('Bertina_Segundo13', '9364819'),
('Bertina_Segundo13', '9372549'),
('Bertina_Segundo13', '5550173'),
('Anselmo_Abdel90', '5912700'),
('Anselmo_Abdel90', '7396587'),
('Anselmo_Abdel90', '0493322'),
('Jennalee_Lovely21', '2036675'),
('Jennalee_Lovely21', '5227793'),
('Hebert_Monik76', '0502098'),
('Hebert_Monik76', '3641502'),
('Hebert_Monik76', '3321805'),
('Willow_Anina32', '2087822'),
('Willow_Anina32', '1171782'),
('Willow_Anina32', '5134980'),
('Ineisha_Storm44', '0301024'),
('Ineisha_Storm44', '1274626'),
('Ineisha_Storm44', '8004520'),
('Natisha_Jamario94', '8940148'),
('Natisha_Jamario94', '0084117'),
('Natisha_Jamario94', '4369244'),
('Natisha_Jamario94', '4910832'),
('Branigan_Tyna33', '1791888'),
('Branigan_Tyna33', '3703713'),
('Branigan_Tyna33', '4529233'),
('Branigan_Tyna33', '6314694'),
('Kandra_Willaim72', '8392303'),
('Kandra_Willaim72', '9904703'),
('Kandra_Willaim72', '9831862'),
('Kandra_Willaim72', '1739868'),
('Takia_Armon86', '8738129'),
('Takia_Armon86', '6731742'),
('Ananias_Jessa60', '5090668'),
('Ananias_Jessa60', '2967405'),
('Travis_Georganne46', '1071313'),
('Travis_Georganne46', '5411796'),
('Travis_Georganne46', '3659349'),
('Shyanne_Jenine71', '8894693'),
('Shyanne_Jenine71', '4491408'),
('Fidel_Jonh00', '5531973'),
('Fidel_Jonh00', '8717582'),
('Fidel_Jonh00', '5059761'),
('Sherrod_Felisa40', '2670815'),
('Sherrod_Felisa40', '1296187'),
('Sherrod_Felisa40', '6948638'),
('Sherrod_Felisa40', '3759014'),
('Amara_Ruel67', '8390763'),
('Barett_Ashiya48', '3276285'),
('Barett_Ashiya48', '3373319'),
('Barett_Ashiya48', '5655068'),
('Barett_Ashiya48', '0462752'),
('Martina_Nastasia87', '2801904'),
('Martina_Nastasia87', '2683545'),
('Martina_Nastasia87', '3926997'),
('Cleve_Ida62', '6037327'),
('Cleve_Ida62', '8803185'),
('Cleve_Ida62', '0692417'),
('Cleve_Ida62', '9016630'),
('Edin_Kyrstle35', '6974004'),
('Edin_Kyrstle35', '8074855'),
('Edin_Kyrstle35', '6095770'),
('Evaristo_Teralyn91', '3864749'),
('Ivana_Esau18', '3523035'),
('Flossie_Amamda48', '7399439'),
('Flossie_Amamda48', '4528607'),
('Flossie_Amamda48', '0192562'),
('Flossie_Amamda48', '5683949'),
('Nicollette_Ryon23', '1660526'),
('Nicollette_Ryon23', '4681529'),
('Nicollette_Ryon23', '0252503'),
('Woody_Yisroel94', '1226305'),
('Woody_Yisroel94', '5206566'),
('Woody_Yisroel94', '5802255'),
('Ronnel_Kari50', '3829103'),
('Ronnel_Kari50', '3427357'),
('Ronnel_Kari50', '0502077'),
('Ronnel_Kari50', '7364479'),
('Chadrick_Kyeshia99', '7674831'),
('Genine_Arionne46', '3947542'),
('Genine_Arionne46', '8951351'),
('Liz_Kahla75', '7049739'),
('Liz_Kahla75', '9901558'),
('Liz_Kahla75', '0124462'),
('Evann_Lynsie98', '0164968'),
('Evann_Lynsie98', '3832891'),
('Nakeita_Scott34', '3022012'),
('Nakeita_Scott34', '9510872'),
('Nakeita_Scott34', '7800848'),
('Donita_Sharmaine61', '3574000'),
('Laterra_Deshannon66', '2273139'),
('Laterra_Deshannon66', '2203139'),
('Laterra_Deshannon66', '6891390'),
('Laterra_Deshannon66', '4014270'),
('Veronia_Jaunita26', '0599663'),
('Veronia_Jaunita26', '6064525'),
('Britaney_Deona64', '4361152'),
('Britaney_Deona64', '2970799'),
('Britaney_Deona64', '0438674'),
('Felisha_Abril58', '8642635'),
('Felisha_Abril58', '8303970'),
('Felisha_Abril58', '5335487'),
('Marlo_Lyonel42', '6528837'),
('Marlo_Lyonel42', '9454028'),
('Mallorie_Rennie40', '9483379'),
('Mallorie_Rennie40', '8667681'),
('Mallorie_Rennie40', '4369800'),
('Christna_Tor49', '7814168'),
('Christna_Tor49', '1803730'),
('Christna_Tor49', '3312632'),
('Laurine_Lemuel44', '3061590'),
('Percival_Celenia47', '4966923'),
('Percival_Celenia47', '0465068'),
('Sierra_Erek07', '9246928'),
('Sierra_Erek07', '7974323'),
('Kahley_Dajuan01', '8980269'),
('Kahley_Dajuan01', '9132754'),
('Malik_Denishia59', '1070526'),
('Malik_Denishia59', '8241002'),
('Jerika_Shequitta73', '9659765'),
('Jerika_Shequitta73', '6893391'),
('Jerika_Shequitta73', '1441126'),
('Jerika_Shequitta73', '1399245'),
('Loreen_Yasmine35', '0409310'),
('Candi_Kerianne33', '1495391'),
('Tenita_Britainy11', '5418098'),
('Tenita_Britainy11', '4543307'),
('Hasina_Jamol26', '4682628');

DELETE FROM ApplicantCC;
INSERT INTO ApplicantCC(ApplicantUserName, CCNumber)
VALUES ('Mar_Elbert32', '5303706125525911'),
('Mar_Elbert32', '1294912626531741'),
('Mar_Elbert32', '8130065139372086'),
('Mar_Elbert32', '0604511023261903'),
('Deshawn_Arabia87', '6555113474233337'),
('Deshawn_Arabia87', '9961295394136451'),
('Sesar_Sanford05', '1688674947768472'),
('Annais_Louie09', '1164603227886392'),
('Annais_Louie09', '4743817134334176'),
('Antionio_Kennon00', '7131153832931006'),
('Antionio_Kennon00', '5733895298160693'),
('Antionio_Kennon00', '7069162904065422'),
('Bailee_Lativia36', '7039594035837521'),
('Lanetra_Leevi45', '9093449123202745'),
('Lanetra_Leevi45', '3311266101732320'),
('Lanetra_Leevi45', '0027455162631528'),
('Lanetra_Leevi45', '1600394735027231'),
('Toney_Johniece29', '4184901002330305'),
('Toney_Johniece29', '5466657379577190'),
('Omayra_Jamiah37', '2738871833965815'),
('Omayra_Jamiah37', '5689419391557888'),
('Omayra_Jamiah37', '7419161706775876'),
('Cristabel_Nakea27', '1649760803052248'),
('Cristabel_Nakea27', '0112604167651868'),
('Griffith_Richrd16', '7844915082417807'),
('Griffith_Richrd16', '6800250527120905'),
('Liset_Junior23', '0775341411119937'),
('Liset_Junior23', '9915348873819944'),
('Liset_Junior23', '2834942871186399'),
('Sudeep_Stormey81', '2189956353937091'),
('Sudeep_Stormey81', '4643781374139309'),
('Sudeep_Stormey81', '7747745413292802'),
('Warren_Tonnetta02', '3514231443502457'),
('Warren_Tonnetta02', '2225366533662534'),
('Warren_Tonnetta02', '9673077932954756'),
('Warren_Tonnetta02', '1815112649018496'),
('Aisa_Kati91', '7394366929389795'),
('Aisa_Kati91', '5016790703221097'),
('Aisa_Kati91', '5574515319677714'),
('Brynn_Keil53', '5160885601588229'),
('Asia_Raymont61', '1952828465358524'),
('Asia_Raymont61', '0004551424818090'),
('Asia_Raymont61', '6334077707502549'),
('Asia_Raymont61', '8759610707393803'),
('Charice_Gill08', '1373171078811286'),
('Charice_Gill08', '3687825099915643'),
('Charice_Gill08', '7689794505467869'),
('Charice_Gill08', '7309987984684141'),
('Matthew_Alnisa33', '7573621433997657'),
('Matthew_Alnisa33', '8260066966213425'),
('Matthew_Alnisa33', '7316490229471859'),
('Matthew_Alnisa33', '9476631379648315'),
('Tiffiany_Shawntavia48', '4952663358919221'),
('Tiffiany_Shawntavia48', '9937899631730902'),
('Tiffiany_Shawntavia48', '6163180277351079'),
('Tiffiany_Shawntavia48', '9375076012548500'),
('Sallie_Solomon73', '8253847278572155'),
('Lubna_Kymber33', '1401822780485517'),
('Lubna_Kymber33', '6251278086047359'),
('Kunal_Tameca31', '0969271948372831'),
('Kunal_Tameca31', '7405180212940615'),
('Kunal_Tameca31', '1151484295864197'),
('Kunal_Tameca31', '3830829930861739'),
('Gadiel_Colleen52', '8654720124321065'),
('Gadiel_Colleen52', '0815731702190087'),
('Gadiel_Colleen52', '7413280795399087'),
('Gadiel_Colleen52', '7004089723777623'),
('Melania_Sonali15', '2068660011634904'),
('Melania_Sonali15', '0960981404314968'),
('Nessa_Tamaya35', '9008717228206786'),
('Nessa_Tamaya35', '3722155884422370'),
('Rahmel_Santonio40', '3345730209723672'),
('Rahmel_Santonio40', '3566132680224063'),
('Niomi_Lam79', '0841727867262627'),
('Niomi_Lam79', '3878328322706403'),
('Niomi_Lam79', '4324204396597889'),
('Kerensa_Atlantis00', '4888541806073486'),
('Kerensa_Atlantis00', '2495177272566122'),
('Hector_Rebakah20', '4290972072417145'),
('Theresia_Christella54', '9221007671062349'),
('Theresia_Christella54', '3081866317279607'),
('Alexa_Sadae67', '7901916839868905'),
('Alexa_Sadae67', '9109850902866505'),
('Alexa_Sadae67', '3923245477686209'),
('Rheannon_Mary73', '7797948969430027'),
('Rheannon_Mary73', '5780935361968488'),
('Debora_Lari56', '0018498519148017'),
('Debora_Lari56', '6879914801301115'),
('Debora_Lari56', '3831786919589971'),
('Cristela_Katryn13', '7922378003032115'),
('Cristela_Katryn13', '2903116897808346'),
('Cristela_Katryn13', '2797640115395107'),
('Cristela_Katryn13', '1039089306610618'),
('Angalena_Marena41', '4896445917588925'),
('Angalena_Marena41', '6918025445559302'),
('Thelbert_Micaiah11', '0893980816077173'),
('Thelbert_Micaiah11', '4705731785306634'),
('Thelbert_Micaiah11', '2404383731178847'),
('Thelbert_Micaiah11', '1720099193380297'),
('Kentrel_Jessyca41', '9863551969169112'),
('Kentrel_Jessyca41', '1679028035626789'),
('Kentrel_Jessyca41', '9937930731777391'),
('Saidah_Vanessa50', '4265608228589528'),
('Gessica_Marison34', '0096830591091797'),
('Gessica_Marison34', '3195934591696912'),
('Gessica_Marison34', '1969689482436381'),
('Korissa_Rosalinda64', '1749412165612237'),
('Korissa_Rosalinda64', '5635401256228275'),
('Jamilah_Rima84', '0118469997568179'),
('Samaria_Kerri99', '2523166805337846'),
('Samaria_Kerri99', '1643124632384730'),
('Habiba_Leila13', '9451386392991548'),
('Habiba_Leila13', '5996949657091939'),
('Christal_Ladarian55', '9247196098463814'),
('Christal_Ladarian55', '1201299243438677'),
('Christal_Ladarian55', '1115174348044478'),
('Christal_Ladarian55', '3847039155707996'),
('Demitrius_Edrick21', '7317531752612867'),
('Demitrius_Edrick21', '7981192399040343'),
('Almon_Hampton44', '3839460928134462'),
('Almon_Hampton44', '2600041544544610'),
('Almon_Hampton44', '7042386946295198'),
('Almon_Hampton44', '3417647884391651'),
('Gareth_Teiara23', '3721654636923713'),
('Gareth_Teiara23', '7257456293419102'),
('Gareth_Teiara23', '0646180453173714'),
('Habiba_Terrina92', '4236955643350968'),
('Jathan_Lateefah37', '3005623676157316'),
('Jathan_Lateefah37', '6748310889003567'),
('Jathan_Lateefah37', '5571510404215939'),
('Shanica_Cherron68', '2690481219732999'),
('Shanica_Cherron68', '2952730846574254'),
('Jebediah_Lemario54', '0071570362450701'),
('Sophanna_Carmilla09', '7246057653401898'),
('Sophanna_Carmilla09', '0101523038969236'),
('Shaune_Tela64', '6429646925649151'),
('Shaune_Tela64', '9087885283768234'),
('Shaune_Tela64', '9955139066053263'),
('Brionne_Anastasha17', '1396803948969251'),
('Brionne_Anastasha17', '6579621762239065'),
('Brionne_Anastasha17', '3515227503399132'),
('Bridgid_Dashonda23', '9629699304054109'),
('Bridgid_Dashonda23', '8952861227258793'),
('Bridgid_Dashonda23', '7754525547206465'),
('Felcia_Essica22', '3656884366889219'),
('Felcia_Essica22', '1431539165184122'),
('Allecia_Kenyanna73', '0831403568934139'),
('Allecia_Kenyanna73', '9028378453899164'),
('Sabrina_Clenton95', '3954310010579552'),
('Thoms_Zoila17', '1366009950198099'),
('Thoms_Zoila17', '7448228351783100'),
('Thoms_Zoila17', '0817445841501030'),
('Gasper_Ramel13', '3024078204986289'),
('Gasper_Ramel13', '4419060197573737'),
('Shelah_Sindy37', '1373654613279852'),
('Shelah_Sindy37', '4651304076826834'),
('Shelah_Sindy37', '0289683727898575'),
('Janet_Sabah40', '1568077019086074'),
('Janet_Sabah40', '4336410516827585'),
('Janet_Sabah40', '7663128021849728'),
('Vincenzo_Tyrus24', '4255227927370070'),
('Vincenzo_Tyrus24', '5105828131850667'),
('Aubry_Anaalicia33', '7491644640062296'),
('Aubry_Anaalicia33', '5133911299824796'),
('Travers_Delrico59', '9952177220966007'),
('Travers_Delrico59', '6914433752902647'),
('Travers_Delrico59', '8924345124798522'),
('Hoyt_Didi33', '1520967384836713'),
('Davidmichael_Prestina07', '2512703225429228'),
('Davidmichael_Prestina07', '6748970993616578'),
('Davidmichael_Prestina07', '0273197511335543'),
('Nyshia_Dray84', '0159933876617499'),
('Barak_Dyna92', '0780539069964011'),
('Barak_Dyna92', '8857561388144888'),
('Barak_Dyna92', '8898569876455843'),
('Tamillia_Irene75', '3272776187879319'),
('Tamillia_Irene75', '1637770618612671'),
('Tamillia_Irene75', '7891886101942751'),
('Tamillia_Irene75', '5981185494736574'),
('Kristi_Camisha00', '0891493793746494'),
('Kristi_Camisha00', '0349883411138545'),
('Dominquie_Beatrize08', '6595301841526219'),
('Dominquie_Beatrize08', '9137599893315927'),
('Donnette_Lainie89', '0192160030455995'),
('Donnette_Lainie89', '7380555582703351'),
('Donnette_Lainie89', '7673113186651746'),
('Chastity_Damico48', '2636711526768983'),
('Lei_Lianna76', '4093323137723523'),
('Lei_Lianna76', '3700452178830905'),
('Lei_Lianna76', '1859737628028284'),
('Juleah_Keesa37', '0325818018601823'),
('Amy_Justis71', '4105347501121206'),
('Amy_Justis71', '0434566483342603'),
('Amy_Justis71', '4556797023884489'),
('Amy_Justis71', '2986672424733088'),
('Jennylyn_Falecia41', '6257619512078346'),
('Jennylyn_Falecia41', '6217716356706473'),
('Jennylyn_Falecia41', '3672367871643228'),
('Pamala_Shantrice64', '7458714104097101'),
('Pamala_Shantrice64', '8392287449369804'),
('Pamala_Shantrice64', '6835657743642379'),
('Joselin_Maree84', '1904207425702475'),
('Joselin_Maree84', '5362615991903009'),
('Brandonlee_Genette12', '5273987830015949'),
('Brandonlee_Genette12', '5357645952714535'),
('Brandonlee_Genette12', '1552999278523391'),
('Brandonlee_Genette12', '8694414663900412'),
('Saleena_Aldo44', '8145088486789689'),
('Saleena_Aldo44', '4009118906366647'),
('Hakeem_Tabethia97', '8736979799601642'),
('Hakeem_Tabethia97', '7960690484077228'),
('Luisalberto_Durel69', '8967142202911077'),
('Luisalberto_Durel69', '6289973998442857'),
('Luisalberto_Durel69', '5233113174869761'),
('Luisalberto_Durel69', '0451732390147397'),
('Shandrea_Aliza94', '0185186447619392'),
('Baudelio_Romell42', '9757539243606651'),
('Baudelio_Romell42', '6989576150220183'),
('Baudelio_Romell42', '1534486330345073'),
('Hank_Ismeal26', '8669592869750988'),
('Talina_Sidra17', '7782035248640023'),
('Talina_Sidra17', '9867485831442299'),
('Talina_Sidra17', '6061843424634807'),
('Talina_Sidra17', '6701034963554023'),
('Marlys_Siena13', '2201505730039611'),
('Marlys_Siena13', '0333832932756507'),
('Marlys_Siena13', '2249365191609456'),
('Marlys_Siena13', '3432699907839784'),
('Jocelyn_Anneliese29', '0398458764218224'),
('Jocelyn_Anneliese29', '2436050191401707'),
('Nessie_Nuria13', '2649087547998209'),
('Jestine_Shaelynn27', '2637574625096044'),
('Billie_Celenia12', '9549746224006651'),
('Billie_Celenia12', '1937878697314061'),
('Billie_Celenia12', '2632427458443950'),
('Errica_Darnella17', '1894342702551195'),
('Errica_Darnella17', '9655077567662435'),
('Errica_Darnella17', '2346449429189883'),
('Rashida_Carolyn16', '4681804770058398'),
('Rashida_Carolyn16', '0722930325271869'),
('Rashida_Carolyn16', '0666328975873144'),
('Tamecia_Ezekial01', '7461009944073506'),
('Eunice_Eden91', '7081494919341549'),
('Eunice_Eden91', '1862362504680535'),
('Eunice_Eden91', '3575796394670223'),
('Asher_Erron01', '6399458392546220'),
('Asher_Erron01', '0395412339140280'),
('Asher_Erron01', '1321616851754380'),
('Asher_Erron01', '9139730197787780'),
('Cindel_Guadalupe98', '4781123362808807'),
('Cindel_Guadalupe98', '6418956770953869'),
('Cindel_Guadalupe98', '8185938506675310'),
('Cindel_Guadalupe98', '7094920001525753');

DELETE FROM ApplicantPAD;
INSERT INTO ApplicantPAD(ApplicantUserName, AccountNumber)
VALUES ('Mar_Elbert32', '1249620'),
('Mar_Elbert32', '6648335'),
('Deshawn_Arabia87', '5673931'),
('Deshawn_Arabia87', '6640215'),
('Deshawn_Arabia87', '5889310'),
('Deshawn_Arabia87', '6849741'),
('Sesar_Sanford05', '5194289'),
('Annais_Louie09', '0036998'),
('Annais_Louie09', '2002881'),
('Antionio_Kennon00', '4910133'),
('Antionio_Kennon00', '9328371'),
('Antionio_Kennon00', '9523164'),
('Antionio_Kennon00', '5707484'),
('Bailee_Lativia36', '4474841'),
('Bailee_Lativia36', '8323828'),
('Lanetra_Leevi45', '8184429'),
('Lanetra_Leevi45', '7390646'),
('Lanetra_Leevi45', '6117032'),
('Lanetra_Leevi45', '9228424'),
('Toney_Johniece29', '9058168'),
('Toney_Johniece29', '6286896'),
('Omayra_Jamiah37', '3672047'),
('Omayra_Jamiah37', '0472435'),
('Omayra_Jamiah37', '1100104'),
('Cristabel_Nakea27', '4618039'),
('Cristabel_Nakea27', '8581967'),
('Cristabel_Nakea27', '4314287'),
('Griffith_Richrd16', '9627430'),
('Griffith_Richrd16', '1499909'),
('Griffith_Richrd16', '1881395'),
('Griffith_Richrd16', '7181388'),
('Liset_Junior23', '3370237'),
('Sudeep_Stormey81', '2886789'),
('Sudeep_Stormey81', '1327596'),
('Warren_Tonnetta02', '5266863'),
('Warren_Tonnetta02', '9208704'),
('Warren_Tonnetta02', '5718590'),
('Warren_Tonnetta02', '9797542'),
('Aisa_Kati91', '3357430'),
('Aisa_Kati91', '8073457'),
('Aisa_Kati91', '6470752'),
('Brynn_Keil53', '4190201'),
('Asia_Raymont61', '8146523'),
('Charice_Gill08', '2444573'),
('Charice_Gill08', '1647055'),
('Charice_Gill08', '7849263'),
('Charice_Gill08', '0574689'),
('Matthew_Alnisa33', '0859266'),
('Matthew_Alnisa33', '3363978'),
('Tiffiany_Shawntavia48', '7044474'),
('Tiffiany_Shawntavia48', '1576256'),
('Tiffiany_Shawntavia48', '3008560'),
('Tiffiany_Shawntavia48', '6754740'),
('Sallie_Solomon73', '7808149'),
('Sallie_Solomon73', '1382899'),
('Lubna_Kymber33', '4741603'),
('Lubna_Kymber33', '8034969'),
('Lubna_Kymber33', '5563079'),
('Lubna_Kymber33', '2068797'),
('Kunal_Tameca31', '4745772'),
('Gadiel_Colleen52', '8797537'),
('Melania_Sonali15', '6792332'),
('Melania_Sonali15', '3085417'),
('Nessa_Tamaya35', '1855638'),
('Nessa_Tamaya35', '1520929'),
('Nessa_Tamaya35', '2086524'),
('Rahmel_Santonio40', '2407403'),
('Rahmel_Santonio40', '5722696'),
('Niomi_Lam79', '9720960'),
('Kerensa_Atlantis00', '5997720'),
('Kerensa_Atlantis00', '8180809'),
('Hector_Rebakah20', '7152146'),
('Hector_Rebakah20', '2625669'),
('Theresia_Christella54', '0793694'),
('Theresia_Christella54', '3047911'),
('Theresia_Christella54', '3186795'),
('Theresia_Christella54', '4062810'),
('Alexa_Sadae67', '5370564'),
('Rheannon_Mary73', '5680933'),
('Rheannon_Mary73', '1028116'),
('Rheannon_Mary73', '9123381'),
('Rheannon_Mary73', '4130462'),
('Debora_Lari56', '5204220'),
('Debora_Lari56', '7543418'),
('Debora_Lari56', '7680816'),
('Debora_Lari56', '4218224'),
('Cristela_Katryn13', '9447324'),
('Cristela_Katryn13', '7699908'),
('Cristela_Katryn13', '6199329'),
('Cristela_Katryn13', '8991965'),
('Angalena_Marena41', '2395945'),
('Thelbert_Micaiah11', '7896245'),
('Kentrel_Jessyca41', '2917799'),
('Kentrel_Jessyca41', '8324222'),
('Kentrel_Jessyca41', '6792338'),
('Saidah_Vanessa50', '1146423'),
('Saidah_Vanessa50', '5766417'),
('Saidah_Vanessa50', '3748389'),
('Saidah_Vanessa50', '6704787'),
('Gessica_Marison34', '2734967'),
('Gessica_Marison34', '1310604'),
('Korissa_Rosalinda64', '1102292'),
('Jamilah_Rima84', '9137793'),
('Jamilah_Rima84', '7140774'),
('Jamilah_Rima84', '6345809'),
('Samaria_Kerri99', '5379760'),
('Samaria_Kerri99', '6318553'),
('Samaria_Kerri99', '3826052'),
('Samaria_Kerri99', '8548006'),
('Habiba_Leila13', '1578441'),
('Habiba_Leila13', '8770081'),
('Christal_Ladarian55', '9796147'),
('Christal_Ladarian55', '9265578'),
('Christal_Ladarian55', '1919178'),
('Christal_Ladarian55', '3540648'),
('Demitrius_Edrick21', '7210471'),
('Demitrius_Edrick21', '9549053'),
('Almon_Hampton44', '9188337'),
('Almon_Hampton44', '7154917'),
('Almon_Hampton44', '7625104'),
('Almon_Hampton44', '3885373'),
('Gareth_Teiara23', '8606491'),
('Gareth_Teiara23', '6733754'),
('Gareth_Teiara23', '5141860'),
('Habiba_Terrina92', '6126217'),
('Habiba_Terrina92', '3805063'),
('Habiba_Terrina92', '9870964'),
('Habiba_Terrina92', '8024458'),
('Jathan_Lateefah37', '5709363'),
('Jathan_Lateefah37', '1882144'),
('Jathan_Lateefah37', '6766445'),
('Jathan_Lateefah37', '8599490'),
('Shanica_Cherron68', '7383227'),
('Jebediah_Lemario54', '2779994'),
('Jebediah_Lemario54', '1140577'),
('Jebediah_Lemario54', '0406226'),
('Sophanna_Carmilla09', '8994834'),
('Sophanna_Carmilla09', '8975976'),
('Sophanna_Carmilla09', '4444119'),
('Sophanna_Carmilla09', '5475416'),
('Shaune_Tela64', '0442224'),
('Shaune_Tela64', '0137796'),
('Brionne_Anastasha17', '9269646'),
('Bridgid_Dashonda23', '5195070'),
('Felcia_Essica22', '4174880'),
('Allecia_Kenyanna73', '8440754'),
('Sabrina_Clenton95', '1818060'),
('Sabrina_Clenton95', '2605386'),
('Sabrina_Clenton95', '9615680'),
('Thoms_Zoila17', '2194744'),
('Thoms_Zoila17', '8225762'),
('Thoms_Zoila17', '7254898'),
('Thoms_Zoila17', '0638524'),
('Gasper_Ramel13', '7756139'),
('Gasper_Ramel13', '1423086'),
('Gasper_Ramel13', '1044718'),
('Shelah_Sindy37', '1459459'),
('Shelah_Sindy37', '5879852'),
('Shelah_Sindy37', '8656835'),
('Janet_Sabah40', '1959553'),
('Janet_Sabah40', '4650249'),
('Janet_Sabah40', '1380916'),
('Vincenzo_Tyrus24', '7325475'),
('Vincenzo_Tyrus24', '7942000'),
('Aubry_Anaalicia33', '1025435'),
('Aubry_Anaalicia33', '7191951'),
('Aubry_Anaalicia33', '8540273'),
('Travers_Delrico59', '2935607'),
('Hoyt_Didi33', '6147632'),
('Hoyt_Didi33', '5786860'),
('Hoyt_Didi33', '1859138'),
('Davidmichael_Prestina07', '0102190'),
('Davidmichael_Prestina07', '3242961'),
('Davidmichael_Prestina07', '5670667'),
('Davidmichael_Prestina07', '6888954'),
('Nyshia_Dray84', '3140741'),
('Nyshia_Dray84', '8625954'),
('Nyshia_Dray84', '0295789'),
('Nyshia_Dray84', '6979988'),
('Barak_Dyna92', '1585955'),
('Barak_Dyna92', '0870013'),
('Barak_Dyna92', '3016282'),
('Barak_Dyna92', '2564441'),
('Tamillia_Irene75', '4703628'),
('Tamillia_Irene75', '8187028'),
('Tamillia_Irene75', '5752203'),
('Tamillia_Irene75', '0801483'),
('Kristi_Camisha00', '3109839'),
('Dominquie_Beatrize08', '3540588'),
('Dominquie_Beatrize08', '4189910'),
('Dominquie_Beatrize08', '2073835'),
('Dominquie_Beatrize08', '2502140'),
('Donnette_Lainie89', '6473822'),
('Donnette_Lainie89', '8189118'),
('Chastity_Damico48', '3403073'),
('Chastity_Damico48', '1625468'),
('Lei_Lianna76', '3887726'),
('Lei_Lianna76', '9301712'),
('Juleah_Keesa37', '5557947'),
('Juleah_Keesa37', '8498426'),
('Juleah_Keesa37', '3860227'),
('Amy_Justis71', '5426206'),
('Amy_Justis71', '4102515'),
('Jennylyn_Falecia41', '7941276'),
('Jennylyn_Falecia41', '4133209'),
('Pamala_Shantrice64', '6977472'),
('Joselin_Maree84', '5844380'),
('Joselin_Maree84', '7116584'),
('Joselin_Maree84', '9608245'),
('Brandonlee_Genette12', '1797849'),
('Brandonlee_Genette12', '7137422'),
('Saleena_Aldo44', '9639925'),
('Hakeem_Tabethia97', '8077275'),
('Luisalberto_Durel69', '4791224'),
('Shandrea_Aliza94', '2420911'),
('Shandrea_Aliza94', '9250070'),
('Shandrea_Aliza94', '0984215'),
('Shandrea_Aliza94', '3962648'),
('Baudelio_Romell42', '8321493'),
('Baudelio_Romell42', '4786723'),
('Baudelio_Romell42', '9743182'),
('Hank_Ismeal26', '1130392'),
('Talina_Sidra17', '8140423'),
('Talina_Sidra17', '9813225'),
('Talina_Sidra17', '0995556'),
('Talina_Sidra17', '9426961'),
('Marlys_Siena13', '8136322'),
('Marlys_Siena13', '2063730'),
('Marlys_Siena13', '9235440'),
('Jocelyn_Anneliese29', '0028093'),
('Jocelyn_Anneliese29', '3684875'),
('Jocelyn_Anneliese29', '6928170'),
('Jocelyn_Anneliese29', '4001787'),
('Nessie_Nuria13', '3760094'),
('Jestine_Shaelynn27', '9159088'),
('Jestine_Shaelynn27', '3219076'),
('Jestine_Shaelynn27', '8659763'),
('Jestine_Shaelynn27', '5177500'),
('Billie_Celenia12', '8660731'),
('Billie_Celenia12', '6163471'),
('Billie_Celenia12', '7907679'),
('Errica_Darnella17', '9014113'),
('Errica_Darnella17', '8771220'),
('Errica_Darnella17', '7912955'),
('Rashida_Carolyn16', '2016135'),
('Tamecia_Ezekial01', '1776186'),
('Tamecia_Ezekial01', '6190535'),
('Tamecia_Ezekial01', '0098178'),
('Tamecia_Ezekial01', '3400745'),
('Eunice_Eden91', '4456338'),
('Eunice_Eden91', '4687985'),
('Eunice_Eden91', '2148707'),
('Eunice_Eden91', '4299111'),
('Asher_Erron01', '4831426'),
('Asher_Erron01', '5457334'),
('Asher_Erron01', '1285677'),
('Cindel_Guadalupe98', '7872639'),
('Cindel_Guadalupe98', '8332116');

