USE project;

INSERT INTO User(UserName, FirstName, LastName, Email, ContactNumber, Password)
VALUES ('Avery_S23', 'Avery', 'Smith', 'AverySmith70@coldmail.com', '450-457-1752', 'nucleotide609'),
('Riley_J20', 'Riley', 'Johnson', 'RileyJohnson82@hmail.ca', '514-476-9787', 'stepmother234'),
('Peyton_W01', 'Peyton', 'Williams', 'PeytonWilliams20@coldmail.com', '438-991-9267', 'go-kart799'),
('Logan_J20', 'Logan', 'Jones', 'LoganJones72@coldmail.com', '514-731-6289', 'elbow543'),
('Taylor_B93', 'Taylor', 'Brown', 'TaylorBrown07@hmail.ca', '438-666-5269', 'fiction734'),
('Ryan_D03', 'Ryan', 'Davis', 'RyanDavis69@hmail.ca', '514-567-4263', 'angora978'),
('Jordan_M39', 'Jordan', 'Miller', 'JordanMiller89@hmail.ca', '514-843-7558', 'infix900'),
('Cameron_W04', 'Cameron', 'Wilson', 'CameronWilson75@hmail.ca', '514-433-4665', 'nexus124'),
('Blake_M88', 'Blake', 'Moore', 'BlakeMoore75@hmail.ca', '438-769-5743', 'bout433'),
('Skylar_T04', 'Skylar', 'Taylor', 'SkylarTaylor26@coldmail.com', '450-891-0233', 'entirety068'),
('Emerson_A12', 'Emerson', 'Anderson', 'EmersonAnderson65@hmail.ca', '514-499-7529', 'prescription857'),
('Phoenix_T77', 'Phoenix', 'Thomas', 'PhoenixThomas73@hmail.ca', '438-324-9575', 'economy975'),
('Hunter_J00', 'Hunter', 'Jackson', 'HunterJackson57@hmail.ca', '514-938-7474', 'disco834'),
('Amari_W09', 'Amari', 'White', 'AmariWhite98@hmail.ca', '438-955-9731', 'alternative457'),
('River_H84', 'River', 'Harris', 'RiverHarris08@hmail.ca', '438-674-1577', 'safeguard071'),
('Casey_M74', 'Casey', 'Martin', 'CaseyMartin30@coldmail.com', '514-240-6137', 'chaos630'),
('Tatum_T56', 'Tatum', 'Thompson', 'TatumThompson59@coldmail.com', '438-475-9452', 'airfield402'),
('Alex_G14', 'Alex', 'Garcia', 'AlexGarcia67@hmail.ca', '450-108-5242', 'coast571'),
('Addison_M87', 'Addison', 'Martinez', 'AddisonMartinez21@coldmail.com', '514-057-4252', 'floodplain537'),
('Tyler_R74', 'Tyler', 'Robinson', 'TylerRobinson75@hmail.ca', '450-386-1514', 'event254'),
('Addison_C73', 'Addison', 'Clark', 'AddisonClark52@hmail.ca', '438-820-6849', 'crisis903'),
('Adrian_R27', 'Adrian', 'Rodriguez', 'AdrianRodriguez91@hmail.ca', '450-299-5642', 'slot503'),
('Ainsley_L23', 'Ainsley', 'Lewis', 'AinsleyLewis42@coldmail.com', '438-932-3613', 'loggia796'),
('Alex_L03', 'Alex', 'Lee', 'AlexLee76@hmail.ca', '450-872-8846', 'emergence585'),
('Andy_W93', 'Andy', 'Walker', 'AndyWalker00@hmail.ca', '438-572-2963', 'servitude822'),
('Ari_H76', 'Ari', 'Hall', 'AriHall15@coldmail.com', '438-540-6550', 'mom505'),
('Ash_A33', 'Ash', 'Allen', 'AshAllen11@hmail.ca', '438-546-0806', 'pedal775'),
('Aspen_Y40', 'Aspen', 'Young', 'AspenYoung37@coldmail.com', '514-175-6904', 'terrapin066'),
('Aubrey_H92', 'Aubrey', 'Hernandez', 'AubreyHernandez22@hmail.ca', '514-098-9210', 'ceremony434'),
('Bailey_K84', 'Bailey', 'King', 'BaileyKing09@coldmail.com', '514-658-5371', 'magnet129'),
('Bay_W28', 'Bay', 'Wright', 'BayWright28@hmail.ca', '514-079-5400', 'owner541'),
('Blaine_L04', 'Blaine', 'Lopez', 'BlaineLopez36@coldmail.com', '450-294-0250', 'hacienda331'),
('Bobbie_H94', 'Bobbie', 'Hill', 'BobbieHill01@hmail.ca', '514-583-9849', 'glory937'),
('Brett_S54', 'Brett', 'Scott', 'BrettScott06@hmail.ca', '438-867-5709', 'designer592'),
('Brook_G38', 'Brook', 'Green', 'BrookGreen59@hmail.ca', '438-062-4691', 'sulfur664'),
('Caelan_A31', 'Caelan', 'Adams', 'CaelanAdams12@coldmail.com', '450-692-6027', 'weapon620'),
('Campbell_B09', 'Campbell', 'Baker', 'CampbellBaker89@coldmail.com', '438-170-6482', 'harm427'),
('Carroll_G33', 'Carroll', 'Gonzalez', 'CarrollGonzalez39@hmail.ca', '450-337-5683', 'stallion482'),
('Charlie_N94', 'Charlie', 'Nelson', 'CharlieNelson76@hmail.ca', '514-455-0799', 'shingle390'),
('Chris_C45', 'Chris', 'Carter', 'ChrisCarter61@coldmail.com', '514-606-8407', 'in-laws531'),
('Clay_M03', 'Clay', 'Mitchell', 'ClayMitchell06@coldmail.com', '514-723-9107', 'industrialization842'),
('Corey_P90', 'Corey', 'Perez', 'CoreyPerez42@coldmail.com', '450-285-4885', 'bafflement420'),
('Dana_R67', 'Dana', 'Roberts', 'DanaRoberts07@coldmail.com', '514-107-6811', 'pelt823'),
('Dakota_T77', 'Dakota', 'Turner', 'DakotaTurner08@hmail.ca', '438-576-5426', 'triad575'),
('Dale_P10', 'Dale', 'Phillips', 'DalePhillips12@hmail.ca', '438-991-1483', 'hut537'),
('Daryl_C82', 'Daryl', 'Campbell', 'DarylCampbell40@coldmail.com', '450-217-1909', 'flavor347'),
('Devin_P82', 'Devin', 'Parker', 'DevinParker25@coldmail.com', '450-908-1395', 'television928'),
('Dorian_E00', 'Dorian', 'Evans', 'DorianEvans89@hmail.ca', '438-769-6991', 'wink403'),
('Drew_E73', 'Drew', 'Edwards', 'DrewEdwards73@hmail.ca', '450-150-5000', 'battle828'),
('Eddie_C45', 'Eddie', 'Collins', 'EddieCollins89@coldmail.com', '450-043-6976', 'rebellion229'),
('Eli_S36', 'Eli', 'Stewart', 'EliStewart08@coldmail.com', '450-852-8963', 'codon319'),
('Elliott_S29', 'Elliott', 'Sanchez', 'ElliottSanchez18@hmail.ca', '450-612-2522', 'opera352'),
('Frances_M41', 'Frances', 'Morris', 'FrancesMorris61@hmail.ca', '514-309-8986', 'future240'),
('Frankie_R91', 'Frankie', 'Rogers', 'FrankieRogers61@hmail.ca', '450-653-7913', 'mangle908'),
('Gabriel_R69', 'Gabriel', 'Reed', 'GabrielReed66@hmail.ca', '438-003-0655', 'cicada734'),
('Glenn_C03', 'Glenn', 'Cook', 'GlennCook23@coldmail.com', '514-912-9969', 'osmosis846'),
('Gray_M34', 'Gray', 'Morgan', 'GrayMorgan34@hmail.ca', '438-538-5955', 'likeness875'),
('Harper_B65', 'Harper', 'Bell', 'HarperBell46@coldmail.com', '438-270-9879', 'mantle550'),
('Hayden_M19', 'Hayden', 'Murphy', 'HaydenMurphy69@hmail.ca', '438-504-1514', 'parade150'),
('Jamie_B96', 'Jamie', 'Bailey', 'JamieBailey62@hmail.ca', '438-698-5241', 'journalism987'),
('Jean_R28', 'Jean', 'Rivera', 'JeanRivera31@coldmail.com', '450-807-8159', 'reward821'),
('Jesse_C29', 'Jesse', 'Cooper', 'JesseCooper32@coldmail.com', '438-593-5468', 'essential297'),
('Jordan_R00', 'Jordan', 'Richardson', 'JordanRichardson79@coldmail.com', '450-279-7383', 'blizzard608'),
('Jules_C10', 'Jules', 'Cox', 'JulesCox30@hmail.ca', '514-583-2197', 'flume618'),
('Julian_H82', 'Julian', 'Howard', 'JulianHoward34@hmail.ca', '438-584-3694', 'cage880'),
('Kaden_W43', 'Kaden', 'Ward', 'KadenWard11@hmail.ca', '450-794-5880', 'meaning830'),
('Kelly_T30', 'Kelly', 'Torres', 'KellyTorres83@hmail.ca', '450-550-8495', 'skyline368'),
('Kennedy_P56', 'Kennedy', 'Peterson', 'KennedyPeterson11@hmail.ca', '438-225-3522', 'waterfall465'),
('Lake_G65', 'Lake', 'Gray', 'LakeGray97@hmail.ca', '450-428-1025', 'bungalow969'),
('Logan_R33', 'Logan', 'Ramirez', 'LoganRamirez26@coldmail.com', '438-484-3188', 'takeover361'),
('Max_J41', 'Max', 'James', 'MaxJames73@hmail.ca', '514-151-9391', 'duty664'),
('Morgan_W72', 'Morgan', 'Watson', 'MorganWatson34@coldmail.com', '450-102-1325', 'moose405'),
('Pat_B40', 'Pat', 'Brooks', 'PatBrooks62@hmail.ca', '438-268-1991', 'nit018'),
('Peyton_K68', 'Peyton', 'Kelly', 'PeytonKelly36@coldmail.com', '438-404-6956', 'vitro260'),
('Ray_S94', 'Ray', 'Sanders', 'RaySanders02@hmail.ca', '438-199-6778', 'calculation822'),
('Reed_P10', 'Reed', 'Price', 'ReedPrice27@hmail.ca', '514-184-9045', 'pony085'),
('Riley_B91', 'Riley', 'Bennett', 'RileyBennett76@hmail.ca', '450-995-3622', 'criterion037'),
('River_W46', 'River', 'Wood', 'RiverWood48@hmail.ca', '450-038-6745', 'daffodil728'),
('Roan_B06', 'Roan', 'Barnes', 'RoanBarnes11@hmail.ca', '514-366-5509', 'memorial820'),
('Rudy_R14', 'Rudy', 'Ross', 'RudyRoss62@coldmail.com', '514-888-7744', 'glacier425'),
('Ryan_H04', 'Ryan', 'Henderson', 'RyanHenderson21@hmail.ca', '438-055-6209', 'derby620'),
('Sage_C50', 'Sage', 'Coleman', 'SageColeman52@coldmail.com', '450-313-7237', 'amenity786'),
('Sam_J61', 'Sam', 'Jenkins', 'SamJenkins51@coldmail.com', '438-605-2742', 'hotdog732'),
('Shawn_P47', 'Shawn', 'Perry', 'ShawnPerry22@coldmail.com', '450-460-4210', 'plowman875'),
('Sean_P90', 'Sean', 'Powell', 'SeanPowell62@coldmail.com', '450-437-4352', 'athletics193'),
('Stevie_L20', 'Stevie', 'Long', 'StevieLong16@coldmail.com', '438-873-2871', 'dump263'),
('Tanner_P23', 'Tanner', 'Patterson', 'TannerPatterson96@coldmail.com', '438-659-0954', 'ecliptic200'),
('Taylor_H27', 'Taylor', 'Hughes', 'TaylorHughes43@hmail.ca', '514-332-1871', 'criteria431'),
('Toby_F94', 'Toby', 'Flores', 'TobyFlores48@coldmail.com', '438-494-0870', 'rations451'),
('Tyler_W66', 'Tyler', 'Washington', 'TylerWashington91@hmail.ca', '450-812-5863', 'amenity523'),
('Val_B35', 'Val', 'Butler', 'ValButler12@hmail.ca', '438-931-5764', 'detection042'),
('West_S54', 'West', 'Simmons', 'WestSimmons55@coldmail.com', '450-846-2035', 'pub757'),
('Winter_F39', 'Winter', 'Foster', 'WinterFoster04@hmail.ca', '514-334-1939', 'crystallography131'),
('Landry_G35', 'Landry', 'Gonzales', 'LandryGonzales11@hmail.ca', '450-799-1925', 'creek534'),
('Azariah_B29', 'Azariah', 'Bryant', 'AzariahBryant93@hmail.ca', '438-071-1511', 'paperback867'),
('Oakley_A10', 'Oakley', 'Alexander', 'OakleyAlexander57@coldmail.com', '450-064-3250', 'red232'),
('Lennon_R77', 'Lennon', 'Russell', 'LennonRussell57@coldmail.com', '438-058-4474', 'petitioner648'),
('Charlie_G36', 'Charlie', 'Griffin', 'CharlieGriffin39@hmail.ca', '438-039-8646', 'blanket397'),
('Skyler_D84', 'Skyler', 'Diaz', 'SkylerDiaz46@hmail.ca', '450-307-8890', 'ligand159'),
('Dakota_H19', 'Dakota', 'Hayes', 'DakotaHayes95@hmail.ca', '514-262-6295', 'workshop306'),
('Armani_M75', 'Armani', 'Myers', 'ArmaniMyers52@coldmail.com', '438-984-2717', 'plenty298'),
('Phoenix_F77', 'Phoenix', 'Ford', 'PhoenixFord43@hmail.ca', '438-836-7474', 'physical780'),
('Justice_H15', 'Justice', 'Hamilton', 'JusticeHamilton21@hmail.ca', '514-916-6788', 'zampone826'),
('Casey_G98', 'Casey', 'Graham', 'CaseyGraham56@hmail.ca', '450-298-9960', 'scorn678'),
('Emory_S05', 'Emory', 'Sullivan', 'EmorySullivan14@hmail.ca', '514-467-4151', 'canvas329'),
('Remy_W76', 'Remy', 'Wallace', 'RemyWallace50@hmail.ca', '514-305-7041', 'collaboration635'),
('Emerson_W39', 'Emerson', 'Woods', 'EmersonWoods51@hmail.ca', '438-336-9448', 'full145'),
('Amari_C99', 'Amari', 'Cole', 'AmariCole97@hmail.ca', '450-791-7617', 'wrestler501'),
('Hayden_W74', 'Hayden', 'West', 'HaydenWest54@hmail.ca', '438-546-0447', 'vest988'),
('River_J05', 'River', 'Jordan', 'RiverJordan03@hmail.ca', '450-439-8711', 'dam773'),
('Milan_O43', 'Milan', 'Owens', 'MilanOwens66@hmail.ca', '514-729-3171', 'chamber018'),
('Tatum_R96', 'Tatum', 'Reynolds', 'TatumReynolds94@hmail.ca', '450-378-2699', 'stamen176'),
('Jessie_F46', 'Jessie', 'Fisher', 'JessieFisher33@coldmail.com', '450-119-4352', 'rock540'),
('Finley_E02', 'Finley', 'Ellis', 'FinleyEllis92@coldmail.com', '514-184-1050', 'beetle026'),
('Riley_H59', 'Riley', 'Harrison', 'RileyHarrison71@coldmail.com', '514-408-0815', 'focus789'),
('Rowan_G61', 'Rowan', 'Gibson', 'RowanGibson41@hmail.ca', '438-011-4449', 'half-sister645'),
('Sage_M23', 'Sage', 'Mcdonald', 'SageMcdonald99@coldmail.com', '438-964-2438', 'accordion978'),
('Jamie_C88', 'Jamie', 'Cruz', 'JamieCruz55@coldmail.com', '450-371-6444', 'outhouse005'),
('Rory_M87', 'Rory', 'Marshall', 'RoryMarshall51@hmail.ca', '514-275-9663', 'ramie945'),
('Harley_O29', 'Harley', 'Ortiz', 'HarleyOrtiz57@hmail.ca', '438-648-2757', 'bidding881'),
('Leighton_G98', 'Leighton', 'Gomez', 'LeightonGomez44@coldmail.com', '450-761-4408', 'screen155'),
('Peyton_M79', 'Peyton', 'Murray', 'PeytonMurray05@coldmail.com', '450-585-5990', 'demon325'),
('Dallas_F71', 'Dallas', 'Freeman', 'DallasFreeman33@coldmail.com', '514-972-7678', 'modification396'),
('Remington_W74', 'Remington', 'Wells', 'RemingtonWells81@coldmail.com', '438-722-7689', 'cation116'),
('Quinn_W53', 'Quinn', 'Webb', 'QuinnWebb93@coldmail.com', '450-136-9899', 'garbage091'),
('Alexis_S42', 'Alexis', 'Simpson', 'AlexisSimpson64@coldmail.com', '514-700-5961', 'hog679'),
('Sawyer_S04', 'Sawyer', 'Stevens', 'SawyerStevens52@hmail.ca', '514-742-7641', 'loss789'),
('Kamryn_T28', 'Kamryn', 'Tucker', 'KamrynTucker29@coldmail.com', '450-520-6522', 'presume905'),
('Parker_P05', 'Parker', 'Porter', 'ParkerPorter16@coldmail.com', '438-632-3025', 'wit221'),
('Avery_H57', 'Avery', 'Hunter', 'AveryHunter21@hmail.ca', '450-529-7131', 'stomach434'),
('Eden_H72', 'Eden', 'Hicks', 'EdenHicks85@hmail.ca', '438-748-5914', 'ford191'),
('Lyric_C78', 'Lyric', 'Crawford', 'LyricCrawford18@coldmail.com', '450-115-1118', 'kiosk152'),
('Elliot_H26', 'Elliot', 'Henry', 'ElliotHenry98@hmail.ca', '450-717-0873', 'trash279'),
('Elliott_B31', 'Elliott', 'Boyd', 'ElliottBoyd81@hmail.ca', '450-924-3515', 'foam801'),
('Reese_M82', 'Reese', 'Mason', 'ReeseMason92@coldmail.com', '514-513-4271', 'trust776'),
('Zion_M88', 'Zion', 'Morales', 'ZionMorales15@hmail.ca', '450-254-4638', 'produce767'),
('Rylan_K04', 'Rylan', 'Kennedy', 'RylanKennedy13@hmail.ca', '514-539-0396', 'thaw794'),
('Jordan_W02', 'Jordan', 'Warren', 'JordanWarren10@hmail.ca', '514-265-5877', 'life881'),
('Angel_D17', 'Angel', 'Dixon', 'AngelDixon30@hmail.ca', '514-443-5602', 'molecule251'),
('Taylor_R15', 'Taylor', 'Ramos', 'TaylorRamos96@coldmail.com', '450-615-2871', 'mercury544'),
('Emery_R56', 'Emery', 'Reyes', 'EmeryReyes10@hmail.ca', '438-293-3164', 'crap919'),
('Payton_B23', 'Payton', 'Burns', 'PaytonBurns36@coldmail.com', '438-733-4843', 'pepperoni224'),
('Teagan_G80', 'Teagan', 'Gordon', 'TeaganGordon17@coldmail.com', '514-964-7582', 'component639'),
('Marley_S48', 'Marley', 'Shaw', 'MarleyShaw58@coldmail.com', '450-444-8275', 'dusk223'),
('Morgan_H08', 'Morgan', 'Holmes', 'MorganHolmes13@coldmail.com', '450-246-2809', 'algorithm831'),
('London_R00', 'London', 'Rice', 'LondonRice41@coldmail.com', '438-654-0800', 'gaffe542'),
('Ariel_R09', 'Ariel', 'Robertson', 'ArielRobertson50@coldmail.com', '438-899-1638', 'crowd093'),
('Karter_H95', 'Karter', 'Hunt', 'KarterHunt31@hmail.ca', '438-935-6528', 'hype950'),
('Kendall_B71', 'Kendall', 'Black', 'KendallBlack96@coldmail.com', '514-495-3029', 'steel650'),
('Kai_D64', 'Kai', 'Daniels', 'KaiDaniels79@hmail.ca', '450-727-2003', 'shark844');

INSERT INTO Employer(UserName, EmployerName, AccStatus, Category, Balance)
VALUES ('Ryan_H04', 'Microsoft', '1', 'prime', '17.63'),
('Sage_C50', 'Target Source', '0', 'gold', '-68.16'),
('Sam_J61', 'Bosch Brewing Company', '1', 'prime', '17.41'),
('Shawn_P47', 'Tropicana Products', '0', 'prime', '-10.57'),
('Sean_P90', 'Team Designers and Associates', '1', 'gold', '118.09'),
('Stevie_L20', 'United Parcel Service (UPS)', '1', 'gold', '244.9'),
('Tanner_P23', 'LeapFrog Enterprises', '1', 'prime', '28.03'),
('Taylor_H27', 'Cut Above', '0', 'gold', '-80.93'),
('Toby_F94', 'STX', '1', 'prime', '196.64'),
('Tyler_W66', 'Asiatic Solutions', '1', 'prime', '31.99'),
('Val_B35', 'Twitter', '0', 'prime', '-65.89'),
('West_S54', 'Microsoft', '0', 'prime', '-87.37'),
('Winter_F39', 'Megatronic', '1', 'gold', '137.72'),
('Landry_G35', 'American Financial Group', '1', 'prime', '7.05'),
('Azariah_B29', 'Wealthy Ideas', '1', 'gold', '130.65'),
('Oakley_A10', 'ABM Industries', '0', 'prime', '-43.58'),
('Lennon_R77', 'Lucasfilm', '1', 'gold', '231.35'),
('Charlie_G36', 'Texas Instruments', '1', 'prime', '164.4'),
('Skyler_D84', 'L&L Hawaiian Barbecue', '1', 'gold', '95.15'),
('Dakota_H19', 'Bank of America', '1', 'gold', '61.8'),
('Armani_M75', 'Tanadgusix Corporation', '0', 'prime', '-74.91'),
('Phoenix_F77', 'Corinthian Designs', '0', 'gold', '-90.55'),
('Justice_H15', 'Colt Defense', '1', 'gold', '95.36'),
('Casey_G98', 'BFG Technologies', '1', 'gold', '255.26'),
('Emory_S05', 'Webcom Business Services', '1', 'gold', '39.3'),
('Remy_W76', 'Cerner Corporation', '1', 'gold', '5.19'),
('Emerson_W39', 'VF Corporation', '0', 'gold', '-86.65'),
('Amari_C99', 'iRobot', '1', 'gold', '289.63'),
('Hayden_W74', 'Seattles Best Coffee', '1', 'gold', '215.25'),
('River_J05', 'PACCAR', '0', 'gold', '-65.56'),
('Milan_O43', 'Asian Plan', '0', 'gold', '-22.07'),
('Tatum_R96', 'Staples, Inc.', '0', 'prime', '-36.75'),
('Jessie_F46', 'Network Air', '1', 'gold', '166.39'),
('Finley_E02', 'Practi-Plan', '0', 'prime', '-70.66'),
('Riley_H59', 'Papa Johns Pizza', '1', 'prime', '287.86'),
('Rowan_G61', 'Pizza Hut', '1', 'prime', '94.59'),
('Sage_M23', 'Powerbod', '0', 'gold', '-28.74'),
('Jamie_C88', 'The Polka Dot Bear Tavern', '1', 'prime', '128.89'),
('Rory_M87', 'Quantrix', '1', 'prime', '21.94'),
('Harley_O29', 'Opticomp', '0', 'gold', '-31.27'),
('Leighton_G98', 'VECO Corporation', '1', 'gold', '75.05'),
('Peyton_M79', 'Asian Answers', '1', 'gold', '173.2'),
('Dallas_F71', 'Marantz', '1', 'prime', '125.34'),
('Remington_W74', 'Burlington Coat Factory', '1', 'gold', '43.35'),
('Quinn_W53', 'Service Corporation International (SCI)', '0', 'gold', '-25.58'),
('Alexis_S42', 'DC Comics', '1', 'prime', '66.88'),
('Sawyer_S04', 'Aspyr Media', '1', 'prime', '43.34'),
('Kamryn_T28', 'Unisys', '1', 'prime', '41.95'),
('Parker_P05', 'Bob Evans Restaurants', '0', 'prime', '-75.03'),
('Avery_H57', 'Maxtor Corporation', '1', 'gold', '61.55'),
('Eden_H72', 'Yahoo!', '0', 'gold', '-75.78'),
('Lyric_C78', 'YRC Worldwide Inc.', '1', 'gold', '72.12'),
('Elliot_H26', 'Aspyr Media', '1', 'gold', '190.21'),
('Elliott_B31', 'Mattel', '1', 'gold', '82.2'),
('Reese_M82', 'Enterasys Networks', '0', 'prime', '-68.62'),
('Zion_M88', 'Mercury Marine', '1', 'gold', '91.52'),
('Rylan_K04', 'Acuserv', '1', 'gold', '115.05'),
('Jordan_W02', 'Acme Brick Company', '1', 'prime', '48.8'),
('Angel_D17', 'Uwajimaya', '0', 'gold', '-17.22'),
('Taylor_R15', 'DC Comics', '1', 'prime', '165.63');

INSERT INTO Applicant(UserName, AccStatus, Category, Balance)
VALUES ('Avery_S23', '1', 'basic', '253.69'),
('Riley_J20', '1', 'basic', '231.62'),
('Peyton_W01', '0', 'gold', '-5.59'),
('Logan_J20', '1', 'prime', '137.16'),
('Taylor_B93', '1', 'prime', '137.52'),
('Ryan_D03', '1', 'gold', '0.58'),
('Jordan_M39', '0', 'prime', '-60.48'),
('Cameron_W04', '1', 'prime', '290.17'),
('Blake_M88', '0', 'gold', '-37.27'),
('Skylar_T04', '1', 'gold', '232.32'),
('Emerson_A12', '0', 'prime', '-75.23'),
('Phoenix_T77', '1', 'prime', '3.17'),
('Hunter_J00', '1', 'gold', '55.79'),
('Amari_W09', '1', 'gold', '297.86'),
('River_H84', '1', 'prime', '74.41'),
('Casey_M74', '1', 'prime', '28.53'),
('Tatum_T56', '1', 'gold', '204.95'),
('Alex_G14', '1', 'prime', '43.98'),
('Addison_M87', '1', 'gold', '51.73'),
('Tyler_R74', '1', 'gold', '27.13'),
('Addison_C73', '1', 'gold', '24.37'),
('Adrian_R27', '1', 'prime', '200.28'),
('Ainsley_L23', '0', 'basic', '-26.88'),
('Alex_L03', '0', 'gold', '-54.89'),
('Andy_W93', '1', 'gold', '159.58'),
('Ari_H76', '1', 'basic', '162.41'),
('Ash_A33', '1', 'gold', '296.19'),
('Aspen_Y40', '1', 'gold', '215.76'),
('Aubrey_H92', '0', 'basic', '-75.65'),
('Bailey_K84', '1', 'basic', '31.08'),
('Bay_W28', '0', 'gold', '-84.71'),
('Blaine_L04', '0', 'basic', '-32.37'),
('Bobbie_H94', '1', 'gold', '272.13'),
('Brett_S54', '1', 'basic', '51.82'),
('Brook_G38', '1', 'basic', '204.59'),
('Caelan_A31', '1', 'gold', '231.41'),
('Campbell_B09', '0', 'prime', '-100.04'),
('Carroll_G33', '1', 'gold', '9.71'),
('Charlie_N94', '1', 'prime', '23.25'),
('Chris_C45', '1', 'prime', '107.86'),
('Clay_M03', '1', 'gold', '167.09'),
('Corey_P90', '1', 'gold', '259.8'),
('Dana_R67', '1', 'prime', '157.86'),
('Dakota_T77', '1', 'gold', '33.42'),
('Dale_P10', '0', 'prime', '-13.98'),
('Daryl_C82', '1', 'basic', '150.55'),
('Devin_P82', '1', 'prime', '150.85'),
('Dorian_E00', '1', 'gold', '97.39'),
('Drew_E73', '0', 'basic', '-98.93'),
('Eddie_C45', '0', 'gold', '-74.97'),
('Eli_S36', '0', 'gold', '-58.83'),
('Elliott_S29', '1', 'gold', '297.86'),
('Frances_M41', '1', 'gold', '91.94'),
('Frankie_R91', '1', 'basic', '252.92'),
('Gabriel_R69', '0', 'prime', '-73.35'),
('Glenn_C03', '1', 'basic', '215.4'),
('Gray_M34', '1', 'basic', '281.96'),
('Harper_B65', '1', 'gold', '53.83'),
('Hayden_M19', '1', 'gold', '12.26'),
('Jamie_B96', '1', 'gold', '246.7'),
('Jean_R28', '1', 'prime', '22.3'),
('Jesse_C29', '0', 'gold', '-77.04'),
('Jordan_R00', '1', 'prime', '295.71'),
('Jules_C10', '1', 'prime', '20.15'),
('Julian_H82', '1', 'prime', '3.95'),
('Kaden_W43', '0', 'prime', '-45.84'),
('Kelly_T30', '1', 'prime', '180.27'),
('Kennedy_P56', '1', 'prime', '51.47'),
('Lake_G65', '1', 'basic', '270.04'),
('Logan_R33', '1', 'prime', '260.74'),
('Max_J41', '1', 'gold', '16.96'),
('Morgan_W72', '1', 'gold', '178.52'),
('Pat_B40', '1', 'gold', '122.36'),
('Peyton_K68', '1', 'gold', '191.47'),
('Ray_S94', '1', 'prime', '50.59'),
('Reed_P10', '1', 'gold', '191.17'),
('Riley_B91', '1', 'prime', '126.83'),
('River_W46', '1', 'gold', '147.06'),
('Roan_B06', '1', 'prime', '14.55'),
('Rudy_R14', '1', 'gold', '99.63');

INSERT INTO Admin(UserName)
VALUES ('Emery_R56'),
('Payton_B23'),
('Teagan_G80'),
('Marley_S48'),
('Morgan_H08'),
('London_R00'),
('Ariel_R09'),
('Karter_H95'),
('Kendall_B71'),
('Kai_D64');

INSERT INTO Job(JobID, EmployerUserName, Title, DatePosted, Description, Category, JobStatus, EmpNeeded)
VALUES ('1925', 'Azariah_B29', 'Waste Management Engineer', '2020-10-22', 'Looking for pepping person. 1 years experience.', 'Information Technology', '1', '5'),
('1388', 'Taylor_R15', 'Global Lead', '2020-5-12', 'Looking for amicable person. 3 years experience.', 'Manufacturing', '0', '2'),
('2325', 'Avery_H57', 'Bone Density Technician', '2020-2-8', 'Looking for stunning person. 4 years experience.', 'Marketing, Sales and Service', '1', '5'),
('2194', 'Jordan_W02', 'Health Assessment and Treatment Teacher', '2020-5-4', 'Looking for vivid person. 2 years experience.', 'Manufacturing', '0', '5'),
('1479', 'Eden_H72', 'Yarn-Mercerizer-Operator Helper', '2020-12-19', 'Looking for monumental person. 4 years experience.', 'Transportation, Distribution and Logistics', '0', '5'),
('2060', 'Sean_P90', 'Service Vehicle Operator', '2020-3-5', 'Looking for rejoice person. 3 years experience.', 'Manufacturing', '0', '3'),
('1736', 'Justice_H15', 'Power Generation Technician', '2020-1-3', 'Looking for endorse person. 5 years experience.', 'Information Technology', '0', '4'),
('2231', 'West_S54', 'Mechanical Maintenance Foreman', '2020-4-22', 'Looking for happiness person. 1 years experience.', 'Transportation, Distribution and Logistics', '1', '4'),
('2642', 'Lennon_R77', 'Supervisor, Green End Department', '2020-8-20', 'Looking for dazzled person. 2 years experience.', 'Manufacturing', '1', '2'),
('1430', 'Val_B35', 'City Director', '2020-7-14', 'Looking for merriness person. 5 years experience.', 'Transportation, Distribution and Logistics', '1', '1'),
('1050', 'Phoenix_F77', 'Die Polisher', '2020-10-3', 'Looking for brainiest person. 4 years experience.', 'Law, Public Safety, Corrections and Security', '1', '1'),
('2648', 'Sage_C50', 'Grape Crusher', '2020-4-23', 'Looking for adjustable person. 4 years experience.', 'Transportation, Distribution and Logistics', '1', '2'),
('2400', 'River_J05', 'General-Ledger Bookkeeper', '2020-5-1', 'Looking for support person. 4 years experience.', 'Manufacturing', '1', '3'),
('1362', 'Riley_H59', 'Shop Steward', '2020-5-19', 'Looking for awards person. 3 years experience.', 'Business Management and Administration', '0', '2'),
('1160', 'Parker_P05', 'Folded-Towel-Machine Operator', '2020-7-13', 'Looking for vouchsafe person. 5 years experience.', 'Information Technology', '0', '3'),
('2283', 'Hayden_W74', 'Bacteriology Technician', '2020-2-8', 'Looking for sincere person. 1 years experience.', 'Marketing, Sales and Service', '0', '5'),
('1166', 'River_J05', 'Straight Knife Machine Cutter', '2020-4-17', 'Looking for cashback person. 1 years experience.', 'Agriculture and Natural Resources', '0', '3'),
('2079', 'Leighton_G98', 'Medicine and Health Service Manager', '2020-8-28', 'Looking for godlike person. 4 years experience.', 'Information Technology', '0', '5'),
('1284', 'Tatum_R96', 'Treasury Associate', '2020-3-23', 'Looking for peaceable person. 2 years experience.', 'Science, Technology, Engineering, and Mathematics', '1', '3'),
('1777', 'Skyler_D84', 'Tester, Compressed Gases', '2020-2-17', 'Looking for polished person. 4 years experience.', 'Science, Technology, Engineering, and Mathematics', '1', '5'),
('2976', 'Peyton_M79', 'Gaming Department Head', '2020-8-27', 'Looking for glitter person. 4 years experience.', 'Finance', '1', '2'),
('2425', 'Casey_G98', 'Advanced Practice Registered Nurse', '2020-10-4', 'Looking for winning person. 5 years experience.', 'Hospitality and Tourism', '0', '1'),
('2933', 'Casey_G98', 'Automobile Assembly Supervisor', '2020-1-12', 'Looking for enhanced person. 1 years experience.', 'Arts, Audio/Video, and Communications', '1', '1'),
('2880', 'Zion_M88', 'Car Greaser', '2020-7-25', 'Looking for merriness person. 5 years experience.', 'Marketing, Sales and Service', '1', '5'),
('2676', 'Rowan_G61', 'Commander, Internal Affairs', '2020-6-23', 'Looking for affluence person. 1 years experience.', 'Finance', '1', '2'),
('1708', 'Tatum_R96', 'Finished-Yarn Examiner', '2020-11-15', 'Looking for winner person. 5 years experience.', 'Education and Training', '1', '2'),
('2296', 'Reese_M82', 'Automatic Punch-Press Operator', '2020-4-13', 'Looking for consistent person. 1 years experience.', 'Information Technology', '0', '1'),
('2163', 'Charlie_G36', 'Level Glass Forming Machine Operator', '2020-6-29', 'Looking for low-price person. 4 years experience.', 'Human Services', '0', '4'),
('2521', 'Elliott_B31', 'Pharmacy Data Analyst', '2020-6-25', 'Looking for commend person. 5 years experience.', 'Business Management and Administration', '0', '5'),
('2954', 'Dakota_H19', 'Senior Project Manager, Engineering', '2020-5-9', 'Looking for entertains person. 2 years experience.', 'Finance', '1', '4'),
('2518', 'Harley_O29', 'Well Servicing Rig Operator', '2020-12-3', 'Looking for confidence person. 3 years experience.', 'Business Management and Administration', '1', '5'),
('1959', 'Finley_E02', 'Pathology Technician', '2020-8-4', 'Looking for ebullience person. 2 years experience.', 'Transportation, Distribution and Logistics', '1', '4'),
('1588', 'Rowan_G61', 'Highway Design Engineer', '2020-5-15', 'Looking for carefree person. 1 years experience.', 'Manufacturing', '0', '1'),
('1073', 'Casey_G98', 'Food Dehydrator Operator', '2020-5-11', 'Looking for stabilize person. 4 years experience.', 'Human Services', '0', '4'),
('2828', 'Ryan_H04', 'Project Development Director', '2020-3-20', 'Looking for rock-stars person. 1 years experience.', 'Science, Technology, Engineering, and Mathematics', '0', '1'),
('1461', 'Rylan_K04', 'Credit Union Examiner', '2020-6-7', 'Looking for hail person. 5 years experience.', 'Law, Public Safety, Corrections and Security', '1', '5'),
('1798', 'Angel_D17', 'Project Consultant', '2020-3-23', 'Looking for gusto person. 1 years experience.', 'Finance', '0', '3'),
('1879', 'Rowan_G61', 'Clerk-Operator', '2020-9-13', 'Looking for supporter person. 2 years experience.', 'Human Services', '0', '3'),
('1555', 'Toby_F94', 'Greenhouse or Nursery Transplanter', '2020-5-22', 'Looking for thriving person. 4 years experience.', 'Manufacturing', '1', '5'),
('2589', 'Emory_S05', 'Pecan Cleaner', '2020-9-6', 'Looking for supported person. 4 years experience.', 'Arts, Audio/Video, and Communications', '0', '5'),
('1459', 'Sam_J61', 'Resident Surgeon', '2020-8-6', 'Looking for navigable person. 1 years experience.', 'Hospitality and Tourism', '0', '1'),
('1783', 'Hayden_W74', 'Computational Linguist', '2020-6-25', 'Looking for glimmering person. 2 years experience.', 'Law, Public Safety, Corrections and Security', '0', '5'),
('1512', 'River_J05', 'Food Safety Scientist', '2020-6-5', 'Looking for fun person. 2 years experience.', 'Arts, Audio/Video, and Communications', '1', '2'),
('1709', 'Riley_H59', 'Acid Adjuster', '2020-10-20', 'Looking for endorse person. 2 years experience.', 'Health Science', '1', '4'),
('1716', 'Sawyer_S04', 'Cancer Program Director', '2020-2-8', 'Looking for enthuse person. 5 years experience.', 'Arts, Audio/Video, and Communications', '1', '2'),
('1776', 'Shawn_P47', 'General Practitioner', '2020-2-23', 'Looking for astound person. 2 years experience.', 'Human Services', '0', '4'),
('2035', 'Emory_S05', 'Die Out Worker', '2020-7-15', 'Looking for tougher person. 3 years experience.', 'Information Technology', '1', '4'),
('1305', 'Elliott_B31', 'Materials Engineer', '2020-2-21', 'Looking for providence person. 3 years experience.', 'Transportation, Distribution and Logistics', '1', '2'),
('2963', 'Remy_W76', 'Veterinary Assistant Technician', '2020-10-21', 'Looking for proving person. 3 years experience.', 'Finance', '0', '2'),
('2525', 'Justice_H15', 'Special Effects Specialist', '2020-12-8', 'Looking for rock-stars person. 4 years experience.', 'Agriculture and Natural Resources', '0', '1'),
('2761', 'Finley_E02', 'Recorder Helper, Gravity Prospecting', '2020-7-11', 'Looking for rewarding person. 5 years experience.', 'Law, Public Safety, Corrections and Security', '1', '1'),
('2053', 'Dallas_F71', 'Charge Master Coordinator', '2020-1-22', 'Looking for thrills person. 2 years experience.', 'Hospitality and Tourism', '1', '4'),
('1183', 'Zion_M88', 'Marketing Ambassador', '2020-5-25', 'Looking for optimistic person. 1 years experience.', 'Architecture and Construction', '0', '4'),
('1201', 'Taylor_R15', 'Slab Tripper', '2020-9-21', 'Looking for success person. 3 years experience.', 'Human Services', '0', '2'),
('2928', 'River_J05', 'Shoe Sewing Machine Operator and Tender', '2020-7-5', 'Looking for rockstar person. 1 years experience.', 'Information Technology', '0', '5'),
('1613', 'Tatum_R96', 'Print-Color Operator', '2020-12-6', 'Looking for romantic person. 1 years experience.', 'Human Services', '1', '1'),
('1197', 'Stevie_L20', 'Roll-Edge Stitcher, Hand', '2020-7-1', 'Looking for indulgence person. 1 years experience.', 'Agriculture and Natural Resources', '1', '3'),
('1872', 'Milan_O43', 'Editor & Co-Founder', '2020-9-22', 'Looking for talents person. 4 years experience.', 'Government and Public Administration', '1', '1'),
('1422', 'Rowan_G61', 'Differential Specialist', '2020-9-21', 'Looking for solace person. 5 years experience.', 'Law, Public Safety, Corrections and Security', '0', '4'),
('1004', 'Dakota_H19', 'Metal Fabricator Apprentice', '2020-7-25', 'Looking for thumb-up person. 4 years experience.', 'Law, Public Safety, Corrections and Security', '1', '4'),
('1715', 'Taylor_H27', 'Automatic Vulcanizing Operator', '2020-2-23', 'Looking for sufficient person. 2 years experience.', 'Marketing, Sales and Service', '0', '4'),
('2191', 'Elliott_B31', 'Deputy County Counsel', '2020-3-16', 'Looking for vouch person. 1 years experience.', 'Law, Public Safety, Corrections and Security', '1', '3'),
('2365', 'Milan_O43', 'Parts Expediter', '2020-8-29', 'Looking for unmatched person. 4 years experience.', 'Science, Technology, Engineering, and Mathematics', '1', '3'),
('1869', 'Azariah_B29', 'Paint Mixer, Hand', '2020-11-13', 'Looking for well-being person. 4 years experience.', 'Hospitality and Tourism', '1', '2'),
('2629', 'Avery_H57', 'Flight-Operations Inspector', '2020-4-20', 'Looking for bargain person. 5 years experience.', 'Education and Training', '0', '2'),
('1840', 'Hayden_W74', 'Supervisor, Insulation', '2020-1-2', 'Looking for positives person. 3 years experience.', 'Arts, Audio/Video, and Communications', '1', '4'),
('2726', 'Phoenix_F77', 'Boiler Helper', '2020-12-10', 'Looking for exuberance person. 2 years experience.', 'Information Technology', '0', '3'),
('1722', 'Leighton_G98', 'Automated Equipment Engineer-Technician', '2020-2-6', 'Looking for heroine person. 4 years experience.', 'Information Technology', '0', '5'),
('2142', 'Shawn_P47', 'Rehab RN', '2020-5-21', 'Looking for trusting person. 4 years experience.', 'Transportation, Distribution and Logistics', '1', '2'),
('1690', 'Elliott_B31', 'Auxiliary Powerplant Operator', '2020-8-26', 'Looking for accessible person. 4 years experience.', 'Government and Public Administration', '0', '3'),
('1389', 'Landry_G35', 'Risk Control Manager', '2020-7-1', 'Looking for brilliant person. 5 years experience.', 'Hospitality and Tourism', '1', '2'),
('1020', 'Rowan_G61', 'Workgroup Leader', '2020-11-8', 'Looking for enhances person. 1 years experience.', 'Health Science', '1', '2'),
('1684', 'Amari_C99', 'Process Owner', '2020-2-1', 'Looking for aspiration person. 5 years experience.', 'Architecture and Construction', '0', '2'),
('2622', 'Sean_P90', 'Satellite Communications Operator', '2020-7-3', 'Looking for effortless person. 5 years experience.', 'Marketing, Sales and Service', '0', '1'),
('2930', 'Avery_H57', 'Dehorner', '2020-11-27', 'Looking for exceeds person. 1 years experience.', 'Transportation, Distribution and Logistics', '1', '4'),
('2959', 'Rylan_K04', 'Bobbin Loose End Finder', '2020-11-23', 'Looking for rockstars person. 4 years experience.', 'Business Management and Administration', '0', '2'),
('1762', 'Oakley_A10', 'Lost Charge Card Clerk', '2020-3-16', 'Looking for fervent person. 4 years experience.', 'Business Management and Administration', '0', '2'),
('1750', 'Riley_H59', 'Corner Brace Block Machine Operator', '2020-7-9', 'Looking for freedoms person. 4 years experience.', 'Government and Public Administration', '0', '3'),
('2066', 'Sage_C50', 'Photoengraving Apprentice', '2020-4-20', 'Looking for marvellous person. 5 years experience.', 'Information Technology', '0', '5'),
('2084', 'Emory_S05', 'Concrete-Hopper Operator', '2020-10-13', 'Looking for illuminate person. 4 years experience.', 'Finance', '1', '3'),
('2941', 'Zion_M88', 'Floor Molder', '2020-12-4', 'Looking for classic person. 2 years experience.', 'Health Science', '1', '2'),
('2528', 'Landry_G35', 'Supervisor, Inspection Department', '2020-9-23', 'Looking for hot person. 3 years experience.', 'Manufacturing', '0', '2'),
('1039', 'Casey_G98', 'Irrigation Service Technician', '2020-11-22', 'Looking for beckon person. 4 years experience.', 'Manufacturing', '0', '3'),
('2203', 'Justice_H15', 'Landcare Facilitator', '2020-10-4', 'Looking for wonder person. 3 years experience.', 'Agriculture and Natural Resources', '0', '1'),
('1794', 'Shawn_P47', 'Dog Licenser', '2020-9-21', 'Looking for smartest person. 1 years experience.', 'Finance', '1', '5'),
('1914', 'Val_B35', 'Senior IT Security Analyst', '2020-12-28', 'Looking for deginified person. 3 years experience.', 'Education and Training', '1', '5'),
('2091', 'Val_B35', 'Linter Tender', '2020-8-5', 'Looking for fecilitous person. 5 years experience.', 'Law, Public Safety, Corrections and Security', '0', '3'),
('2961', 'Rory_M87', 'Tester, Wafer Substrate', '2020-7-20', 'Looking for fair person. 3 years experience.', 'Education and Training', '1', '2'),
('2342', 'Peyton_M79', 'Rewrite Editor', '2020-8-1', 'Looking for gainful person. 3 years experience.', 'Arts, Audio/Video, and Communications', '0', '5'),
('1421', 'West_S54', 'Fermenting Cellar Dropper', '2020-12-3', 'Looking for elation person. 3 years experience.', 'Architecture and Construction', '1', '1'),
('2063', 'Hayden_W74', 'Office Clinician', '2020-2-4', 'Looking for astonished person. 3 years experience.', 'Hospitality and Tourism', '0', '3'),
('2137', 'Emerson_W39', 'Fender Mechanic', '2020-9-16', 'Looking for convience person. 5 years experience.', 'Hospitality and Tourism', '0', '5'),
('1231', 'Dakota_H19', 'Grants Director', '2020-3-2', 'Looking for supporter person. 4 years experience.', 'Hospitality and Tourism', '1', '5'),
('1785', 'Sawyer_S04', 'Tester, Waste Disposal Leakage', '2020-3-18', 'Looking for relish person. 5 years experience.', 'Business Management and Administration', '0', '1'),
('2024', 'Phoenix_F77', 'Dog or Animal Sitter', '2020-7-17', 'Looking for supports person. 5 years experience.', 'Architecture and Construction', '1', '4'),
('2620', 'Eden_H72', 'Pump-Servicer Helper', '2020-9-26', 'Looking for shimmering person. 5 years experience.', 'Agriculture and Natural Resources', '1', '1'),
('1093', 'Sage_C50', 'Sweet Potato Disintegrator', '2020-2-16', 'Looking for hotcake person. 4 years experience.', 'Hospitality and Tourism', '0', '5'),
('1214', 'Reese_M82', 'Bottle and Glass Inspector', '2020-1-23', 'Looking for god-given person. 4 years experience.', 'Law, Public Safety, Corrections and Security', '1', '3'),
('1532', 'Casey_G98', 'Computer Tape Librarian', '2020-8-22', 'Looking for invaluable person. 1 years experience.', 'Government and Public Administration', '0', '1'),
('1409', 'Val_B35', 'Provider Contracting Consultant', '2020-1-10', 'Looking for smoother person. 4 years experience.', 'Marketing, Sales and Service', '1', '2'),
('1420', 'Alexis_S42', 'Quotation Clerk', '2020-2-16', 'Looking for grin person. 1 years experience.', 'Agriculture and Natural Resources', '1', '1'),
('2695', 'Winter_F39', 'Nail Technician', '2020-1-19', 'Looking for gained person. 1 years experience.', 'Law, Public Safety, Corrections and Security', '0', '1'),
('1464', 'Phoenix_F77', 'Print Binding Worker', '2020-7-24', 'Looking for bolster person. 4 years experience.', 'Arts, Audio/Video, and Communications', '1', '1'),
('2040', 'Tanner_P23', 'Measuring-Machine Tender', '2020-3-8', 'Looking for sweetheart person. 4 years experience.', 'Science, Technology, Engineering, and Mathematics', '0', '4'),
('1510', 'Finley_E02', 'Air Conditioning Manager', '2020-10-16', 'Looking for gladden person. 4 years experience.', 'Education and Training', '1', '1'),
('1603', 'Peyton_M79', 'Cement Worker', '2020-1-14', 'Looking for awsome person. 1 years experience.', 'Government and Public Administration', '0', '3'),
('1902', 'Rowan_G61', 'Ultrasonic Tester', '2020-1-14', 'Looking for beckoned person. 3 years experience.', 'Law, Public Safety, Corrections and Security', '1', '1'),
('1341', 'Lennon_R77', 'Humidifier Attendant', '2020-4-26', 'Looking for spotless person. 5 years experience.', 'Information Technology', '1', '3'),
('2684', 'Val_B35', 'Content Producer', '2020-1-3', 'Looking for triumph person. 4 years experience.', 'Information Technology', '1', '4'),
('2606', 'Lennon_R77', 'Office Support', '2020-4-20', 'Looking for award person. 2 years experience.', 'Information Technology', '1', '3'),
('2245', 'Elliott_B31', 'Tour Production Supervisor', '2020-2-16', 'Looking for spellbind person. 5 years experience.', 'Education and Training', '0', '2'),
('1369', 'Reese_M82', 'Van Owner Operator', '2020-1-8', 'Looking for sensitive person. 5 years experience.', 'Manufacturing', '1', '1'),
('2405', 'Elliott_B31', 'Volleyball Assistant Coach', '2020-7-27', 'Looking for top-notch person. 4 years experience.', 'Finance', '0', '1'),
('1150', 'Lennon_R77', 'Input Output Clerk', '2020-1-13', 'Looking for sharp person. 2 years experience.', 'Human Services', '0', '4'),
('1149', 'Sage_C50', 'Spanish Medical Interpreter', '2020-8-12', 'Looking for exceed person. 5 years experience.', 'Marketing, Sales and Service', '0', '4'),
('2233', 'Lennon_R77', 'Director Risk', '2020-5-25', 'Looking for prudent person. 2 years experience.', 'Agriculture and Natural Resources', '1', '1'),
('1782', 'River_J05', 'Iron Carrier', '2020-4-20', 'Looking for prowess person. 4 years experience.', 'Transportation, Distribution and Logistics', '0', '1'),
('1693', 'Jordan_W02', 'Crusher Loader Operator', '2020-3-8', 'Looking for issue-free person. 3 years experience.', 'Government and Public Administration', '0', '1'),
('2172', 'Angel_D17', 'Oil Distributor', '2020-7-14', 'Looking for excelled person. 5 years experience.', 'Manufacturing', '1', '5'),
('1860', 'Emerson_W39', 'Shot-Grinder Operator', '2020-2-15', 'Looking for grand person. 5 years experience.', 'Architecture and Construction', '1', '4'),
('2709', 'Tatum_R96', 'Flue-Dust Laborer', '2020-11-2', 'Looking for appealing person. 3 years experience.', 'Health Science', '0', '1'),
('2766', 'Rylan_K04', 'Antichecking-Iron Worker', '2020-3-16', 'Looking for phenomenal person. 2 years experience.', 'Arts, Audio/Video, and Communications', '1', '2'),
('2980', 'Sawyer_S04', 'Construction Sales Manager', '2020-11-4', 'Looking for acumen person. 2 years experience.', 'Science, Technology, Engineering, and Mathematics', '0', '1'),
('1618', 'Skyler_D84', 'Register of Wills', '2020-7-21', 'Looking for glee person. 5 years experience.', 'Science, Technology, Engineering, and Mathematics', '0', '2'),
('2188', 'Taylor_R15', 'Truck Supervisor', '2020-2-21', 'Looking for resound person. 1 years experience.', 'Information Technology', '1', '5'),
('1272', 'Milan_O43', 'MRI CT Tech', '2020-10-3', 'Looking for stunned person. 1 years experience.', 'Architecture and Construction', '1', '4'),
('2418', 'Riley_H59', 'Stripper-Opaquer', '2020-6-4', 'Looking for intriguing person. 5 years experience.', 'Health Science', '1', '5'),
('1242', 'Stevie_L20', 'Lathing Supervisor', '2020-12-26', 'Looking for famed person. 4 years experience.', 'Agriculture and Natural Resources', '1', '4'),
('2267', 'Justice_H15', 'Bat Carrier', '2020-6-6', 'Looking for deserving person. 1 years experience.', 'Agriculture and Natural Resources', '0', '1'),
('1222', 'Dallas_F71', 'Cotton Factor', '2020-1-28', 'Looking for truthful person. 2 years experience.', 'Arts, Audio/Video, and Communications', '0', '4'),
('2222', 'Tatum_R96', 'Tenderizer Tender', '2020-10-9', 'Looking for stupendous person. 3 years experience.', 'Arts, Audio/Video, and Communications', '0', '2'),
('1594', 'West_S54', 'Dust Brush Assembler', '2020-9-23', 'Looking for helping person. 3 years experience.', 'Manufacturing', '1', '3'),
('2808', 'Charlie_G36', 'Avian Keeper', '2020-7-21', 'Looking for enraptured person. 1 years experience.', 'Health Science', '0', '5'),
('1654', 'Ryan_H04', 'Cork Insulation Installer', '2020-4-9', 'Looking for audible person. 5 years experience.', 'Government and Public Administration', '0', '2'),
('1942', 'Remy_W76', 'Regional Clinical Research Associate', '2020-12-29', 'Looking for faster person. 2 years experience.', 'Government and Public Administration', '0', '4'),
('1513', 'Tatum_R96', 'Applied Research Director', '2020-6-21', 'Looking for bonus person. 3 years experience.', 'Architecture and Construction', '0', '1'),
('1273', 'Rowan_G61', 'Civil Defense Director', '2020-5-7', 'Looking for god-send person. 2 years experience.', 'Business Management and Administration', '0', '5'),
('1569', 'West_S54', 'Furniture Assembler and Installer', '2020-7-24', 'Looking for succeeds person. 3 years experience.', 'Manufacturing', '1', '4'),
('1415', 'Sam_J61', 'Contact Center Associate', '2020-6-16', 'Looking for beckoned person. 5 years experience.', 'Architecture and Construction', '0', '3'),
('1355', 'Winter_F39', 'Roller-Machine Operator', '2020-12-8', 'Looking for supporter person. 5 years experience.', 'Manufacturing', '1', '1'),
('2504', 'River_J05', 'Ruby on Rails Software Developer', '2020-6-9', 'Looking for greatest person. 3 years experience.', 'Human Services', '1', '5'),
('1332', 'Elliot_H26', 'Die Cutter Operator', '2020-4-10', 'Looking for adjustable person. 2 years experience.', 'Government and Public Administration', '0', '2'),
('2336', 'Dakota_H19', 'Flexible Nanny', '2020-7-20', 'Looking for faithful person. 1 years experience.', 'Hospitality and Tourism', '1', '2'),
('2058', 'Skyler_D84', 'Mattress and Foundation Sewer', '2020-11-14', 'Looking for endorse person. 5 years experience.', 'Education and Training', '1', '4'),
('2412', 'Lennon_R77', 'Assistant Teacher', '2020-8-3', 'Looking for clearer person. 3 years experience.', 'Law, Public Safety, Corrections and Security', '1', '5'),
('1232', 'Elliot_H26', 'Workers Compensation Consultant', '2020-6-19', 'Looking for chic person. 4 years experience.', 'Information Technology', '0', '3'),
('2133', 'Charlie_G36', 'Leather Drier', '2020-12-16', 'Looking for revel person. 2 years experience.', 'Hospitality and Tourism', '1', '4'),
('1843', 'Lyric_C78', 'Sybase Developer', '2020-5-18', 'Looking for prodigious person. 2 years experience.', 'Human Services', '0', '2'),
('1846', 'Winter_F39', 'Customer Retention Representative', '2020-3-15', 'Looking for flawless person. 1 years experience.', 'Health Science', '0', '4'),
('1467', 'Jamie_C88', 'Sweet-Goods-Machine Operator', '2020-2-16', 'Looking for masters person. 3 years experience.',  'Manufacturing', '1', '5');

INSERT INTO CreditCardInfo(CCNumber, ExpireDate, CCBNumber, IsDefault, Auto_Manual)
VALUES ('4360039134940241', '2021-1-2', '210', '0', '1'),
('9872704821084603', '2021-4-9', '813', '0', '1'),
('0774047730831489', '2021-3-17', '826', '1', '1'),
('9089450359228663', '2021-6-3', '713', '0', '0'),
('6542885245057715', '2021-6-12', '149', '0', '0'),
('0224828067521531', '2021-10-7', '592', '1', '0'),
('0164252145812743', '2021-8-6', '154', '1', '1'),
('3816186436532969', '2021-3-17', '636', '0', '1'),
('6388802089067072', '2021-10-19', '045', '0', '1'),
('9850062146978182', '2022-3-13', '361', '1', '0'),
('8884988974352917', '2022-10-6', '993', '1', '0'),
('3227642914805549', '2021-8-15', '970', '0', '0'),
('5073451169926177', '2021-1-3', '318', '1', '1'),
('8422033895873108', '2022-4-18', '019', '1', '1'),
('1956535207740079', '2021-5-9', '463', '1', '1'),
('1003433946788758', '2022-1-25', '555', '1', '0'),
('0947068509927593', '2022-8-25', '634', '1', '1'),
('2878760248704066', '2022-3-13', '724', '1', '1'),
('7138538135246778', '2021-11-9', '562', '0', '0'),
('6625771870355011', '2021-4-4', '022', '0', '1'),
('9904030659915172', '2022-6-22', '907', '1', '0'),
('0434865734595622', '2021-10-24', '378', '1', '0'),
('4604931196843349', '2021-5-9', '391', '0', '1'),
('1217985407649942', '2022-2-17', '276', '1', '1'),
('4423441946027111', '2022-5-14', '135', '1', '0'),
('1898646441184357', '2022-2-3', '773', '0', '1'),
('9318483239290904', '2022-8-24', '628', '0', '0'),
('4921643632356384', '2021-1-24', '324', '0', '0'),
('7987112696764833', '2021-5-2', '659', '1', '0'),
('7974965552120806', '2022-2-10', '898', '1', '0'),
('6948768436611413', '2022-6-7', '618', '1', '0'),
('2999221346194664', '2022-4-2', '168', '1', '1'),
('7439473038040289', '2022-4-1', '799', '1', '0'),
('5679811444702010', '2021-7-4', '177', '0', '1'),
('3897239917587165', '2021-4-19', '423', '1', '0'),
('2798025702447262', '2021-4-14', '533', '0', '0'),
('1337114210443695', '2021-8-8', '291', '1', '0'),
('6861044560919097', '2022-2-4', '368', '1', '0'),
('5286235146094880', '2022-6-19', '072', '1', '1'),
('4725183477624009', '2021-4-17', '907', '1', '1'),
('7788405264625962', '2022-4-7', '151', '0', '0'),
('6154818375113674', '2021-9-14', '706', '1', '1'),
('5764545813418980', '2022-10-12', '574', '0', '1'),
('5329981843219441', '2022-7-6', '338', '1', '1'),
('1683911568987929', '2022-10-24', '534', '0', '0'),
('6077110305116812', '2021-7-25', '664', '0', '1'),
('8315669543248904', '2022-3-12', '132', '1', '1'),
('2871273022892500', '2022-7-15', '808', '1', '1'),
('1906128114116323', '2021-5-24', '409', '1', '1'),
('9168503247865632', '2022-10-9', '056', '1', '0'),
('3670779944036437', '2022-10-7', '875', '0', '1'),
('0793919673739179', '2022-1-15', '550', '0', '0'),
('2402887906124852', '2022-8-10', '354', '1', '0'),
('2864688429544236', '2022-2-19', '176', '0', '1'),
('5454710690341860', '2021-3-26', '214', '1', '0'),
('6547867433347285', '2021-1-28', '357', '1', '1'),
('5468228034756957', '2021-6-24', '272', '0', '1'),
('5848752413306912', '2021-3-18', '340', '0', '1'),
('3347391632049933', '2022-1-22', '881', '0', '0'),
('8276370746523940', '2021-9-1', '022', '0', '0'),
('2585744144915338', '2021-9-16', '201', '0', '0'),
('1867903637314690', '2022-1-10', '034', '0', '1'),
('7840137419586825', '2022-1-2', '957', '1', '0'),
('9308634217873367', '2021-6-28', '670', '0', '1'),
('2938616691178457', '2022-5-18', '150', '1', '0'),
('2896621070915713', '2022-4-27', '917', '0', '0'),
('9472154138582616', '2022-3-6', '918', '1', '0'),
('6435684994352528', '2021-5-11', '550', '1', '1'),
('1850658014065723', '2022-9-14', '834', '0', '0'),
('5597294336068188', '2021-2-11', '089', '1', '1'),
('9197134162522359', '2022-7-10', '452', '1', '1'),
('8676687408705613', '2021-8-26', '909', '0', '1'),
('0259909142419018', '2022-6-22', '614', '1', '0'),
('4979320640893242', '2022-3-16', '761', '0', '0'),
('1929691100330926', '2022-1-9', '014', '0', '0'),
('7616071326617542', '2021-10-25', '813', '0', '0'),
('6989408370297929', '2022-2-6', '392', '1', '1'),
('9131993430500748', '2022-2-9', '187', '0', '0'),
('9490517067668466', '2021-7-6', '093', '0', '0'),
('8251964242840802', '2022-4-24', '863', '1', '1'),
('1412506779691887', '2022-10-27', '969', '0', '0'),
('5458418054204693', '2022-2-17', '059', '1', '1'),
('5425702493558963', '2021-3-19', '344', '1', '0'),
('4031638118559537', '2022-10-9', '540', '1', '1'),
('5594265082388303', '2022-6-27', '623', '1', '0'),
('0642786703936969', '2022-1-20', '960', '1', '0'),
('9388921211406267', '2022-9-23', '148', '0', '1'),
('5862464731203895', '2022-11-24', '136', '1', '0'),
('8896219760936115', '2021-9-7', '457', '1', '0'),
('0289653094225487', '2022-3-1', '027', '1', '0'),
('8608380300650614', '2021-10-7', '788', '0', '0'),
('4479264858769398', '2021-10-21', '406', '1', '0'),
('2824287403398698', '2021-3-27', '055', '1', '0'),
('0438927550323469', '2022-10-7', '845', '1', '1'),
('0239742891954026', '2021-6-3', '289', '1', '1'),
('5395431322563330', '2022-3-20', '097', '1', '0'),
('0493952085747616', '2022-3-5', '300', '1', '0'),
('3499935359033534', '2021-11-28', '287', '1', '1'),
('3708632267093031', '2021-11-24', '293', '0', '0'),
('8060244208899089', '2021-6-28', '606', '0', '0'),
('4322877821980297', '2021-2-10', '380', '1', '1'),
('8271340854271362', '2022-10-28', '373', '1', '0'),
('0176278529445071', '2021-9-9', '420', '1', '0'),
('5608173768227984', '2022-5-11', '231', '1', '1'),
('1797846234869836', '2021-10-13', '079', '0', '0'),
('3807488008271002', '2021-8-11', '950', '0', '0'),
('0863715634039403', '2022-6-24', '950', '0', '1'),
('8320140963035279', '2022-8-12', '947', '1', '1'),
('8421982493501757', '2022-9-15', '509', '1', '1'),
('0775156371692322', '2021-4-17', '941', '1', '0'),
('6035745410750850', '2022-3-15', '623', '1', '0'),
('3393930415955962', '2022-4-2', '308', '1', '1'),
('3567424714055294', '2021-5-12', '545', '1', '1'),
('0990694293874430', '2021-11-23', '922', '1', '0'),
('1343039306988755', '2021-10-18', '349', '1', '0'),
('8446562536930304', '2022-3-23', '298', '1', '1'),
('7823663677392565', '2021-7-9', '619', '1', '1'),
('6909233284247210', '2022-2-19', '206', '1', '0'),
('1130480501043364', '2021-5-2', '757', '1', '1'),
('5941107636564612', '2022-11-11', '560', '0', '1'),
('0819452183766166', '2021-4-22', '945', '0', '1'),
('5357444449609033', '2022-11-8', '584', '0', '1'),
('0094921573509185', '2022-3-8', '581', '0', '0'),
('0383095622328627', '2021-4-23', '718', '0', '0'),
('4943337636572138', '2021-5-23', '281', '0', '0'),
('0696118309405148', '2021-8-2', '665', '0', '0'),
('8517323298522337', '2022-2-10', '676', '0', '1'),
('3109361292731299', '2022-10-9', '801', '0', '1'),
('5581979768580636', '2022-11-26', '329', '1', '0'),
('5816414366548909', '2021-10-11', '289', '1', '0'),
('6119274092048196', '2022-10-23', '105', '1', '1'),
('5954229015236568', '2021-7-1', '886', '0', '1'),
('4259054736071017', '2022-4-19', '114', '0', '1'),
('9292776087082711', '2022-7-28', '462', '1', '0'),
('2365328277463411', '2022-5-27', '530', '0', '1'),
('2995315123862354', '2022-8-12', '505', '1', '0'),
('9842760127074245', '2022-3-7', '261', '0', '1'),
('6542751426939833', '2022-4-7', '911', '1', '1'),
('6624357621712776', '2022-2-8', '976', '0', '1'),
('3679854632393206', '2022-1-20', '327', '0', '1'),
('2299738568863215', '2022-9-14', '791', '1', '1'),
('5199204444066398', '2021-9-5', '670', '1', '1'),
('4730323470097541', '2022-3-21', '760', '1', '1'),
('4022421163157214', '2022-9-28', '870', '1', '1'),
('6853707186851583', '2021-9-10', '012', '0', '0'),
('0965553534511005', '2022-4-22', '464', '0', '0'),
('8758684050908241', '2022-11-6', '816', '0', '1'),
('8183437280059838', '2022-6-18', '815', '0', '1'),
('6997625211066302', '2022-6-23', '279', '1', '1'),
('7926775548295359', '2021-10-10', '391', '0', '0');

INSERT INTO PADInfo(AccountNumber, InstituteNumber, BranchNumber, IsDefault, Auto_Manual)
VALUES ('9982789', '294', '83', '1', '0'),
('0055059', '328', '96', '1', '1'),
('7720831', '310', '16', '0', '1'),
('9931175', '879', '16', '1', '1'),
('7637654', '803', '53', '1', '0'),
('1803132', '359', '64', '0', '1'),
('0693732', '604', '94', '0', '1'),
('1793827', '039', '27', '1', '0'),
('1090203', '003', '33', '1', '1'),
('2197123', '352', '98', '0', '0'),
('2711300', '269', '61', '0', '0'),
('7931667', '618', '88', '1', '1'),
('0169658', '890', '62', '0', '0'),
('9204535', '339', '95', '0', '1'),
('7568617', '308', '23', '0', '1'),
('3237806', '269', '76', '0', '0'),
('7155513', '570', '40', '0', '1'),
('2328317', '568', '15', '0', '0'),
('5602815', '292', '12', '1', '0'),
('2634581', '345', '12', '1', '1'),
('8670011', '311', '77', '0', '0'),
('5169245', '326', '75', '0', '0'),
('4384230', '039', '53', '1', '0'),
('4032801', '853', '34', '0', '0'),
('3233243', '010', '58', '0', '1'),
('6897479', '177', '1', '1', '0'),
('5641455', '294', '2', '1', '0'),
('3271813', '328', '2', '1', '0'),
('7538691', '623', '36', '0', '1'),
('5478163', '614', '97', '0', '1'),
('7065512', '322', '81', '0', '0'),
('9379426', '829', '45', '0', '0'),
('7996600', '620', '6', '0', '1'),
('7632884', '842', '81', '1', '0'),
('1468303', '336', '14', '0', '1'),
('6569474', '323', '86', '1', '1'),
('3849223', '840', '59', '0', '1'),
('5895870', '349', '98', '0', '1'),
('4751412', '344', '8', '0', '1'),
('9905084', '846', '76', '0', '1'),
('9042122', '326', '17', '1', '1'),
('9376510', '603', '96', '0', '0'),
('3084086', '219', '71', '1', '0'),
('9696461', '360', '75', '0', '0'),
('9242450', '819', '90', '1', '1'),
('4644737', '839', '84', '1', '0'),
('0783467', '340', '8', '0', '0'),
('6993572', '240', '23', '0', '1'),
('8500513', '030', '67', '0', '0'),
('5870807', '570', '98', '0', '0'),
('9240568', '344', '91', '1', '0'),
('7751438', '001', '27', '1', '0'),
('3505501', '536', '87', '0', '0'),
('3793202', '630', '49', '1', '0'),
('6093474', '819', '85', '0', '0'),
('0364520', '292', '20', '0', '0'),
('8497521', '532', '71', '1', '0'),
('2852194', '334', '87', '1', '0'),
('1485382', '308', '70', '1', '1'),
('9872599', '002', '65', '1', '0'),
('8177896', '807', '37', '1', '1'),
('7974717', '630', '30', '1', '0'),
('0491965', '016', '97', '0', '1'),
('5479126', '590', '82', '1', '1'),
('4426918', '608', '44', '0', '1'),
('3550033', '332', '77', '1', '1'),
('6717672', '837', '20', '0', '1'),
('9746621', '016', '73', '0', '1'),
('3204801', '303', '34', '1', '1'),
('8865164', '016', '68', '0', '0'),
('3234783', '030', '90', '0', '0'),
('1149534', '340', '31', '1', '1'),
('6232762', '177', '31', '0', '1'),
('5588011', '608', '29', '1', '0'),
('2827331', '323', '25', '1', '0'),
('9869489', '314', '49', '1', '0'),
('9100578', '330', '51', '0', '1'),
('9863207', '592', '70', '1', '1'),
('5286795', '522', '49', '1', '0'),
('3996901', '597', '3', '0', '0'),
('6109560', '355', '86', '1', '0'),
('6479137', '603', '2', '0', '0'),
('6655965', '548', '75', '0', '1'),
('3111080', '360', '35', '0', '1'),
('2392661', '002', '17', '0', '1'),
('2732091', '570', '84', '0', '0'),
('0918334', '839', '37', '1', '1'),
('4275997', '830', '57', '0', '1'),
('1549996', '623', '28', '0', '0'),
('7372522', '339', '14', '0', '1'),
('2555462', '006', '42', '1', '1'),
('8414254', '879', '55', '0', '0'),
('5715685', '522', '31', '0', '1'),
('7908708', '625', '28', '0', '1'),
('2586846', '540', '71', '0', '0'),
('8918192', '336', '82', '0', '0'),
('2743327', '260', '58', '0', '0'),
('4798687', '003', '4', '0', '1'),
('0473971', '815', '3', '1', '0'),
('4214442', '551', '70', '1', '1'),
('3511415', '879', '22', '0', '1'),
('1595748', '333', '49', '0', '1'),
('2093220', '854', '95', '0', '1'),
('1543368', '270', '67', '0', '1'),
('6399449', '322', '62', '1', '0'),
('6601028', '853', '87', '1', '0'),
('7418676', '270', '77', '1', '0'),
('6740685', '592', '63', '0', '0'),
('7209248', '340', '11', '0', '0'),
('8660254', '620', '44', '0', '0'),
('4456441', '899', '87', '0', '0'),
('2455248', '550', '50', '0', '0'),
('6107781', '004', '1', '0', '0'),
('8318049', '294', '70', '0', '1'),
('5396932', '315', '66', '0', '0'),
('6346918', '269', '88', '0', '0'),
('8449333', '580', '81', '0', '0'),
('1675133', '177', '31', '0', '0'),
('2794263', '803', '85', '0', '0'),
('4599354', '853', '21', '1', '1'),
('6958996', '344', '85', '1', '0'),
('4689103', '606', '15', '1', '1'),
('5998522', '347', '27', '1', '0'),
('2104037', '551', '75', '1', '0'),
('7671196', '292', '4', '1', '0'),
('6270501', '333', '9', '1', '0'),
('6398176', '347', '68', '1', '1'),
('3492037', '551', '49', '1', '1'),
('8267251', '250', '37', '0', '0'),
('9443240', '358', '21', '0', '1'),
('6054868', '604', '59', '0', '1'),
('5965690', '842', '61', '1', '0'),
('8875937', '240', '86', '1', '1'),
('8960032', '270', '48', '0', '0'),
('8743458', '623', '52', '1', '1'),
('7307915', '332', '31', '0', '0'),
('2661436', '001', '78', '1', '1'),
('5820918', '177', '18', '0', '0'),
('8767704', '830', '7', '1', '1'),
('6902369', '270', '1', '1', '1'),
('2427742', '853', '65', '0', '0'),
('0915203', '621', '87', '0', '0'),
('6224908', '294', '1', '0', '0'),
('6743592', '808', '68', '0', '1'),
('6824291', '245', '2', '1', '1'),
('6464087', '865', '87', '1', '0'),
('6672269', '270', '56', '1', '0'),
('8063846', '548', '3', '1', '1'),
('5032468', '355', '7', '0', '1'),
('3982020', '840', '35', '1', '0');

INSERT INTO Application(ApplicantUserName, JobID, ApplicationStatus, ApplicationDate)
VALUES ('Peyton_K68', '1149', 'review', '2020-9-14'),
('Bailey_K84', '1149', 'review', '2020-1-2'),
('Ash_A33', '1149', 'hired', '2020-5-9'),
('Charlie_N94', '1149', 'review', '2020-4-15'),
('Hunter_J00', '1149', 'review', '2020-2-10'),
('Gray_M34', '1512', 'review', '2020-9-14'),
('Corey_P90', '1512', 'review', '2020-1-2'),
('Alex_L03', '1512', 'hired', '2020-5-9'),
('Bailey_K84', '1039', 'review', '2020-9-14'),
('Eli_S36', '1039', 'review', '2020-1-2'),
('Ryan_D03', '1039', 'hired', '2020-5-9'),
('Daryl_C82', '1222', 'review', '2020-9-14'),
('Brook_G38', '1222', 'review', '2020-1-2'),
('Tyler_R74', '1222', 'hired', '2020-5-9'),
('Riley_B91', '2040', 'review', '2020-9-14'),
('Emerson_A12', '2040', 'review', '2020-1-2'),
('Alex_L03', '2040', 'hired', '2020-5-9'),
('Dale_P10', '2040', 'review', '2020-4-15'),
('Chris_C45', '2040', 'review', '2020-2-10'),
('Eli_S36', '2040', 'accepted', '2020-10-9'),
('Ash_A33', '1879', 'review', '2020-9-14'),
('Lake_G65', '1750', 'review', '2020-9-14'),
('Addison_C73', '1750', 'review', '2020-1-2'),
('Pat_B40', '2980', 'review', '2020-9-14'),
('Harper_B65', '2980', 'review', '2020-1-2'),
('Amari_W09', '2091', 'review', '2020-9-14'),
('Lake_G65', '2091', 'review', '2020-1-2'),
('Morgan_W72', '1618', 'review', '2020-9-14'),
('Jordan_M39', '1618', 'review', '2020-1-2'),
('Blaine_L04', '1618', 'hired', '2020-5-9'),
('Rudy_R14', '1618', 'review', '2020-4-15'),
('Hunter_J00', '1618', 'review', '2020-2-10'),
('Casey_M74', '1355', 'review', '2020-9-14'),
('Jean_R28', '1355', 'review', '2020-1-2'),
('Caelan_A31', '1355', 'hired', '2020-5-9'),
('Riley_B91', '1355', 'review', '2020-4-15'),
('River_H84', '1160', 'review', '2020-9-14'),
('Lake_G65', '1160', 'review', '2020-1-2'),
('Gray_M34', '1782', 'review', '2020-9-14'),
('Cameron_W04', '1782', 'review', '2020-1-2'),
('Jules_C10', '1782', 'hired', '2020-5-9'),
('Peyton_W01', '1914', 'review', '2020-9-14'),
('Ray_S94', '1914', 'review', '2020-1-2'),
('Gabriel_R69', '1242', 'review', '2020-9-14'),
('Alex_G14', '1242', 'review', '2020-1-2'),
('Taylor_B93', '1242', 'hired', '2020-5-9'),
('Ainsley_L23', '1093', 'review', '2020-9-14'),
('Aubrey_H92', '1693', 'review', '2020-9-14'),
('Tyler_R74', '1693', 'review', '2020-1-2'),
('Charlie_N94', '2336', 'review', '2020-9-14'),
('Bobbie_H94', '2066', 'review', '2020-9-14'),
('Tatum_T56', '2066', 'review', '2020-1-2'),
('Dorian_E00', '1843', 'review', '2020-9-14'),
('Skylar_T04', '1843', 'review', '2020-1-2'),
('Alex_L03', '2325', 'review', '2020-9-14'),
('Addison_C73', '2325', 'review', '2020-1-2'),
('Morgan_W72', '1272', 'review', '2020-9-14'),
('Rudy_R14', '1272', 'review', '2020-1-2'),
('Ryan_D03', '2060', 'review', '2020-9-14'),
('Riley_B91', '2060', 'review', '2020-1-2'),
('Emerson_A12', '2060', 'hired', '2020-5-9'),
('Carroll_G33', '2060', 'review', '2020-4-15'),
('Ryan_D03', '2296', 'review', '2020-9-14'),
('Aubrey_H92', '1925', 'review', '2020-9-14'),
('Peyton_W01', '1925', 'review', '2020-1-2'),
('Bailey_K84', '1925', 'hired', '2020-5-9'),
('Reed_P10', '2629', 'review', '2020-9-14'),
('River_H84', '2629', 'review', '2020-1-2'),
('Aubrey_H92', '2142', 'review', '2020-9-14'),
('Frankie_R91', '2142', 'review', '2020-1-2'),
('Riley_B91', '2142', 'hired', '2020-5-9'),
('Alex_L03', '2142', 'review', '2020-4-15'),
('Blaine_L04', '2058', 'review', '2020-9-14'),
('Morgan_W72', '1709', 'review', '2020-9-14'),
('Dorian_E00', '1709', 'review', '2020-1-2'),
('Blake_M88', '1709', 'hired', '2020-5-9'),
('Bay_W28', '2954', 'review', '2020-9-14'),
('Alex_G14', '2954', 'review', '2020-1-2'),
('Kelly_T30', '2342', 'review', '2020-9-14'),
('Chris_C45', '2342', 'review', '2020-1-2'),
('Charlie_N94', '2342', 'hired', '2020-5-9'),
('Campbell_B09', '2342', 'review', '2020-4-15'),
('Brett_S54', '1736', 'review', '2020-9-14'),
('Jamie_B96', '1420', 'review', '2020-9-14'),
('Jordan_M39', '1420', 'review', '2020-1-2'),
('Hayden_M19', '1420', 'hired', '2020-5-9'),
('Eli_S36', '1420', 'review', '2020-4-15'),
('Drew_E73', '2024', 'review', '2020-9-14'),
('Frances_M41', '2024', 'review', '2020-1-2'),
('Riley_J20', '2024', 'hired', '2020-5-9'),
('Cameron_W04', '2024', 'review', '2020-4-15'),
('Adrian_R27', '2024', 'review', '2020-2-10'),
('Bay_W28', '1762', 'review', '2020-9-14'),
('Gray_M34', '2695', 'review', '2020-9-14'),
('Cameron_W04', '2695', 'review', '2020-1-2'),
('Jordan_M39', '2084', 'review', '2020-9-14'),
('Glenn_C03', '2084', 'review', '2020-1-2'),
('Drew_E73', '1783', 'review', '2020-9-14'),
('Ray_S94', '1783', 'review', '2020-1-2'),
('River_H84', '1783', 'hired', '2020-5-9'),
('Roan_B06', '1783', 'review', '2020-4-15'),
('Logan_R33', '1783', 'review', '2020-2-10'),
('Riley_J20', '1783', 'accepted', '2020-10-9'),
('Aspen_Y40', '1783', 'sent', '2020-8-20'),
('Gabriel_R69', '1783', 'review', '2020-6-3'),
('Rudy_R14', '2963', 'review', '2020-9-14'),
('Kennedy_P56', '1150', 'review', '2020-9-14'),
('Blaine_L04', '1150', 'review', '2020-1-2'),
('Hunter_J00', '1150', 'hired', '2020-5-9'),
('Hayden_M19', '1555', 'review', '2020-9-14'),
('Peyton_W01', '1555', 'review', '2020-1-2'),
('Chris_C45', '1555', 'hired', '2020-5-9'),
('Alex_G14', '1594', 'review', '2020-9-14'),
('River_H84', '1594', 'review', '2020-1-2'),
('Frankie_R91', '1594', 'hired', '2020-5-9'),
('Phoenix_T77', '2283', 'review', '2020-9-14'),
('Alex_G14', '2283', 'review', '2020-1-2'),
('River_H84', '2283', 'hired', '2020-5-9'),
('Riley_B91', '2283', 'review', '2020-4-15'),
('Pat_B40', '1776', 'review', '2020-9-14'),
('Adrian_R27', '1201', 'review', '2020-9-14'),
('Jean_R28', '1201', 'review', '2020-1-2'),
('Max_J41', '1532', 'review', '2020-9-14'),
('Dakota_T77', '1532', 'review', '2020-1-2'),
('Jesse_C29', '1532', 'hired', '2020-5-9'),
('Carroll_G33', '1532', 'review', '2020-4-15'),
('Jordan_R00', '1532', 'review', '2020-2-10'),
('Dale_P10', '1532', 'accepted', '2020-10-9'),
('Dale_P10', '1959', 'review', '2020-9-14'),
('Logan_R33', '1959', 'review', '2020-1-2'),
('River_H84', '1959', 'hired', '2020-5-9'),
('Gabriel_R69', '1073', 'review', '2020-9-14'),
('Brett_S54', '1073', 'review', '2020-1-2'),
('Gabriel_R69', '2203', 'review', '2020-9-14'),
('Lake_G65', '2961', 'review', '2020-9-14'),
('Andy_W93', '1603', 'review', '2020-9-14'),
('Blake_M88', '1603', 'review', '2020-1-2'),
('Aubrey_H92', '2418', 'review', '2020-9-14'),
('Adrian_R27', '2418', 'review', '2020-1-2'),
('River_W46', '2418', 'hired', '2020-5-9'),
('Alex_L03', '2418', 'review', '2020-4-15'),
('Frankie_R91', '2172', 'review', '2020-9-14'),
('Logan_R33', '2172', 'review', '2020-1-2'),
('Bay_W28', '2172', 'hired', '2020-5-9'),
('Blake_M88', '1798', 'review', '2020-9-14'),
('Gabriel_R69', '1798', 'review', '2020-1-2'),
('Caelan_A31', '1798', 'hired', '2020-5-9'),
('Kennedy_P56', '1798', 'review', '2020-4-15'),
('Ash_A33', '1872', 'review', '2020-9-14'),
('Hunter_J00', '1872', 'review', '2020-1-2'),
('Hayden_M19', '1872', 'hired', '2020-5-9'),
('Charlie_N94', '1872', 'review', '2020-4-15'),
('Max_J41', '1362', 'review', '2020-9-14'),
('Dakota_T77', '1362', 'review', '2020-1-2'),
('Dana_R67', '1050', 'review', '2020-9-14'),
('Aspen_Y40', '1050', 'review', '2020-1-2'),
('Eddie_C45', '1050', 'hired', '2020-5-9'),
('Elliott_S29', '1050', 'review', '2020-4-15'),
('Elliott_S29', '1341', 'review', '2020-9-14'),
('River_H84', '1341', 'review', '2020-1-2'),
('Bobbie_H94', '2976', 'review', '2020-9-14'),
('Gabriel_R69', '2976', 'review', '2020-1-2'),
('River_H84', '2976', 'hired', '2020-5-9'),
('Ainsley_L23', '2976', 'review', '2020-4-15'),
('Blaine_L04', '2976', 'review', '2020-2-10'),
('Logan_J20', '2976', 'accepted', '2020-10-9'),
('Blake_M88', '1284', 'review', '2020-9-14'),
('Jules_C10', '1284', 'review', '2020-1-2'),
('Hunter_J00', '1004', 'review', '2020-9-14'),
('Bay_W28', '1004', 'review', '2020-1-2'),
('Gray_M34', '1004', 'hired', '2020-5-9'),
('Dakota_T77', '1197', 'review', '2020-9-14'),
('Harper_B65', '1197', 'review', '2020-1-2'),
('Daryl_C82', '1197', 'hired', '2020-5-9'),
('Pat_B40', '1197', 'review', '2020-4-15'),
('Harper_B65', '2709', 'review', '2020-9-14'),
('Bay_W28', '2412', 'review', '2020-9-14'),
('Chris_C45', '2412', 'review', '2020-1-2'),
('Ryan_D03', '1777', 'review', '2020-9-14'),
('Rudy_R14', '1777', 'review', '2020-1-2'),
('Daryl_C82', '2648', 'review', '2020-9-14'),
('Devin_P82', '2063', 'review', '2020-9-14'),
('Bay_W28', '2063', 'review', '2020-1-2'),
('Ari_H76', '2521', 'review', '2020-9-14'),
('Harper_B65', '2521', 'review', '2020-1-2'),
('Aubrey_H92', '2521', 'hired', '2020-5-9'),
('Ryan_D03', '2521', 'review', '2020-4-15'),
('Addison_M87', '2521', 'review', '2020-2-10'),
('Ray_S94', '2761', 'review', '2020-9-14'),
('Gray_M34', '2761', 'review', '2020-1-2'),
('Logan_J20', '2761', 'hired', '2020-5-9'),
('Devin_P82', '2726', 'review', '2020-9-14'),
('Tyler_R74', '2726', 'review', '2020-1-2'),
('Frances_M41', '2726', 'hired', '2020-5-9'),
('Logan_J20', '1684', 'review', '2020-9-14'),
('Phoenix_T77', '1684', 'review', '2020-1-2'),
('Phoenix_T77', '1479', 'review', '2020-9-14'),
('Dakota_T77', '1479', 'review', '2020-1-2'),
('Peyton_K68', '1461', 'review', '2020-9-14'),
('Bobbie_H94', '1461', 'review', '2020-1-2'),
('Carroll_G33', '1461', 'hired', '2020-5-9'),
('Brett_S54', '1461', 'review', '2020-4-15'),
('Peyton_K68', '2191', 'review', '2020-9-14'),
('Jamie_B96', '2930', 'review', '2020-9-14'),
('Julian_H82', '2766', 'review', '2020-9-14'),
('Bobbie_H94', '2766', 'review', '2020-1-2'),
('River_W46', '1613', 'review', '2020-9-14'),
('Jordan_M39', '1166', 'review', '2020-9-14'),
('Dorian_E00', '1305', 'review', '2020-9-14'),
('Eddie_C45', '1305', 'review', '2020-1-2'),
('Reed_P10', '1305', 'hired', '2020-5-9'),
('Jordan_M39', '1305', 'review', '2020-4-15'),
('Hayden_M19', '2928', 'review', '2020-9-14'),
('Jordan_R00', '2928', 'review', '2020-1-2'),
('Pat_B40', '2035', 'review', '2020-9-14'),
('Aubrey_H92', '2035', 'review', '2020-1-2'),
('River_W46', '2606', 'review', '2020-9-14'),
('Aubrey_H92', '2606', 'review', '2020-1-2'),
('Jamie_B96', '2606', 'hired', '2020-5-9'),
('Campbell_B09', '2606', 'review', '2020-4-15'),
('Gabriel_R69', '2222', 'review', '2020-9-14'),
('Lake_G65', '2079', 'review', '2020-9-14'),
('Cameron_W04', '2079', 'review', '2020-1-2'),
('Peyton_K68', '2079', 'hired', '2020-5-9'),
('Kelly_T30', '2079', 'review', '2020-4-15'),
('Dale_P10', '2405', 'review', '2020-9-14'),
('Gray_M34', '2405', 'review', '2020-1-2'),
('Morgan_W72', '2405', 'hired', '2020-5-9'),
('Alex_G14', '1716', 'review', '2020-9-14'),
('Carroll_G33', '1716', 'review', '2020-1-2'),
('Hunter_J00', '2231', 'review', '2020-9-14'),
('Riley_J20', '2231', 'review', '2020-1-2'),
('Roan_B06', '1388', 'review', '2020-9-14'),
('Amari_W09', '2163', 'review', '2020-9-14'),
('Avery_S23', '2163', 'review', '2020-1-2'),
('Alex_G14', '2808', 'review', '2020-9-14'),
('Hunter_J00', '1415', 'review', '2020-9-14'),
('Jean_R28', '1708', 'review', '2020-9-14'),
('Kelly_T30', '2528', 'review', '2020-9-14'),
('Dale_P10', '1942', 'review', '2020-9-14'),
('Avery_S23', '1942', 'review', '2020-1-2'),
('Logan_J20', '1942', 'hired', '2020-5-9'),
('Eddie_C45', '1588', 'review', '2020-9-14'),
('Charlie_N94', '1588', 'review', '2020-1-2'),
('Corey_P90', '1722', 'review', '2020-9-14'),
('Harper_B65', '1722', 'review', '2020-1-2');

INSERT INTO EmployerCC(EmployerUserName, CCNumber)
VALUES ('Ryan_H04', '4360039134940241'),
('Sage_C50', '9872704821084603'),
('Sam_J61', '0774047730831489'),
('Shawn_P47', '9089450359228663'),
('Sean_P90', '6542885245057715'),
('Stevie_L20', '0224828067521531'),
('Tanner_P23', '0164252145812743'),
('Taylor_H27', '3816186436532969'),
('Toby_F94', '6388802089067072'),
('Tyler_W66', '9850062146978182'),
('Val_B35', '8884988974352917'),
('West_S54', '3227642914805549'),
('Winter_F39', '5073451169926177'),
('Landry_G35', '8422033895873108'),
('Azariah_B29', '1956535207740079'),
('Oakley_A10', '1003433946788758'),
('Lennon_R77', '0947068509927593'),
('Charlie_G36', '2878760248704066'),
('Skyler_D84', '7138538135246778'),
('Dakota_H19', '6625771870355011'),
('Armani_M75', '9904030659915172'),
('Phoenix_F77', '0434865734595622'),
('Justice_H15', '4604931196843349'),
('Casey_G98', '1217985407649942'),
('Emory_S05', '4423441946027111'),
('Remy_W76', '1898646441184357'),
('Emerson_W39', '9318483239290904'),
('Amari_C99', '4921643632356384'),
('Hayden_W74', '7987112696764833'),
('River_J05', '7974965552120806'),
('Milan_O43', '6948768436611413'),
('Tatum_R96', '2999221346194664'),
('Jessie_F46', '7439473038040289'),
('Finley_E02', '5679811444702010'),
('Riley_H59', '3897239917587165'),
('Rowan_G61', '2798025702447262'),
('Sage_M23', '1337114210443695'),
('Jamie_C88', '6861044560919097'),
('Rory_M87', '5286235146094880'),
('Harley_O29', '4725183477624009'),
('Leighton_G98', '7788405264625962'),
('Peyton_M79', '6154818375113674'),
('Dallas_F71', '5764545813418980'),
('Remington_W74', '5329981843219441'),
('Quinn_W53', '1683911568987929'),
('Alexis_S42', '6077110305116812'),
('Sawyer_S04', '8315669543248904'),
('Kamryn_T28', '2871273022892500'),
('Parker_P05', '1906128114116323'),
('Avery_H57', '9168503247865632'),
('Eden_H72', '3670779944036437'),
('Lyric_C78', '0793919673739179'),
('Elliot_H26', '2402887906124852'),
('Elliott_B31', '2864688429544236'),
('Reese_M82', '5454710690341860'),
('Zion_M88', '6547867433347285'),
('Rylan_K04', '5468228034756957'),
('Jordan_W02', '5848752413306912'),
('Angel_D17', '3347391632049933'),
('Taylor_R15', '8276370746523940');

INSERT INTO EmployerPAD(EmployerUserName, AccountNumber)
VALUES ('Ryan_H04', '9982789'),
('Sage_C50', '0055059'),
('Sam_J61', '7720831'),
('Shawn_P47', '9931175'),
('Sean_P90', '7637654'),
('Stevie_L20', '1803132'),
('Tanner_P23', '0693732'),
('Taylor_H27', '1793827'),
('Toby_F94', '1090203'),
('Tyler_W66', '2197123'),
('Val_B35', '2711300'),
('West_S54', '7931667'),
('Winter_F39', '0169658'),
('Landry_G35', '9204535'),
('Azariah_B29', '7568617'),
('Oakley_A10', '3237806'),
('Lennon_R77', '7155513'),
('Charlie_G36', '2328317'),
('Skyler_D84', '5602815'),
('Dakota_H19', '2634581'),
('Armani_M75', '8670011'),
('Phoenix_F77', '5169245'),
('Justice_H15', '4384230'),
('Casey_G98', '4032801'),
('Emory_S05', '3233243'),
('Remy_W76', '6897479'),
('Emerson_W39', '5641455'),
('Amari_C99', '3271813'),
('Hayden_W74', '7538691'),
('River_J05', '5478163'),
('Milan_O43', '7065512'),
('Tatum_R96', '9379426'),
('Jessie_F46', '7996600'),
('Finley_E02', '7632884'),
('Riley_H59', '1468303'),
('Rowan_G61', '6569474'),
('Sage_M23', '3849223'),
('Jamie_C88', '5895870'),
('Rory_M87', '4751412'),
('Harley_O29', '9905084'),
('Leighton_G98', '9042122'),
('Peyton_M79', '9376510'),
('Dallas_F71', '3084086'),
('Remington_W74', '9696461'),
('Quinn_W53', '9242450'),
('Alexis_S42', '4644737'),
('Sawyer_S04', '0783467'),
('Kamryn_T28', '6993572'),
('Parker_P05', '8500513'),
('Avery_H57', '5870807'),
('Eden_H72', '9240568'),
('Lyric_C78', '7751438'),
('Elliot_H26', '3505501'),
('Elliott_B31', '3793202'),
('Reese_M82', '6093474'),
('Zion_M88', '0364520'),
('Rylan_K04', '8497521'),
('Jordan_W02', '2852194'),
('Angel_D17', '1485382'),
('Taylor_R15', '9872599');

INSERT INTO ApplicantCC(ApplicantUserName, CCNumber)
VALUES ('Avery_S23', '2585744144915338'),
('Riley_J20', '1867903637314690'),
('Peyton_W01', '7840137419586825'),
('Logan_J20', '9308634217873367'),
('Taylor_B93', '2938616691178457'),
('Ryan_D03', '2896621070915713'),
('Jordan_M39', '9472154138582616'),
('Cameron_W04', '6435684994352528'),
('Blake_M88', '1850658014065723'),
('Skylar_T04', '5597294336068188'),
('Emerson_A12', '9197134162522359'),
('Phoenix_T77', '8676687408705613'),
('Hunter_J00', '0259909142419018'),
('Amari_W09', '4979320640893242'),
('River_H84', '1929691100330926'),
('Casey_M74', '7616071326617542'),
('Tatum_T56', '6989408370297929'),
('Alex_G14', '9131993430500748'),
('Addison_M87', '9490517067668466'),
('Tyler_R74', '8251964242840802'),
('Addison_C73', '1412506779691887'),
('Adrian_R27', '5458418054204693'),
('Ainsley_L23', '5425702493558963'),
('Alex_L03', '4031638118559537'),
('Andy_W93', '5594265082388303'),
('Ari_H76', '0642786703936969'),
('Ash_A33', '9388921211406267'),
('Aspen_Y40', '5862464731203895'),
('Aubrey_H92', '8896219760936115'),
('Bailey_K84', '0289653094225487'),
('Bay_W28', '8608380300650614'),
('Blaine_L04', '4479264858769398'),
('Bobbie_H94', '2824287403398698'),
('Brett_S54', '0438927550323469'),
('Brook_G38', '0239742891954026'),
('Caelan_A31', '5395431322563330'),
('Campbell_B09', '0493952085747616'),
('Carroll_G33', '3499935359033534'),
('Charlie_N94', '3708632267093031'),
('Chris_C45', '8060244208899089'),
('Clay_M03', '4322877821980297'),
('Corey_P90', '8271340854271362'),
('Dana_R67', '0176278529445071'),
('Dakota_T77', '5608173768227984'),
('Dale_P10', '1797846234869836'),
('Daryl_C82', '3807488008271002'),
('Devin_P82', '0863715634039403'),
('Dorian_E00', '8320140963035279'),
('Drew_E73', '8421982493501757'),
('Eddie_C45', '0775156371692322'),
('Eli_S36', '6035745410750850'),
('Elliott_S29', '3393930415955962'),
('Frances_M41', '3567424714055294'),
('Frankie_R91', '0990694293874430'),
('Gabriel_R69', '1343039306988755'),
('Glenn_C03', '8446562536930304'),
('Gray_M34', '7823663677392565'),
('Harper_B65', '6909233284247210'),
('Hayden_M19', '1130480501043364'),
('Jamie_B96', '5941107636564612'),
('Jean_R28', '0819452183766166'),
('Jesse_C29', '5357444449609033'),
('Jordan_R00', '0094921573509185'),
('Jules_C10', '0383095622328627'),
('Julian_H82', '4943337636572138'),
('Kaden_W43', '0696118309405148'),
('Kelly_T30', '8517323298522337'),
('Kennedy_P56', '3109361292731299'),
('Lake_G65', '5581979768580636'),
('Logan_R33', '5816414366548909'),
('Max_J41', '6119274092048196'),
('Morgan_W72', '5954229015236568'),
('Pat_B40', '4259054736071017'),
('Peyton_K68', '9292776087082711'),
('Ray_S94', '2365328277463411'),
('Reed_P10', '2995315123862354'),
('Riley_B91', '9842760127074245'),
('River_W46', '6542751426939833'),
('Roan_B06', '6624357621712776'),
('Rudy_R14', '3679854632393206');

INSERT INTO ApplicantPAD(ApplicantUserName, AccountNumber)
VALUES ('Avery_S23', '8177896'),
('Riley_J20', '7974717'),
('Peyton_W01', '0491965'),
('Logan_J20', '5479126'),
('Taylor_B93', '4426918'),
('Ryan_D03', '3550033'),
('Jordan_M39', '6717672'),
('Cameron_W04', '9746621'),
('Blake_M88', '3204801'),
('Skylar_T04', '8865164'),
('Emerson_A12', '3234783'),
('Phoenix_T77', '1149534'),
('Hunter_J00', '6232762'),
('Amari_W09', '5588011'),
('River_H84', '2827331'),
('Casey_M74', '9869489'),
('Tatum_T56', '9100578'),
('Alex_G14', '9863207'),
('Addison_M87', '5286795'),
('Tyler_R74', '3996901'),
('Addison_C73', '6109560'),
('Adrian_R27', '6479137'),
('Ainsley_L23', '6655965'),
('Alex_L03', '3111080'),
('Andy_W93', '2392661'),
('Ari_H76', '2732091'),
('Ash_A33', '0918334'),
('Aspen_Y40', '4275997'),
('Aubrey_H92', '1549996'),
('Bailey_K84', '7372522'),
('Bay_W28', '2555462'),
('Blaine_L04', '8414254'),
('Bobbie_H94', '5715685'),
('Brett_S54', '7908708'),
('Brook_G38', '2586846'),
('Caelan_A31', '8918192'),
('Campbell_B09', '2743327'),
('Carroll_G33', '4798687'),
('Charlie_N94', '0473971'),
('Chris_C45', '4214442'),
('Clay_M03', '3511415'),
('Corey_P90', '1595748'),
('Dana_R67', '2093220'),
('Dakota_T77', '1543368'),
('Dale_P10', '6399449'),
('Daryl_C82', '6601028'),
('Devin_P82', '7418676'),
('Dorian_E00', '6740685'),
('Drew_E73', '7209248'),
('Eddie_C45', '8660254'),
('Eli_S36', '4456441'),
('Elliott_S29', '2455248'),
('Frances_M41', '6107781'),
('Frankie_R91', '8318049'),
('Gabriel_R69', '5396932'),
('Glenn_C03', '6346918'),
('Gray_M34', '8449333'),
('Harper_B65', '1675133'),
('Hayden_M19', '2794263'),
('Jamie_B96', '4599354'),
('Jean_R28', '6958996'),
('Jesse_C29', '4689103'),
('Jordan_R00', '5998522'),
('Jules_C10', '2104037'),
('Julian_H82', '7671196'),
('Kaden_W43', '6270501'),
('Kelly_T30', '6398176'),
('Kennedy_P56', '3492037'),
('Lake_G65', '8267251'),
('Logan_R33', '9443240'),
('Max_J41', '6054868'),
('Morgan_W72', '5965690'),
('Pat_B40', '8875937'),
('Peyton_K68', '8960032'),
('Ray_S94', '8743458'),
('Reed_P10', '7307915'),
('Riley_B91', '2661436'),
('River_W46', '5820918'),
('Roan_B06', '8767704'),
('Rudy_R14', '6902369');